host,service,pool,pid,tid,thread_name,affinity,current_cpu,runtime_sec,wait_sec,elapsed_sec,cpu_pct,runqueue_wait_pct,runnable_pct
adfe100,CampaignManager,bs-grpc,1764,1840,bs-grpc:c21,21,21,10.183129005,231.564153348,600.004630784,1.6971750687480773,38.593727692638836,40.29090276138691
adfe100,CampaignManager,bs-grpc,1764,1841,bs-grpc:c22,22,22,6.009786495,131.648361786,600.004630784,1.0016233519976792,21.941224289216034,22.942847641213714
adfe100,CampaignManager,bs-grpc,1764,1842,bs-grpc:c23,23,23,7.798553742,145.788488658,600.004630784,1.2997489255724524,24.297893912502726,25.59764283807518
adfe100,CampaignManager,bs-grpc,1764,1843,bs-grpc:c24,24,24,8.263738866,142.401473923,600.004630784,1.377279181196007,23.73339581345067,25.110674994646676
adfe100,CampaignManager,bs-grpc-c,1764,1844,bs-grpc-c:c61,61,61,42.106586914,69.960257065,600.004630784,7.017710323165532,11.65995285296148,18.67766317612701
adfe100,CampaignManager,cm-grpc-p,1764,1815,cm-grpc-p:c26,26,26,112.690650526,181.109593493,600.004630784,18.781630131546155,30.184699284129184,48.96632941567533
adfe100,CampaignManager,cm-grpc-p,1764,1816,cm-grpc-p:c27,27,27,78.982252021,229.279319793,600.004630784,13.1636070737983,38.21292503916356,51.37653211296186
adfe100,CampaignManager,cm-grpc-p,1764,1817,cm-grpc-p:c28,28,28,112.7643573,202.716505637,600.004630784,18.793914499069068,33.7858235147484,52.57973801381747
adfe100,CampaignManager,cm-grpc-p,1764,1818,cm-grpc-p:c29,29,29,88.808453613,193.900264249,600.004630784,14.801294699502211,32.3164612905802,47.11775599008241
adfe100,CampaignManager,cm-grpc-p,1764,1819,cm-grpc-p:c30,30,30,102.747474155,193.809554265,600.004630784,17.124446859809122,32.3013430765955,49.42578993640463
adfe100,CampaignManager,cm-grpc-p,1764,1820,cm-grpc-p:c31,31,31,89.395181878,183.102073338,600.004630784,14.899081988949185,30.516776695331245,45.41585868428043
adfe100,CampaignManager,cm-grpc-p,1764,1822,cm-grpc-p:c32,32,32,101.999714106,210.388744452,600.004630784,16.999821146833717,35.06452011496881,52.064341261802525
adfe100,CampaignManager,cm-grpc-p,1764,1823,cm-grpc-p:c33,33,33,83.600525795,199.191065906,600.004630784,13.933313428891845,33.19825476108837,47.131568189980214
adfe100,CampaignManager,cm-grpc-p,1764,1829,cm-grpc-p:c34,34,34,92.257071209,212.12493644,600.004630784,15.37605986281334,35.35388321300547,50.72994307581881
adfe100,CampaignManager,cm-grpc-p,1764,1830,cm-grpc-p:c35,35,35,86.14405446,194.386340559,600.004630784,14.35723160126936,32.397473383664355,46.75470498493372
adfe100,CampaignManager,cm-grpc-p,1764,1831,cm-grpc-p:c54,54,54,99.316850704,229.874315495,600.004630784,16.552680697518447,38.312090224142636,54.86477092166109
adfe100,CampaignManager,cm-grpc-p,1764,1832,cm-grpc-p:c55,55,55,106.916424818,208.009899702,600.004630784,17.819266607708837,34.66804904992191,52.48731565763075
adfe100,CampaignManager,cm-grpc-p,1764,1833,cm-grpc-p:c56,56,56,124.079269704,123.556214452,600.004630784,20.679718678482697,20.592543475965254,41.27226215444795
adfe100,CampaignManager,cm-grpc-p,1764,1834,cm-grpc-p:c57,57,57,142.202228075,98.838217811,600.004630784,23.70018842841105,16.47290916435968,40.17309759277073
adfe100,CampaignManager,cm-grpc-p,1764,1835,cm-grpc-p:c58,58,58,123.03370713,168.690131581,600.004630784,20.50545959440966,28.11480494085186,48.620264535261526
adfe100,CampaignManager,cm-grpc-p,1764,1836,cm-grpc-p:c59,59,59,188.380340939,43.808889995,600.004630784,31.39648117262888,7.301425313627467,38.69790648625635
adfe100,CampaignManager,cm-logging,1764,1811,cm-logging:c21,21,21,146.471024343,321.306637771,600.004630784,24.411648982044134,53.55069299234617,77.9623419743903
adfe100,CampaignManager,cm-logging,1764,1812,cm-logging:c22,22,22,148.943713725,265.649494796,600.004630784,24.823760698376898,44.27457408935117,69.09833478772806
adfe100,CampaignManager,cm-logging,1764,1813,cm-logging:c23,23,23,138.046122852,255.897481427,600.004630784,23.007509570654666,42.64925107205087,65.65676064270554
adfe100,CampaignManager,cm-logging,1764,1814,cm-logging:c24,24,24,127.017880452,258.658592823,600.004630784,21.169483356491973,43.1094327530476,64.27891610953958
adfe100,CampaignManager,event_engine,1764,1784,event_engin:c54,54,54,10.66138296,252.684906911,600.004630784,1.7768834460609468,42.11382611844639,43.89070956450733
adfe100,CampaignManager,event_engine,1764,1785,event_engin:c55,55,55,10.236041102,240.408403421,600.004630784,1.705993683519577,40.0677579949456,41.773751678465175
adfe100,CampaignManager,event_engine,1764,1786,event_engin:c56,56,56,11.071392144,157.144629123,600.004630784,1.8452177826583593,26.190569382383924,28.03578716504228
adfe100,CampaignManager,event_engine,1764,1787,event_engin:c57,57,57,13.300443255,147.105841255,600.004630784,2.21672343388765,24.51745098413377,26.73417441802142
adfe100,CampaignManager,event_engine,1764,1788,event_engin:c58,58,58,11.69872563,210.285253501,600.004630784,1.9497725567074013,35.04727175625784,36.99704431296525
adfe100,CampaignManager,event_engine,1764,1790,event_engin:c59,59,59,14.018668519,119.563174194,600.004630784,2.336426720687541,19.927041902621983,22.263468623309524
adfe100,CampaignManager,event_engine,1764,1792,event_engin:c60,60,60,13.688488757,78.689798783,600.004630784,2.281397185070696,13.114865243653112,15.396262428723809
adfe100,CampaignManager,event_engine,1764,1799,event_engin:c61,61,61,13.443643275,56.695356008,600.004630784,2.240589919686749,9.449153073021893,11.689742992708641
adfe100,CampaignManager,event_engine,1764,1800,event_engin:c62,62,62,14.950331486,94.729601754,600.004630784,2.491702683438468,15.788145106517085,18.279847789955554
adfe100,CampaignManager,event_engine,1764,1802,event_engin:c63,63,63,14.873078333,97.590953048,600.004630784,2.4788272573106633,16.265033308239996,18.74386056555066
adfe100,CampaignManager,event_engine,1764,1803,event_engin:c64,64,64,15.173481477,76.502429107,600.004630784,2.52889406156307,12.750306444641534,15.279200506204605
adfe100,CampaignManager,event_engine,1764,1804,event_engin:c65,65,65,15.489004377,74.21909852,600.004630784,2.581480805699981,12.36975428389963,14.951235089599614
adfe100,CampaignManager,event_engine,1764,1805,event_engin:c66,66,66,14.323899809,70.892481718,600.004630784,2.387298209729412,11.815322429323233,14.202620639052643
adfe100,CampaignManager,event_engine,1764,1806,event_engin:c67,67,67,16.117686927,63.768632622,600.004630784,2.6862604220136963,10.628023410198734,13.314283832212432
adfe100,CampaignManager,event_engine,1764,1807,event_engin:c68,68,68,15.353459994,49.682365561,600.004630784,2.558890249553291,8.280330352797813,10.839220602351103
adfe100,CampaignManager,event_engine,1764,1808,event_engin:c69,69,69,16.563119422,44.633119859,600.004630784,2.760498598212099,7.438795897404965,10.199294495617064
adfe100,CampaignManager,fast-scheduler,1764,1810,fast-schedu:c21,21,21,0.0,0.0,600.004630784,0.0,0.0,0.0
adfe100,CampaignManager,grpc-server,1764,1848,grpc-server:c25,25,25,20.463574669,97.924914709,600.004630784,3.4105694554825576,16.320693155492112,19.731262610974667
adfe100,CampaignManager,grpc-server,1764,1849,grpc-server:c26,26,26,22.035391031,96.068605359,600.004630784,3.6725368272920345,16.01131065163136,19.683847478923393
adfe100,CampaignManager,grpc-server,1764,1850,grpc-server:c27,27,27,23.441252757,126.538391156,600.004630784,3.9068453065721065,21.08956909060148,24.996414397173584
adfe100,CampaignManager,grpc-server,1764,1851,grpc-server:c28,28,28,22.821381117,114.048833428,600.004630784,3.80353416392475,19.007992201489735,22.811526365414487
adfe100,CampaignManager,grpc-server,1764,1852,grpc-server:c29,29,29,3.876024984,73.31211282,600.004630784,0.6459991781955693,12.2185911672392,12.86459034543477
adfe100,CampaignManager,grpc-server,1764,1853,grpc-server:c30,30,30,3.816270403,71.985426426,600.004630784,0.6360401582256866,11.997478474781065,12.633518633006751
adfe100,CampaignManager,grpc-server,1764,1854,grpc-server:c31,31,31,3.898545186,57.877450085,600.004630784,0.6497525162274065,9.646167231971868,10.295919748199275
adfe100,CampaignManager,grpc-server,1764,1855,grpc-server:c32,32,32,3.770327598,70.865301007,600.004630784,0.6283830831561211,11.810792345786297,12.439175428942416
adfe100,CampaignManager,grpc-server,1764,1856,grpc-server:c33,33,33,21.302724791,97.65730435,600.004630784,3.5504267297345113,16.27609177322439,19.8265185029589
adfe100,CampaignManager,grpc-server,1764,1857,grpc-server:c34,34,34,22.00328406,105.53479702,600.004630784,3.6671857067585067,17.588997085256203,21.256182792014712
adfe100,CampaignManager,grpc-server,1764,1858,grpc-server:c35,35,35,22.573607447,102.280402536,600.004630784,3.7622388709740537,17.046602190778867,20.808841061752922
adfe100,CampaignManager,grpc-server,1764,1860,grpc-server:c54,54,54,26.288678448,132.077282415,600.004630784,4.38141259237445,22.012710508987297,26.39412310136175
adfe100,CampaignManager,grpc-server,1764,1861,grpc-server:c55,55,55,13.449028376,109.785439286,600.004630784,2.241487429593125,18.297431995241126,20.53891942483425
adfe100,CampaignManager,grpc-server,1764,1862,grpc-server:c56,56,56,12.618451388,63.124640351,600.004630784,2.103058999980053,10.520692193411536,12.62375119339159
adfe100,CampaignManager,grpc-server,1764,1863,grpc-server:c57,57,57,12.938423459,54.385554501,600.004630784,2.156387266893911,9.064189126330035,11.220576393223945
adfe100,CampaignManager,grpc-server,1764,1864,grpc-server:c58,58,58,13.796790344,94.867825441,600.004630784,2.2994473102603115,15.811182209884002,18.110629520144315
adfe100,CampaignManager,grpc_global,1764,1783,grpc_global:c26,26,26,0.031736633,1.125810764,600.004630784,0.005289398009900544,0.18763367918160098,0.1929230771915015
adfe100,CampaignManager,grpcpp_sync,1764,1847,grpcpp_sync:c65,65,65,0.002935391,0.045081228,600.004630784,0.0004892280574842318,0.007513480011161634,0.008002708068645866
adfe100,CampaignManager,http-server,1764,1865,http-server:c55,55,55,0.0,0.0,600.004630784,0.0,0.0,0.0
adfe100,CampaignManager,http-server,1764,1866,http-server:c56,56,56,0.0,0.0,600.004630784,0.0,0.0,0.0
adfe100,CampaignManager,http-server,1764,1867,http-server:c57,57,57,0.0,0.0,600.004630784,0.0,0.0,0.0
adfe100,CampaignManager,http-server,1764,1868,http-server:c58,58,58,8.6586e-05,0.003934151,600.004630784,1.4430888622786433e-05,0.0006556867727603061,0.0006701176613830926
adfe100,CampaignManager,jemalloc_bg,1764,1782,jemalloc_bg:c64,64,64,2.989044663,0.862316284,600.004630784,0.49817026563517436,0.14371827145288008,0.6418885370880544
adfe100,CampaignManager,jemalloc_bg,1764,1789,jemalloc_bg:c65,65,65,4.929161966,0.654700695,600.004630784,0.8215206538588341,0.10911594034608217,0.9306365942049163
adfe100,CampaignManager,jemalloc_bg,1764,1797,jemalloc_bg:c66,66,66,3.819209913,1.081768486,600.004630784,0.6365300727778724,0.1802933561673516,0.816823428945224
adfe100,CampaignManager,jemalloc_bg,1764,1801,jemalloc_bg:c67,67,67,2.93668832,0.525786448,600.004630784,0.48944427581546446,0.08763039833758911,0.5770746741530535
adfe100,CampaignManager,lifeguard,1764,1809,lifeguard:c34,34,34,0.03863461,1.802080842,600.004630784,0.006439051970235268,0.3003444889492435,0.30678354091947874
adfe100,CampaignManager,task-runner,1764,1837,task-runner:c21,21,21,272.925626963,185.667148217,600.004630784,45.487253424424395,30.944285875660125,76.43153930008452
adfe100,CampaignManager,task-runner,1764,1838,task-runner:c22,22,22,7.513913763,13.42907772,600.004630784,1.2523092952102546,2.2381623459226985,3.490471641132953
adfe100,CampaignManager,task-runner,1764,1845,task-runner:c23,23,23,0.549984731,9.741554414,600.004630784,0.09166341437754552,1.6235798715871799,1.7152432859647255
adfe100,CampaignManager,task-runner,1764,3869,task-runner:c24,24,24,0.00539905,0.015339084,600.004630784,0.0008998347217662796,0.0025564942690454047,0.0034563289908116843
adfe100,CampaignManager,task-runner,1764,4494,task-runner:c25,25,25,0.006645408,0.024591731,600.004630784,0.0011075594518856853,0.004098590200523462,0.005206149652409147
adfe100,ChannelServer,cs-grpc-p,17280,17303,cs-grpc-p:c22,22,22,226.462983939,187.556495588,600.004630784,37.74353935286977,31.25917467385678,69.00271402672655
adfe100,ChannelServer,cs-grpc-p,17280,17304,cs-grpc-p:c27,27,27,271.519034162,134.442268692,600.004630784,45.25282310025139,22.406871846360605,67.65969494661199
adfe100,ChannelServer,cs-grpc-p,17280,17305,cs-grpc-p:c23,23,23,224.651039729,168.336805254,600.004630784,37.4415509819413,28.05591767417555,65.49746865611684
adfe100,ChannelServer,cs-grpc-p,17280,17306,cs-grpc-p:c24,24,24,200.718796233,180.609928756,600.004630784,33.45287451710655,30.101422470690743,63.5542969877973
adfe100,ChannelServer,cs-grpc-p,17280,17307,cs-grpc-p:c55,55,55,213.888178128,178.992053623,600.004630784,35.64775455958092,29.831778696294204,65.47953325587513
adfe100,ChannelServer,cs-grpc-p,17280,17308,cs-grpc-p:c26,26,26,212.669963574,152.062780781,600.004630784,35.4447203675934,25.343601195595134,60.78832156318853
adfe100,ChannelServer,cs-grpc-p,17280,17309,cs-grpc-p:c28,28,28,233.193237347,158.579112099,600.004630784,38.86523959695053,26.42964803318127,65.2948876301318
adfe100,ChannelServer,cs-grpc-p,17280,17310,cs-grpc-p:c29,29,29,245.518027939,130.624419084,600.004630784,40.919355508672034,21.77056848933295,62.68992399800498
adfe100,ChannelServer,cs-grpc-p,17280,17311,cs-grpc-p:c30,30,30,237.647639766,140.120615399,600.004630784,39.607634270334906,23.353255660028903,62.960889930363805
adfe100,ChannelServer,cs-grpc-p,17280,17312,cs-grpc-p:c31,31,31,164.676359968,208.852267682,600.004630784,27.445848168342394,34.80844262970134,62.25429079804373
adfe100,ChannelServer,cs-grpc-p,17280,17313,cs-grpc-p:c32,32,32,184.805718955,227.206513437,600.004630784,30.800715440066252,37.86745997945368,68.66817541951993
adfe100,ChannelServer,cs-grpc-p,17280,17314,cs-grpc-p:c33,33,33,167.397897547,230.602313258,600.004630784,27.899434264077,38.43342224820531,66.33285651228232
adfe100,ChannelServer,cs-grpc-p,17280,17315,cs-grpc-p:c34,34,34,138.598856521,258.969100899,600.004630784,23.099631137829537,43.161183699635174,66.26081483746471
adfe100,ChannelServer,cs-grpc-p,17280,17316,cs-grpc-p:c35,35,35,188.505150836,178.927143949,600.004630784,31.417282661583545,29.820960500788747,61.2382431623723
adfe100,ChannelServer,cs-grpc-p,17280,17317,cs-grpc-p:c54,54,54,177.995752321,237.263647264,600.004630784,29.66572976085546,39.54363601393841,69.20936577479387
adfe100,ChannelServer,cs-grpc-p,17280,17318,cs-grpc-p:c25,25,25,266.744350749,88.689433235,600.004630784,44.45704867318386,14.781458122933712,59.238506796117576
adfe100,ChannelServer,event_engine,17280,17320,event_engin:c59,59,59,11.248144946,107.64835431,600.004630784,1.874676355631212,17.94125391488072,19.81593027051193
adfe100,ChannelServer,event_engine,17280,17321,event_engin:c60,60,60,11.751547513,85.13934386,600.004630784,1.9585761359282783,14.18978112698099,16.14835726290927
adfe100,ChannelServer,event_engine,17280,17322,event_engin:c61,61,61,10.195918326,60.559989482,600.004630784,1.6993066057969313,10.093253680870578,11.79256028666751
adfe100,ChannelServer,event_engine,17280,17323,event_engin:c62,62,62,11.267300511,86.052001741,600.004630784,1.877868925157712,14.341889599845185,16.2197585250029
adfe100,ChannelServer,event_engine,17280,17325,event_engin:c63,63,63,10.694732894,88.283677815,600.004630784,1.7824417254956277,14.71383274153127,16.496274467026897
adfe100,ChannelServer,event_engine,17280,17326,event_engin:c64,64,64,11.96963652,79.769610509,600.004630784,1.9949240232295866,13.294832475670814,15.2897564989004
adfe100,ChannelServer,event_engine,17280,17327,event_engin:c65,65,65,11.394082259,71.104335778,600.004630784,1.898999053409279,11.850631166811338,13.749630220220618
adfe100,ChannelServer,event_engine,17280,17328,event_engin:c66,66,66,10.5775652,75.778928154,600.004630784,1.7629139272106542,12.629723883127863,14.392637810338515
adfe100,ChannelServer,event_engine,17280,17329,event_engin:c67,67,67,11.43737426,59.061846893,600.004630784,1.9062143312219573,9.843565176459796,11.749779507681755
adfe100,ChannelServer,event_engine,17280,17331,event_engin:c68,68,68,11.678065062,50.02126234,600.004630784,1.9463291552834816,8.33681271336846,10.283141868651942
adfe100,ChannelServer,event_engine,17280,17333,event_engin:c69,69,69,11.28862015,40.6017797,600.004630784,1.881422170900523,6.7669110564942505,8.648333227394774
adfe100,ChannelServer,event_engine,17280,17334,event_engin:c70,70,70,10.912995669,53.973261798,600.004630784,1.8188185739067484,8.995474206169956,10.814292780076705
adfe100,ChannelServer,event_engine,17280,17335,event_engin:c71,71,71,11.42958951,59.913008513,600.004630784,1.9049168829022955,9.985424351594466,11.890341234496761
adfe100,ChannelServer,event_engine,17280,17336,event_engin:c18,18,18,11.178297638,107.92549419,600.004630784,1.8630352274771287,17.987443538390437,19.850478765867567
adfe100,ChannelServer,event_engine,17280,17337,event_engin:c19,19,19,10.397063373,80.089277065,600.004630784,1.7328305215602433,13.348109823810995,15.080940345371237
adfe100,ChannelServer,event_engine,17280,17338,event_engin:c20,20,20,10.748601626,96.015470361,600.004630784,1.7914197782032564,16.002454886979915,17.79387466518317
adfe100,ChannelServer,fast-scheduler,17280,17300,fast-schedu:c28,28,28,0.0,0.0,600.004630784,0.0,0.0,0.0
adfe100,ChannelServer,grpc-server,17280,17341,grpc-server:c29,29,29,11.368735867,99.849656719,600.004630784,1.894774687346157,16.64148101465997,18.536255702006123
adfe100,ChannelServer,grpc-server,17280,17342,grpc-server:c30,30,30,11.870562337,104.97810523,600.004630784,1.9784117868372535,17.496215836339406,19.47462762317666
adfe100,ChannelServer,grpc-server,17280,17343,grpc-server:c31,31,31,11.065603377,80.510639157,600.004630784,1.84425299560456,13.41833629713828,15.26258929274284
adfe100,ChannelServer,grpc-server,17280,17344,grpc-server:c32,32,32,11.784800485,102.139959074,600.004630784,1.96411825515435,17.023195127767288,18.987313382921638
adfe100,ChannelServer,grpc-server,17280,17345,grpc-server:c33,33,33,25.905280692,114.375527687,600.004630784,4.3175134595462525,19.062440824423383,23.379954283969635
adfe100,ChannelServer,grpc-server,17280,17346,grpc-server:c34,34,34,27.003930321,124.46406897,600.004630784,4.500620317832404,20.743851394508106,25.24447171234051
adfe100,ChannelServer,grpc-server,17280,17347,grpc-server:c35,35,35,26.852169566,119.856396693,600.004630784,4.475327053878473,19.97591194194432,24.451238995822795
adfe100,ChannelServer,grpc-server,17280,17348,grpc-server:c54,54,54,31.182181466,154.419652203,600.004630784,5.196990134102065,25.736410067573402,30.933400201675465
adfe100,ChannelServer,grpc-server,17280,17349,grpc-server:c55,55,55,3.530255819,79.897353205,600.004630784,0.5883714287983358,13.316122760686296,13.904494189484632
adfe100,ChannelServer,grpc-server,17280,17350,grpc-server:c56,56,56,3.455877238,46.982337241,600.004630784,0.5759750943062482,7.830329105895436,8.406304200201685
adfe100,ChannelServer,grpc-server,17280,17351,grpc-server:c57,57,57,3.669959856,40.3844491,600.004630784,0.6116552552610507,6.730689569384055,7.342344824645106
adfe100,ChannelServer,grpc-server,17280,17352,grpc-server:c58,58,58,4.036864286,75.001306592,600.004630784,0.6728055216382588,12.500121289730556,13.172926811368816
adfe100,ChannelServer,grpc-server,17280,17353,grpc-server:c59,59,59,11.664683851,56.313556248,600.004630784,1.9440989706626537,9.38552027080483,11.329619241467483
adfe100,ChannelServer,grpc-server,17280,17354,grpc-server:c60,60,60,11.340957584,50.12327841,600.004630784,1.8901450092445558,8.353815260476589,10.243960269721143
adfe100,ChannelServer,grpc-server,17280,17355,grpc-server:c61,61,61,11.180826268,38.35412395,600.004630784,1.8634566625578373,6.3923046560297925,8.25576131858763
adfe100,ChannelServer,grpc-server,17280,17356,grpc-server:c62,62,62,11.509439034,55.75574121,600.004630784,1.9182250341903389,9.29255181533289,11.21077684952323
adfe100,ChannelServer,grpc_global,17280,17319,grpc_global:c29,29,29,0.02547795,1.00095795,600.004630784,0.004246292227229825,0.16682503744880964,0.17107132967603947
adfe100,ChannelServer,grpcpp_sync,17280,17340,grpcpp_sync:c24,24,24,0.002279833,0.057917908,600.004630784,0.0003799692340742506,0.009652910165763418,0.010032879399837668
adfe100,ChannelServer,grpcpp_sync,17280,17622,grpcpp_sync:c25,25,25,0.002647856,0.098346554,600.004630784,0.0004413059273459542,0.016390965828296165,0.016832271755642118
adfe100,ChannelServer,http-server,17280,17357,http-server:c62,62,62,0.0,0.0,600.004630784,0.0,0.0,0.0
adfe100,ChannelServer,http-server,17280,17358,http-server:c63,63,63,9.4467e-05,0.002717878,600.004630784,1.57443784853067e-05,0.00045297617060866127,0.000468720549093968
adfe100,ChannelServer,http-server,17280,17359,http-server:c64,64,64,0.0,0.0,600.004630784,0.0,0.0,0.0
adfe100,ChannelServer,http-server,17280,17360,http-server:c65,65,65,0.0,0.0,600.004630784,0.0,0.0,0.0
adfe100,ChannelServer,jemalloc_bg,17280,17298,jemalloc_bg:c35,35,35,0.729250752,0.632214595,600.004630784,0.1215408539509303,0.10536828593704563,0.2269091398879759
adfe100,ChannelServer,jemalloc_bg,17280,17324,jemalloc_bg:c54,54,54,0.314668404,0.301483181,600.004630784,0.05244432923606547,0.05024680902980116,0.10269113826586662
adfe100,ChannelServer,jemalloc_bg,17280,17330,jemalloc_bg:c55,55,55,0.641400641,0.653940754,600.004630784,0.10689928178752714,0.10898928449027535,0.21588856627780248
adfe100,ChannelServer,jemalloc_bg,17280,17332,jemalloc_bg:c56,56,56,0.20665345,0.19932147,600.004630784,0.03444197584441555,0.03321998860901378,0.06766196445342934
adfe100,ChannelServer,lifeguard,17280,17339,lifeguard:c60,60,60,0.04381877,1.423960174,600.004630784,0.0073030719684186295,0.237324863999695,0.2446279359681136
adfe100,ChannelServer,task-runner,17280,17299,task-runner:c32,32,32,0.0,0.0,600.004630784,0.0,0.0,0.0
adfe100,ChannelServer,task-runner,17280,17301,task-runner:c33,33,33,3.371357327,5.869014169,600.004630784,0.5618885511924789,0.9781614787424581,1.540050029934937
adfe100,FCGIActionServer,bid-request,2089,2998,bid-request:c24,24,24,0.352696244,5.814667919,600.004630784,0.05878225365346716,0.9691038403157366,1.0278860939692036
adfe100,FCGIActionServer,bid-request,2089,2999,bid-request:c42,42,42,0.492525202,3.74646765,600.004630784,0.08208690012216051,0.6244064558476246,0.7064933559697851
adfe100,FCGIActionServer,bid-request,2089,3000,bid-request:c21,21,21,0.434294153,8.000253315,600.004630784,0.07238180019252963,1.3333652616224672,1.4057470618149968
adfe100,FCGIActionServer,bid-request,2089,3002,bid-request:c59,59,59,0.386786802,2.575873316,600.004630784,0.06446396946880267,0.4293089059386455,0.49377287540744824
adfe100,FCGIActionServer,bid-request,2089,3006,bid-request:c65,65,65,0.384198008,2.475274597,600.004630784,0.06403250713215082,0.41254258217401857,0.47657508930616943
adfe100,FCGIActionServer,bid-request,2089,3007,bid-request:c60,60,60,0.388658652,3.171381684,600.004630784,0.06477594206100654,0.528559534591607,0.5933354766526135
adfe100,FCGIActionServer,bid-request,2089,3008,bid-request:c54,54,54,0.428329017,5.712558525,600.004630784,0.07138761853226384,0.9520857393276528,1.0234733578599167
adfe100,FCGIActionServer,bid-request,2089,3009,bid-request:c5,5,5,0.507755052,5.432577368,600.004630784,0.08462518886504901,0.9054225733060571,0.9900477621711062
adfe100,FCGIActionServer,bid-request,2089,3014,bid-request:c69,69,69,0.346248056,1.510954339,600.004630784,0.05770756394789365,0.25182377959745106,0.3095313435453447
adfe100,FCGIActionServer,bid-request,2089,3016,bid-request:c58,58,58,0.397436073,4.45255862,600.004630784,0.06623883427044347,0.742087375922755,0.8083262101931985
adfe100,FCGIActionServer,bid-request,2089,3023,bid-request:c27,27,27,0.349159549,5.998983904,600.004630784,0.058192809036118336,0.9998229340599235,1.0580157430960417
adfe100,FCGIActionServer,bid-request,2089,3032,bid-request:c38,38,38,0.526451223,1.549283165,600.004630784,0.08774119331580975,0.2582118679610221,0.3459530612768318
adfe100,FCGIActionServer,bid-request,2089,3036,bid-request:c34,34,34,0.358462961,4.463611521,600.004630784,0.059743365735629744,0.7439295118718655,0.8036728776074953
adfe100,FCGIActionServer,bid-request,2089,3114,bid-request:c71,71,71,0.362585778,1.886731561,600.004630784,0.06043049659903873,0.3144528332280852,0.3748833298271239
adfe100,FCGIActionServer,bid-request,2089,3119,bid-request:c22,22,22,0.412116875,6.035958443,600.004630784,0.06868561571958283,1.0059853096655396,1.0746709253851225
adfe100,FCGIActionServer,bid-request,2089,3120,bid-request:c4,4,4,0.504382104,4.598674094,600.004630784,0.08406303520373598,0.7664397669716503,0.8505028021753862
adfe100,FCGIActionServer,bid-request,2089,3122,bid-request:c48,48,48,0.491315621,6.080991829,600.004630784,0.08188530484473415,1.0134908160715745,1.0953761209163086
adfe100,FCGIActionServer,bid-request,2089,3125,bid-request:c3,3,3,0.504753048,5.154642219,600.004630784,0.08412485872658368,0.8591004059859759,0.9432252647125596
adfe100,FCGIActionServer,bid-request,2089,3128,bid-request:c47,47,47,0.48554782,3.26179308,600.004630784,0.08092401209729927,0.543627984293714,0.6245519963910132
adfe100,FCGIActionServer,bid-request,2089,3131,bid-request:c33,33,33,0.360186959,4.74497174,600.004630784,0.06003069651801843,0.7908225197862142,0.8508532163042327
adfe100,FCGIActionServer,bid-request,2089,3132,bid-request:c8,8,8,0.524015283,5.417549676,600.004630784,0.08733520644920556,0.902917977303129,0.9902531837523345
adfe100,FCGIActionServer,bid-request,2089,3133,bid-request:c2,2,2,0.471450683,6.043835327,600.004630784,0.07857450739738056,1.0072981135333543,1.085872620930735
adfe100,FCGIActionServer,bid-request,2089,3135,bid-request:c52,52,52,0.483869893,2.702390269,600.004630784,0.08064435975564858,0.45039490203082333,0.5310392617864719
adfe100,FCGIActionServer,bid-request,2089,3157,bid-request:c49,49,49,0.48663876,4.125025427,600.004630784,0.0811058340273358,0.6874989317349115,0.7686047657622472
adfe100,FCGIActionServer,bid-request,2089,3160,bid-request:c31,31,31,0.359377227,4.054673834,600.004630784,0.059895742226258715,0.6757737567294996,0.7356694989557582
adfe100,FCGIActionServer,bid-request,2089,3162,bid-request:c15,15,15,0.474793628,6.352551753,600.004630784,0.07913166059728702,1.0587504540922286,1.1378821146895157
adfe100,FCGIActionServer,bid-request,2089,3163,bid-request:c39,39,39,0.506142186,3.291866141,600.004630784,0.08435637993970913,0.5486401224434987,0.6329965023832078
adfe100,FCGIActionServer,bid-request,2089,3166,bid-request:c56,56,56,0.367939341,3.68834764,600.004630784,0.06132275021264913,0.6147198622751622,0.6760426124878113
adfe100,FCGIActionServer,bid-request,2089,3167,bid-request:c23,23,23,0.366278679,5.773631477,600.004630784,0.06104597534879015,0.96226448610169,1.02331046145048
adfe100,FCGIActionServer,bid-request,2089,3168,bid-request:c14,14,14,0.513443597,6.450394486,600.004630784,0.08557327238109905,1.0750574504019326,1.1606307227830317
adfe100,FCGIActionServer,bid-request,2089,3169,bid-request:c67,67,67,0.374587458,1.850982604,600.004630784,0.06243076116105018,0.30849471971264647,0.37092548087369664
adfe100,FCGIActionServer,bid-request,2089,3170,bid-request:c55,55,55,0.357350205,5.008538089,600.004630784,0.05955790783365555,0.8347499055891553,0.8943078134228108
adfe100,FCGIActionServer,bid-request,2089,3171,bid-request:c70,70,70,0.368646065,2.263888776,600.004630784,0.06144053663690999,0.3773118839169416,0.43875242055385155
adfe100,FCGIActionServer,bid-request,2089,3172,bid-request:c25,25,25,0.353516454,6.686322736,600.004630784,0.05891895426508215,1.1143785219229512,1.1732974761880333
adfe100,FCGIActionServer,bid-request,2089,3173,bid-request:c9,9,9,0.52051134,4.609760069,600.004630784,0.08675122045639388,0.7682874152115504,0.8550386356679442
adfe100,FCGIActionServer,bid-request,2089,3174,bid-request:c17,17,17,0.491072913,4.84282831,600.004630784,0.08184485382360072,0.8071318222447861,0.8889766760683868
adfe100,FCGIActionServer,bid-request,2089,3175,bid-request:c40,40,40,0.510627677,2.703160627,600.004630784,0.08510395600327034,0.4505232940398972,0.5356272500431676
adfe100,FCGIActionServer,bid-request,2089,3176,bid-request:c19,19,19,0.382675322,2.317156948,600.004630784,0.0637787280908107,0.38618984406374857,0.4499685721545593
adfe100,FCGIActionServer,bid-request,2089,3177,bid-request:c1,1,1,0.480560427,4.259040156,600.004630784,0.08009278634601079,0.7098345475158911,0.789927333861902
adfe100,FCGIActionServer,bid-request,2089,3178,bid-request:c13,13,13,0.526059173,6.3612417,600.004630784,0.08767585215344444,1.060198767414185,1.1478746195676295
adfe100,FCGIActionServer,bid-request,2089,3179,bid-request:c63,63,63,0.367623098,4.25078947,600.004630784,0.06127004345277183,0.7084594437955717,0.7697294872483436
adfe100,FCGIActionServer,bid-request,2089,3180,bid-request:c35,35,35,0.354060138,4.745374654,600.004630784,0.059009567565731114,0.7908896716012717,0.8498992391670028
adfe100,FCGIActionServer,bid-request,2089,3181,bid-request:c44,44,44,0.487994772,3.423702274,600.004630784,0.08133183428307185,0.5706126416935144,0.6519444759765862
adfe100,FCGIActionServer,bid-request,2089,3182,bid-request:c64,64,64,0.37918408,3.595219093,600.004630784,0.06319685891499481,0.599198557568178,0.6623954164831728
adfe100,FCGIActionServer,bid-request,2089,3183,bid-request:c50,50,50,0.504285365,3.490894545,600.004630784,0.08404691216150652,0.5818112670961555,0.665858179257662
adfe100,FCGIActionServer,bid-request,2089,3184,bid-request:c10,10,10,0.496191934,5.365918064,600.004630784,0.08269801740557362,0.8943127750511838,0.9770107924567574
adfe100,FCGIActionServer,bid-request,2089,3185,bid-request:c12,12,12,0.528611628,4.970205165,600.004630784,0.08810125803683984,0.8283611342308557,0.9164623922676954
adfe100,FCGIActionServer,bid-request,2089,3186,bid-request:c6,6,6,0.50680843,4.498576958,600.004630784,0.08446741974937351,0.7497570397284943,0.8342244594778678
adfe100,FCGIActionServer,bid-request,2089,3187,bid-request:c68,68,68,0.386415321,1.577813889,600.004630784,0.06440205644664573,0.26296695192807745,0.3273690083747232
adfe100,FCGIActionServer,bid-request,2089,3188,bid-request:c11,11,11,0.504527217,5.882690014,600.004630784,0.08408722051707437,0.9804407686509593,1.0645279891680337
adfe100,FCGIActionServer,bid-request,2089,3189,bid-request:c28,28,28,0.337879463,5.816410485,600.004630784,0.056312809212573506,0.9693942657409075,1.0257070749534811
adfe100,FCGIActionServer,bid-request,2089,3190,bid-request:c61,61,61,0.372575677,3.245666058,600.004630784,0.06209546691550889,0.5409401680382081,0.603035634953717
adfe100,FCGIActionServer,bid-request,2089,3191,bid-request:c66,66,66,0.371074442,3.9221019,600.004630784,0.061845263013242606,0.6536786049259586,0.7155238679392012
adfe100,FCGIActionServer,bid-request,2089,3192,bid-request:c51,51,51,0.495481553,3.976214902,600.004630784,0.08257962148601683,0.6626973689860448,0.7452769904720615
adfe100,FCGIActionServer,bid-request,2089,3193,bid-request:c53,53,53,0.510857096,6.783139963,600.004630784,0.08514219220816432,1.1305146018851164,1.2156567940932808
adfe100,FCGIActionServer,bid-request,2089,3194,bid-request:c0,0,0,0.494683306,2.974033105,600.004630784,0.08244658134615042,0.4956683586114927,0.5781149399576431
adfe100,FCGIActionServer,bid-request,2089,3195,bid-request:c37,37,37,0.523211558,7.859612921,600.004630784,0.0872012533163856,1.309925376864206,1.3971266301805916
adfe100,FCGIActionServer,bid-request,2089,3196,bid-request:c62,62,62,0.388268037,4.659047135,600.004630784,0.06471084006346202,0.7765018628126629,0.8412127028761249
adfe100,FCGIActionServer,bid-request,2089,3197,bid-request:c26,26,26,0.357171329,5.421542357,600.004630784,0.059528095397080476,0.903583419000601,0.9631115143976816
adfe100,FCGIActionServer,bid-request,2089,3198,bid-request:c46,46,46,0.503926086,2.60826206,600.004630784,0.08398703279032058,0.43470698827639,0.5186940210667106
adfe100,FCGIActionServer,bid-request,2089,3199,bid-request:c30,30,30,0.357469401,5.585042093,600.004630784,0.05957777368033148,0.9308331646877905,0.990410938368122
adfe100,FCGIActionServer,bid-request,2089,3200,bid-request:c29,29,29,0.34592463,5.915208658,600.004630784,0.05765366003058932,0.9858605008216109,1.0435141608522003
adfe100,FCGIActionServer,bid-request,2089,3201,bid-request:c57,57,57,0.387983091,2.95668694,600.004630784,0.06466334942999345,0.49277735342419365,0.5574407028541871
adfe100,FCGIActionServer,bid-request,2089,3202,bid-request:c43,43,43,0.490650854,4.195894161,600.004630784,0.08177451119983654,0.6993102962417819,0.7810848074416185
adfe100,FCGIAdServer,bid-request,2093,3110,bid-request:c18,18,18,0.0,0.0,600.004630784,0.0,0.0,0.0
adfe100,FCGIAdServer,bid-request,2093,3111,bid-request:c3,3,3,0.000301527,0.001645073,600.004630784,5.0254112140102614e-05,0.00027417671724474103,0.00032443082938484364
adfe100,FCGIAdServer,bid-request,2093,3112,bid-request:c42,42,42,0.0,0.0,600.004630784,0.0,0.0,0.0
adfe100,FCGIAdServer,bid-request,2093,3113,bid-request:c21,21,21,0.0,0.0,600.004630784,0.0,0.0,0.0
adfe100,FCGIAdServer,bid-request,2093,3115,bid-request:c9,9,9,0.000315114,0.000226339,600.004630784,5.2518594662886886e-05,3.772287552251933e-05,9.024147018540621e-05
adfe100,FCGIAdServer,bid-request,2093,3117,bid-request:c15,15,15,0.000235565,0.0,600.004630784,3.926053032160726e-05,0.0,3.926053032160726e-05
adfe100,FCGIAdServer,bid-request,2093,3124,bid-request:c65,65,65,0.0,0.0,600.004630784,0.0,0.0,0.0
adfe100,FCGIAdServer,bid-request,2093,3127,bid-request:c11,11,11,0.000298183,0.004056144,600.004630784,4.9696783108219886e-05,0.0006760187825050638,0.0007257155656132837
adfe100,FCGIAdServer,bid-request,2093,3129,bid-request:c61,61,61,0.0,0.0,600.004630784,0.0,0.0,0.0
adfe100,FCGIAdServer,bid-request,2093,3130,bid-request:c39,39,39,0.000207603,0.000260104,600.004630784,3.4600232956324716e-05,4.335033208995961e-05,7.795056504628432e-05
adfe100,FCGIAdServer,bid-request,2093,3134,bid-request:c48,48,48,0.0,0.0,600.004630784,0.0,0.0,0.0
adfe100,FCGIAdServer,bid-request,2093,3158,bid-request:c55,55,55,0.000215599,0.000966613,600.004630784,3.593288933758497e-05,0.0001611009232940367,0.00019703381263162168
adfe100,FCGIAdServer,bid-request,2093,3161,bid-request:c8,8,8,0.000291098,0.001469571,600.004630784,4.851595888845639e-05,0.000244926609662958,0.0002934425685514144
adfe100,FCGIAdServer,bid-request,2093,3203,bid-request:c34,34,34,0.000201615,0.000254702,600.004630784,3.3602240658802654e-05,4.24500057053213e-05,7.605224636412395e-05
adfe100,FCGIAdServer,bid-request,2093,3205,bid-request:c49,49,49,0.000298281,0.000875933,600.004630784,4.971311631549396e-05,0.00014598770660410678,0.00019570082291960075
adfe100,FCGIAdServer,bid-request,2093,3206,bid-request:c71,71,71,0.0,0.0,600.004630784,0.0,0.0,0.0
adfe100,FCGIAdServer,bid-request,2093,3211,bid-request:c16,16,16,0.0,0.0,600.004630784,0.0,0.0,0.0
adfe100,FCGIAdServer,bid-request,2093,3213,bid-request:c63,63,63,0.0,0.0,600.004630784,0.0,0.0,0.0
adfe100,FCGIAdServer,bid-request,2093,3215,bid-request:c46,46,46,0.0,0.0,600.004630784,0.0,0.0,0.0
adfe100,FCGIAdServer,bid-request,2093,3216,bid-request:c47,47,47,0.0,0.0,600.004630784,0.0,0.0,0.0
adfe100,FCGIAdServer,bid-request,2093,3222,bid-request:c67,67,67,0.0,0.0,600.004630784,0.0,0.0,0.0
adfe100,FCGIAdServer,bid-request,2093,3224,bid-request:c64,64,64,0.0,0.0,600.004630784,0.0,0.0,0.0
adfe100,FCGIAdServer,bid-request,2093,3229,bid-request:c41,41,41,0.0,0.0,600.004630784,0.0,0.0,0.0
adfe100,FCGIAdServer,bid-request,2093,3242,bid-request:c2,2,2,0.0,0.0,600.004630784,0.0,0.0,0.0
adfe100,FCGIAdServer,bid-request,2093,3244,bid-request:c53,53,53,0.0,0.0,600.004630784,0.0,0.0,0.0
adfe100,FCGIAdServer,bid-request,2093,3257,bid-request:c30,30,30,0.0,0.0,600.004630784,0.0,0.0,0.0
adfe100,FCGIAdServer,bid-request,2093,3266,bid-request:c60,60,60,0.0,0.0,600.004630784,0.0,0.0,0.0
adfe100,FCGIAdServer,bid-request,2093,3285,bid-request:c50,50,50,0.0,0.0,600.004630784,0.0,0.0,0.0
adfe100,FCGIAdServer,bid-request,2093,3294,bid-request:c36,36,36,0.0,0.0,600.004630784,0.0,0.0,0.0
adfe100,FCGIAdServer,bid-request,2093,3296,bid-request:c54,54,54,0.0,0.0,600.004630784,0.0,0.0,0.0
adfe100,FCGIAdServer,bid-request,2093,3313,bid-request:c1,1,1,0.0,0.0,600.004630784,0.0,0.0,0.0
adfe100,FCGIAdServer,bid-request,2093,3314,bid-request:c59,59,59,0.0,0.0,600.004630784,0.0,0.0,0.0
adfe100,FCGIAdServer,bid-request,2093,3317,bid-request:c45,45,45,0.0,0.0,600.004630784,0.0,0.0,0.0
adfe100,FCGIAdServer,bid-request,2093,3320,bid-request:c31,31,31,0.0,0.0,600.004630784,0.0,0.0,0.0
adfe100,FCGIAdServer,bid-request,2093,3322,bid-request:c26,26,26,0.0,0.0,600.004630784,0.0,0.0,0.0
adfe100,FCGIAdServer,bid-request,2093,3326,bid-request:c37,37,37,0.0,0.0,600.004630784,0.0,0.0,0.0
adfe100,FCGIAdServer,bid-request,2093,3329,bid-request:c52,52,52,0.0,0.0,600.004630784,0.0,0.0,0.0
adfe100,FCGIAdServer,bid-request,2093,3331,bid-request:c14,14,14,0.0,0.0,600.004630784,0.0,0.0,0.0
adfe100,FCGIAdServer,bid-request,2093,3332,bid-request:c69,69,69,0.0,0.0,600.004630784,0.0,0.0,0.0
adfe100,FCGIAdServer,bid-request,2093,3333,bid-request:c5,5,5,0.0,0.0,600.004630784,0.0,0.0,0.0
adfe100,FCGIAdServer,bid-request,2093,3334,bid-request:c62,62,62,0.0,0.0,600.004630784,0.0,0.0,0.0
adfe100,FCGIAdServer,bid-request,2093,3335,bid-request:c68,68,68,0.0,0.0,600.004630784,0.0,0.0,0.0
adfe100,FCGIAdServer,bid-request,2093,3336,bid-request:c17,17,17,0.0,0.0,600.004630784,0.0,0.0,0.0
adfe100,FCGIAdServer,bid-request,2093,3337,bid-request:c57,57,57,0.0,0.0,600.004630784,0.0,0.0,0.0
adfe100,FCGIAdServer,bid-request,2093,3339,bid-request:c70,70,70,0.0,0.0,600.004630784,0.0,0.0,0.0
adfe100,FCGIAdServer,bid-request,2093,3340,bid-request:c20,20,20,0.0,0.0,600.004630784,0.0,0.0,0.0
adfe100,FCGIAdServer,bid-request,2093,3341,bid-request:c33,33,33,0.0,0.0,600.004630784,0.0,0.0,0.0
adfe100,FCGIAdServer,bid-request,2093,3342,bid-request:c27,27,27,0.0,0.0,600.004630784,0.0,0.0,0.0
adfe100,FCGIAdServer,bid-request,2093,3344,bid-request:c29,29,29,0.0,0.0,600.004630784,0.0,0.0,0.0
adfe100,FCGIAdServer,bid-request,2093,3345,bid-request:c58,58,58,0.0,0.0,600.004630784,0.0,0.0,0.0
adfe100,FCGIAdServer,bid-request,2093,3346,bid-request:c7,7,7,0.0,0.0,600.004630784,0.0,0.0,0.0
adfe100,FCGIAdServer,bid-request,2093,3347,bid-request:c23,23,23,0.0,0.0,600.004630784,0.0,0.0,0.0
adfe100,FCGIAdServer,bid-request,2093,3349,bid-request:c51,51,51,0.0,0.0,600.004630784,0.0,0.0,0.0
adfe100,FCGIAdServer,bid-request,2093,3351,bid-request:c40,40,40,0.0,0.0,600.004630784,0.0,0.0,0.0
adfe100,FCGIAdServer,bid-request,2093,3353,bid-request:c32,32,32,0.0,0.0,600.004630784,0.0,0.0,0.0
adfe100,FCGIAdServer,bid-request,2093,3354,bid-request:c61,61,61,0.0,0.0,600.004630784,0.0,0.0,0.0
adfe100,FCGIAdServer,bid-request,2093,3356,bid-request:c56,56,56,0.0,0.0,600.004630784,0.0,0.0,0.0
adfe100,FCGIAdServer,bid-request,2093,3358,bid-request:c38,38,38,0.0,0.0,600.004630784,0.0,0.0,0.0
adfe100,FCGIAdServer,bid-request,2093,3359,bid-request:c10,10,10,0.0,0.0,600.004630784,0.0,0.0,0.0
adfe100,FCGIAdServer,bid-request,2093,3360,bid-request:c35,35,35,0.0,0.0,600.004630784,0.0,0.0,0.0
adfe100,FCGIAdServer,bid-request,2093,3361,bid-request:c44,44,44,0.0,0.0,600.004630784,0.0,0.0,0.0
adfe100,FCGIAdServer,bid-request,2093,3362,bid-request:c24,24,24,0.0,0.0,600.004630784,0.0,0.0,0.0
adfe100,FCGIAdServer,bid-request,2093,3363,bid-request:c6,6,6,0.0,0.0,600.004630784,0.0,0.0,0.0
adfe100,FCGIAdServer,bid-request,2093,3364,bid-request:c43,43,43,0.0,0.0,600.004630784,0.0,0.0,0.0
adfe100,FCGIAdServer,bid-request,2093,3365,bid-request:c28,28,28,0.0,0.0,600.004630784,0.0,0.0,0.0
adfe100,FCGIAdServer,bid-request,2093,3366,bid-request:c66,66,66,0.0,0.0,600.004630784,0.0,0.0,0.0
adfe100,FCGIAdServer,bid-request,2093,3367,bid-request:c4,4,4,0.0,0.0,600.004630784,0.0,0.0,0.0
adfe100,FCGIAdServer,bid-request,2093,3368,bid-request:c19,19,19,0.0,0.0,600.004630784,0.0,0.0,0.0
adfe100,FCGIAdServer,bid-request,2093,3369,bid-request:c22,22,22,0.0,0.0,600.004630784,0.0,0.0,0.0
adfe100,FCGIAdServer,bid-request,2093,3370,bid-request:c25,25,25,0.0,0.0,600.004630784,0.0,0.0,0.0
adfe100,FCGIAdServer,bid-request,2093,3371,bid-request:c12,12,12,0.0,0.0,600.004630784,0.0,0.0,0.0
adfe100,FCGIAdServer,bid-request,2093,3372,bid-request:c13,13,13,0.0,0.0,600.004630784,0.0,0.0,0.0
adfe100,FCGIAdServer,bid-request,2093,3373,bid-request:c0,0,0,0.0,0.0,600.004630784,0.0,0.0,0.0
adfe100,FCGIAdServer,bid-request,2093,3374,bid-request:c21,21,21,0.0,0.0,600.004630784,0.0,0.0,0.0
adfe100,FCGIAdServer,bid-request,2093,3375,bid-request:c18,18,18,0.0,0.0,600.004630784,0.0,0.0,0.0
adfe100,FCGIAdServer,bid-request,2093,3376,bid-request:c3,3,3,0.0,0.0,600.004630784,0.0,0.0,0.0
adfe100,FCGIAdServer,bid-request,2093,3377,bid-request:c42,42,42,0.0,0.0,600.004630784,0.0,0.0,0.0
adfe100,FCGIAdServer,bid-request,2093,3378,bid-request:c9,9,9,0.0,0.0,600.004630784,0.0,0.0,0.0
adfe100,FCGIAdServer,bid-request,2093,3379,bid-request:c15,15,15,0.0,0.0,600.004630784,0.0,0.0,0.0
adfe100,FCGIAdServer,bid-request,2093,3380,bid-request:c65,65,65,0.0,0.0,600.004630784,0.0,0.0,0.0
adfe100,FCGIAdServer,bid-request,2093,3381,bid-request:c11,11,11,0.0,0.0,600.004630784,0.0,0.0,0.0
adfe100,FCGIAdServer,bid-request,2093,3383,bid-request:c48,48,48,0.0,0.0,600.004630784,0.0,0.0,0.0
adfe100,FCGIAdServer,bid-request,2093,3385,bid-request:c39,39,39,0.0,0.0,600.004630784,0.0,0.0,0.0
adfe100,FCGIAdServer,bid-request,2093,3387,bid-request:c55,55,55,0.0,0.0,600.004630784,0.0,0.0,0.0
adfe100,FCGIAdServer,bid-request,2093,3388,bid-request:c8,8,8,0.0,0.0,600.004630784,0.0,0.0,0.0
adfe100,FCGIAdServer,bid-request,2093,3390,bid-request:c34,34,34,0.0,0.0,600.004630784,0.0,0.0,0.0
adfe100,FCGIAdServer,bid-request,2093,3392,bid-request:c49,49,49,0.0,0.0,600.004630784,0.0,0.0,0.0
adfe100,FCGIAdServer,bid-request,2093,3393,bid-request:c71,71,71,0.0,0.0,600.004630784,0.0,0.0,0.0
adfe100,FCGIAdServer,bid-request,2093,3394,bid-request:c16,16,16,0.0,0.0,600.004630784,0.0,0.0,0.0
adfe100,FCGIAdServer,bid-request,2093,3396,bid-request:c63,63,63,0.0,0.0,600.004630784,0.0,0.0,0.0
adfe100,FCGIAdServer,bid-request,2093,3397,bid-request:c46,46,46,0.0,0.0,600.004630784,0.0,0.0,0.0
adfe100,FCGIAdServer,bid-request,2093,3398,bid-request:c47,47,47,0.0,0.0,600.004630784,0.0,0.0,0.0
adfe100,FCGIAdServer,bid-request,2093,3399,bid-request:c67,67,67,0.0,0.0,600.004630784,0.0,0.0,0.0
adfe100,FCGIAdServer,bid-request,2093,3400,bid-request:c64,64,64,0.0,0.0,600.004630784,0.0,0.0,0.0
adfe100,FCGIAdServer,bid-request,2093,3401,bid-request:c41,41,41,0.0,0.0,600.004630784,0.0,0.0,0.0
adfe100,FCGIAdServer,bid-request,2093,3402,bid-request:c2,2,2,0.0,0.0,600.004630784,0.0,0.0,0.0
adfe100,FCGIAdServer,bid-request,2093,3403,bid-request:c53,53,53,0.0,0.0,600.004630784,0.0,0.0,0.0
adfe100,FCGIAdServer,bid-request,2093,3404,bid-request:c30,30,30,0.0,0.0,600.004630784,0.0,0.0,0.0
adfe100,FCGIAdServer,bid-request,2093,3405,bid-request:c60,60,60,0.0,0.0,600.004630784,0.0,0.0,0.0
adfe100,FCGIAdServer,bid-request,2093,3406,bid-request:c50,50,50,0.0,0.0,600.004630784,0.0,0.0,0.0
adfe100,FCGIAdServer,bid-request,2093,3407,bid-request:c36,36,36,0.0,0.0,600.004630784,0.0,0.0,0.0
adfe100,FCGIAdServer,bid-request,2093,3408,bid-request:c54,54,54,0.0,0.0,600.004630784,0.0,0.0,0.0
adfe100,FCGIAdServer,bid-request,2093,3409,bid-request:c1,1,1,0.0,0.0,600.004630784,0.0,0.0,0.0
adfe100,FCGIAdServer,bid-request,2093,3410,bid-request:c59,59,59,0.0,0.0,600.004630784,0.0,0.0,0.0
adfe100,FCGIAdServer,bid-request,2093,3411,bid-request:c45,45,45,0.0,0.0,600.004630784,0.0,0.0,0.0
adfe100,FCGIAdServer,bid-request,2093,3412,bid-request:c31,31,31,0.0,0.0,600.004630784,0.0,0.0,0.0
adfe100,FCGIAdServer,bid-request,2093,3413,bid-request:c26,26,26,0.0,0.0,600.004630784,0.0,0.0,0.0
adfe100,FCGIAdServer,bid-request,2093,3414,bid-request:c37,37,37,0.0,0.0,600.004630784,0.0,0.0,0.0
adfe100,FCGIAdServer,bid-request,2093,3415,bid-request:c52,52,52,0.0,0.0,600.004630784,0.0,0.0,0.0
adfe100,FCGIAdServer,bid-request,2093,3416,bid-request:c14,14,14,0.0,0.0,600.004630784,0.0,0.0,0.0
adfe100,FCGIAdServer,bid-request,2093,3417,bid-request:c69,69,69,0.0,0.0,600.004630784,0.0,0.0,0.0
adfe100,FCGIAdServer,bid-request,2093,3418,bid-request:c5,5,5,0.0,0.0,600.004630784,0.0,0.0,0.0
adfe100,FCGIAdServer,bid-request,2093,3419,bid-request:c62,62,62,0.0,0.0,600.004630784,0.0,0.0,0.0
adfe100,FCGIAdServer,bid-request,2093,3420,bid-request:c68,68,68,0.0,0.0,600.004630784,0.0,0.0,0.0
adfe100,FCGIAdServer,bid-request,2093,3421,bid-request:c17,17,17,0.0,0.0,600.004630784,0.0,0.0,0.0
adfe100,FCGIAdServer,bid-request,2093,3422,bid-request:c57,57,57,0.0,0.0,600.004630784,0.0,0.0,0.0
adfe100,FCGIAdServer,bid-request,2093,3423,bid-request:c70,70,70,0.0,0.0,600.004630784,0.0,0.0,0.0
adfe100,FCGIAdServer,bid-request,2093,3424,bid-request:c20,20,20,0.0,0.0,600.004630784,0.0,0.0,0.0
adfe100,FCGIAdServer,bid-request,2093,3425,bid-request:c33,33,33,0.0,0.0,600.004630784,0.0,0.0,0.0
adfe100,FCGIAdServer,bid-request,2093,3426,bid-request:c27,27,27,0.0,0.0,600.004630784,0.0,0.0,0.0
adfe100,FCGIAdServer,bid-request,2093,3428,bid-request:c29,29,29,0.0,0.0,600.004630784,0.0,0.0,0.0
adfe100,FCGIAdServer,bid-request,2093,3429,bid-request:c58,58,58,0.0,0.0,600.004630784,0.0,0.0,0.0
adfe100,FCGIAdServer,bid-request,2093,3430,bid-request:c7,7,7,0.0,0.0,600.004630784,0.0,0.0,0.0
adfe100,FCGIAdServer,bid-request,2093,3432,bid-request:c23,23,23,0.0,0.0,600.004630784,0.0,0.0,0.0
adfe100,FCGIAdServer,bid-request,2093,3433,bid-request:c51,51,51,0.0,0.0,600.004630784,0.0,0.0,0.0
adfe100,FCGIAdServer,bid-request,2093,3434,bid-request:c40,40,40,0.0,0.0,600.004630784,0.0,0.0,0.0
adfe100,FCGIAdServer,bid-request,2093,3436,bid-request:c32,32,32,0.0,0.0,600.004630784,0.0,0.0,0.0
adfe100,FCGIAdServer,bid-request,2093,3437,bid-request:c0,0,0,0.000317238,0.0,600.004630784,5.287259193074541e-05,0.0,5.287259193074541e-05
adfe100,FCGIRtbServer,bid-request,2112,2666,bid-request:c39,39,39,374.646284583,88.67862832,600.004630784,62.44056551588043,14.779657317665613,77.22022283354605
adfe100,FCGIRtbServer,bid-request,2112,2667,bid-request:c41,41,41,282.067951776,221.529169993,600.004630784,47.01096246664531,36.921243374994866,83.93220584164017
adfe100,FCGIRtbServer,bid-request,2112,2668,bid-request:c42,42,42,321.346791198,174.033386896,600.004630784,53.55738517852939,29.005340620221236,82.56272579875062
adfe100,FCGIRtbServer,bid-request,2112,2669,bid-request:c4,4,4,165.755767122,365.85958404,600.004630784,27.625747972213837,60.976126727879944,88.60187470009379
adfe100,FCGIRtbServer,bid-request,2112,2670,bid-request:c43,43,43,267.914950182,178.394281767,600.004630784,44.65214707291962,29.73215082255281,74.38429789547243
adfe100,FCGIRtbServer,bid-request,2112,2671,bid-request:c44,44,44,331.77329891,153.904837616,600.004630784,55.295123052048154,25.6506082986225,80.94573135067066
adfe100,FCGIRtbServer,bid-request,2112,2672,bid-request:c45,45,45,325.391088962,167.534153991,600.004630784,54.231429603605825,27.922143496141086,82.15357309974691
adfe100,FCGIRtbServer,bid-request,2112,2673,bid-request:c46,46,46,292.56617224,164.878578397,600.004630784,48.760652373251936,27.479550979724994,76.24020335297693
adfe100,FCGIRtbServer,bid-request,2112,2674,bid-request:c47,47,47,358.67895581,114.796364003,600.004630784,59.779364592791524,19.132579669093648,78.91194426188517
adfe100,FCGIRtbServer,bid-request,2112,2676,bid-request:c48,48,48,321.074817679,135.428587442,600.004630784,53.51205660854075,22.57125703597343,76.08331364451418
adfe100,FCGIRtbServer,bid-request,2112,2677,bid-request:c49,49,49,251.195624457,190.574992081,600.004630784,41.865614291805315,31.76225353994084,73.62786783174616
adfe100,FCGIRtbServer,bid-request,2112,2678,bid-request:c50,50,50,181.526433984,296.941334912,600.004630784,30.254172163106023,49.4898405240639,79.74401268716991
adfe100,FCGIRtbServer,bid-request,2112,2679,bid-request:c51,51,51,342.543952963,154.372858106,600.004630784,57.090218206384954,25.72861111159887,82.81882931798383
adfe100,FCGIRtbServer,bid-request,2112,2680,bid-request:c52,52,52,291.204220923,166.954062423,600.004630784,48.53366223898907,27.82546231432387,76.35912455331294
adfe100,FCGIRtbServer,bid-request,2112,2681,bid-request:c53,53,53,239.341775572,218.974589638,600.004630784,39.889988058802565,36.49548326850001,76.38547132730258
adfe100,FCGIRtbServer,bid-request,2112,2682,bid-request:c2,2,2,308.227486334,148.927558176,600.004630784,51.370851243473325,24.821068127658087,76.1919193711314
adfe100,FCGIRtbServer,bid-request,2112,2683,bid-request:c0,0,0,269.416383606,184.962615484,600.004630784,44.90238404559733,30.826864659747272,75.72924870534462
adfe100,FCGIRtbServer,bid-request,2112,2684,bid-request:c1,1,1,299.406425167,187.558602431,600.004630784,49.9006857290049,31.259525811646707,81.1602115406516
adfe100,FCGIRtbServer,bid-request,2112,2685,bid-request:c3,3,3,297.071767116,210.151899644,600.004630784,49.511579056953146,35.025046284960105,84.53662534191325
adfe100,FCGIRtbServer,bid-request,2112,2686,bid-request:c40,40,40,308.613187575,146.830945792,600.004630784,51.43513428750517,24.471635427237015,75.90676971474218
adfe100,FCGIRtbServer,event_engine,2112,2222,event_engin:c38,38,38,32.672556544,98.489653033,600.004630784,5.445384063337676,16.414815483058497,21.86019954639617
adfe100,FCGIRtbServer,event_engine,2112,2223,event_engin:c39,39,39,25.132204679,183.37221447,600.004630784,4.18866845180192,30.561799869843586,34.750468321645506
adfe100,FCGIRtbServer,event_engine,2112,2224,event_engin:c40,40,40,27.723828212,159.768120425,600.004630784,4.620602373647429,26.62781455807065,31.248416931718083
adfe100,FCGIRtbServer,event_engine,2112,2225,event_engin:c41,41,41,23.621712391,214.065878212,600.004630784,3.936921680110124,35.6773710116686,39.614292691778715
adfe100,FCGIRtbServer,event_engine,2112,2238,event_engin:c42,42,42,22.861729115,209.983334514,600.004630784,3.8102587783576887,34.996952313455296,38.80721109181299
adfe100,FCGIRtbServer,event_engine,2112,2248,event_engin:c43,43,43,21.352497838,215.878984969,600.004630784,3.5587221735438304,35.979553138934996,39.538275312478824
adfe100,FCGIRtbServer,event_engine,2112,2252,event_engin:c44,44,44,23.47868893,186.167223734,600.004630784,3.913084620583914,31.027631151903506,34.940715772487415
adfe100,FCGIRtbServer,event_engine,2112,2259,event_engin:c45,45,45,22.781955639,204.833428857,600.004630784,3.7969633016384905,34.13864132837659,37.93560463001508
adfe100,FCGIRtbServer,event_engine,2112,2268,event_engin:c46,46,46,26.175824995,154.021663211,600.004630784,4.362603828706653,25.670079080847522,30.032682909554175
adfe100,FCGIRtbServer,event_engine,2112,2269,event_engin:c47,47,47,24.904319948,181.200595575,600.004630784,4.15068795643437,30.199866180738148,34.350554137172516
adfe100,FCGIRtbServer,event_engine,2112,2282,event_engin:c48,48,48,17.455909128,271.73278332,600.004630784,2.909295734133105,45.28844768496846,48.19774341910156
adfe100,FCGIRtbServer,event_engine,2112,2291,event_engin:c49,49,49,22.098873733,201.433048607,600.004630784,3.6831171959663647,33.571915660683516,37.255032856649876
adfe100,FCGIRtbServer,event_engine,2112,2297,event_engin:c50,50,50,22.358708051,201.163148909,600.004630784,3.7264225814032215,33.526932724860615,37.253355306263835
adfe100,FCGIRtbServer,event_engine,2112,2301,event_engin:c51,51,51,21.130179462,209.721370716,600.004630784,3.5216693968495063,34.953292017424296,38.47496141427381
adfe100,FCGIRtbServer,event_engine,2112,2306,event_engin:c52,52,52,26.691752058,163.013817917,600.004630784,4.448591008893223,27.168759965068425,31.617350973961646
adfe100,FCGIRtbServer,event_engine,2112,2312,event_engin:c53,53,53,16.750229717,288.440531961,600.004630784,2.7916834066952454,48.073050966974584,50.864734373669826
adfe100,FCGIRtbServer,fast-scheduler,2112,2195,fast-schedu:c49,49,49,25.362800189,267.34703004,600.004630784,4.227100740182543,44.557494446446064,48.78459518662861
adfe100,FCGIRtbServer,fast-scheduler,2112,2197,fast-schedu:c50,50,50,26.084145349,264.064683912,600.004630784,4.34732400563592,44.010440980590126,48.357764986226044
adfe100,FCGIRtbServer,fast-scheduler,2112,2199,fast-schedu:c51,51,51,24.645926742,287.34185064,600.004630784,4.107622754477117,47.8899388267292,51.99756158120632
adfe100,FCGIRtbServer,fast-scheduler,2112,2200,fast-schedu:c53,53,53,24.262768229,357.708414519,600.004630784,4.043763495174511,59.61760895938385,63.66137245455836
adfe100,FCGIRtbServer,fast-scheduler,2112,2202,fast-schedu:c52,52,52,25.255053199,220.472447693,600.004630784,4.209143047112873,36.74512435094346,40.95426739805634
adfe100,FCGIRtbServer,fast-scheduler,2112,2203,fast-schedul:c0,0,0,25.593783321,227.846909263,600.004630784,4.265597631731228,37.97419179336705,42.23978942509828
adfe100,FCGIRtbServer,fast-scheduler,2112,2204,fast-schedul:c1,1,1,24.958003753,294.614707899,600.004630784,4.159635188213207,49.10207234801501,53.26170753622821
adfe100,FCGIRtbServer,fast-scheduler,2112,2205,fast-schedul:c2,2,2,22.910832122,355.062627902,600.004630784,3.81844254969556,59.17664792654268,62.99509047623823
adfe100,FCGIRtbServer,fast-scheduler,2112,2206,fast-schedul:c3,3,3,24.054294623,333.499110994,600.004630784,4.009018162338063,55.58275617943668,59.59177434177474
adfe100,FCGIRtbServer,fast-scheduler,2112,2207,fast-schedul:c4,4,4,24.939683823,325.755443607,600.004630784,4.156581890111815,54.292154909096205,58.448736799208014
adfe100,FCGIRtbServer,fcgi-accept,2112,2696,fcgi-accept:c3,3,3,95.337965384,374.485020779,600.004630784,15.889538262300746,62.41368842265045,78.3032266849512
adfe100,FCGIRtbServer,fcgi-accept,2112,2697,fcgi-accept:c4,4,4,87.674006021,394.693323595,600.004630784,14.612221560096991,65.7817128976607,80.3939344577577
adfe100,FCGIRtbServer,fcgi-accept,2112,2698,fcgi-accept:c6,6,6,108.279611705,347.313107209,600.004630784,18.046462668715694,57.88507111273142,75.93153378144711
adfe100,FCGIRtbServer,fcgi-accept,2112,2699,fcgi-accept:c5,5,5,84.491076167,375.869581497,600.004630784,14.081737345360015,62.644446761330414,76.72618410669043
adfe100,FCGIRtbServer,fcgi-accept,2112,2701,fcgi-accept:c7,7,7,93.002923755,362.685235936,600.004630784,15.500367661075735,60.447072793770765,75.9474404548465
adfe100,FCGIRtbServer,fcgi-accept,2112,2702,fcgi-accept:c10,10,10,91.837895208,364.25096034,600.004630784,15.306197735174045,60.70802484708311,76.01422258225715
adfe100,FCGIRtbServer,fcgi-accept,2112,2703,fcgi-accept:c9,9,9,113.634438118,339.514783177,600.004630784,18.93892684953428,56.58536047186349,75.52428732139776
adfe100,FCGIRtbServer,fcgi-accept,2112,2705,fcgi-accept:c8,8,8,90.58629865,362.517406911,600.004630784,15.097599918793096,60.419101505485756,75.51670142427885
adfe100,FCGIRtbServer,fcgi-accept,2112,2861,fcgi-accept:c11,11,11,91.20728316,367.488729498,600.004630784,15.201096538342279,61.24764887527925,76.44874541362154
adfe100,FCGIRtbServer,fcgi-accept,2112,2864,fcgi-accept:c12,12,12,115.939902765,338.846946303,600.004630784,19.323167991804723,56.474055185248055,75.79722317705277
adfe100,FCGIRtbServer,fcgi-accept,2112,2883,fcgi-accept:c13,13,13,91.496292742,363.209581937,600.004630784,15.249264430250442,60.53446311946123,75.78372754971167
adfe100,FCGIRtbServer,fcgi-accept,2112,2886,fcgi-accept:c14,14,14,90.83447434,359.480662481,600.004630784,15.138962214560001,59.91298134004103,75.05194355460102
adfe100,FCGIRtbServer,fcgi-accept,2112,2891,fcgi-accept:c15,15,15,84.634449898,369.339993455,600.004630784,14.105632782769,61.55619048679665,75.66182326956566
adfe100,FCGIRtbServer,fcgi-accept,2112,2896,fcgi-accept:c36,36,36,107.901722191,342.43547612,600.004630784,17.983481569135474,57.07213887208744,75.05562044122291
adfe100,FCGIRtbServer,fcgi-accept,2112,2897,fcgi-accept:c17,17,17,111.092848472,340.135253485,600.004630784,18.5153318444959,56.688771391740765,75.20410323623666
adfe100,FCGIRtbServer,fcgi-accept,2112,2899,fcgi-accept:c16,16,16,85.005771365,364.785153417,600.004630784,14.167519216297823,60.797056339440424,74.96457555573825
adfe100,FCGIRtbServer,grpc-asio-p,2112,2656,grpc-asio-p:c41,41,41,78.517423453,234.533704201,600.004630784,13.086136243716101,39.08864901501593,52.17478525873204
adfe100,FCGIRtbServer,grpc-asio-p,2112,2657,grpc-asio-p:c42,42,42,76.655583741,231.253319045,600.004630784,12.775832019969158,38.541922375304225,51.31775439527338
adfe100,FCGIRtbServer,grpc-asio-p,2112,2658,grpc-asio-p:c43,43,43,66.982565994,234.856689203,600.004630784,11.163674838055298,39.14247943322087,50.30615427127616
adfe100,FCGIRtbServer,grpc-asio-p,2112,2659,grpc-asio-p:c44,44,44,81.520935189,216.94683239,600.004630784,13.58671766957534,36.157526335509274,49.74424400508462
adfe100,FCGIRtbServer,grpc-asio-p,2112,2660,grpc-asio-p:c45,45,45,77.330059893,228.707838071,600.004630784,12.888243844377696,38.11767882060467,51.005922664982364
adfe100,FCGIRtbServer,grpc-asio-p,2112,2661,grpc-asio-p:c46,46,46,102.335824857,167.309522187,600.004630784,17.055839172988087,27.884705151089236,44.94054432407732
adfe100,FCGIRtbServer,grpc-asio-p,2112,2662,grpc-asio-p:c47,47,47,88.552606373,206.631640554,600.004630784,14.758653821936699,34.43834096480279,49.19699478673949
adfe100,FCGIRtbServer,grpc-asio-p,2112,2663,grpc-asio-p:c48,48,48,52.880917181,307.990811102,600.004630784,8.813418175106882,51.33140567591317,60.14482385102005
adfe100,FCGIRtbServer,grpc-asio-p,2112,2664,grpc-asio-p:c49,49,49,72.271545517,221.141362762,600.004630784,12.045164621907318,36.85660933533866,48.90177395724598
adfe100,FCGIRtbServer,grpc-asio-p,2112,2665,grpc-asio-p:c50,50,50,74.116006512,226.376229737,600.004630784,12.352572415175501,37.72908043079668,50.08165284597218
adfe100,FCGIRtbServer,grpc-common,2112,2640,grpc-common:c50,50,50,101.057087638,202.550141327,600.004630784,16.842717948018684,33.75809634374597,50.60081429176465
adfe100,FCGIRtbServer,grpc-common,2112,2641,grpc-common:c51,51,51,77.759590959,205.071039603,600.004630784,12.959831802863741,34.178242813733384,47.13807461659712
adfe100,FCGIRtbServer,grpc-common,2112,2642,grpc-common:c52,52,52,98.465244192,152.03112762,600.004630784,16.410747374289386,25.338325709477864,41.74907308376724
adfe100,FCGIRtbServer,grpc-common,2112,2643,grpc-common:c53,53,53,114.912949674,261.222363136,600.004630784,19.15201046429396,43.536724507387895,62.68873497168186
adfe100,FCGIRtbServer,grpc-common,2112,2644,grpc-common:c0,0,0,129.622089748,169.198865209,600.004630784,21.603514889314845,28.199593224458148,49.80310811377299
adfe100,FCGIRtbServer,grpc-common,2112,2645,grpc-common:c1,1,1,106.778366907,223.749570789,600.004630784,17.79625713346201,37.29130731818455,55.087564451646564
adfe100,FCGIRtbServer,grpc-common,2112,2646,grpc-common:c2,2,2,57.771231242,229.644977192,600.004630784,9.62846422810318,38.273867468644845,47.90233169674802
adfe100,FCGIRtbServer,grpc-common,2112,2647,grpc-common:c3,3,3,86.425802964,244.584947769,600.004630784,14.404189322850918,40.763843347244084,55.168032670095
adfe100,FCGIRtbServer,grpc-common,2112,2648,grpc-common:c4,4,4,86.32175159,263.811141917,600.004630784,14.386847561027507,43.96818430755933,58.355031868586835
adfe100,FCGIRtbServer,grpc-common,2112,2649,grpc-common:c5,5,5,106.34873385,248.159052459,600.004630784,17.724652176607158,41.35952286480545,59.084175041412614
adfe100,FCGIRtbServer,grpc-common,2112,2650,grpc-common:c6,6,6,76.100490432,215.42193087,600.004630784,12.683317182496207,35.903378043685684,48.586695226181895
adfe100,FCGIRtbServer,grpc-common,2112,2651,grpc-common:c7,7,7,87.906728534,239.378031801,600.004630784,14.65100834624161,39.89603071699882,54.54703906324043
adfe100,FCGIRtbServer,grpc-common,2112,2652,grpc-common:c8,8,8,67.153120484,210.135041028,600.004630784,11.192100367001157,35.02223653731233,46.214336904313484
adfe100,FCGIRtbServer,grpc-common,2112,2653,grpc-common:c9,9,9,60.077952765,197.673717244,600.004630784,10.012914848090213,32.94536526921606,42.95828011730627
adfe100,FCGIRtbServer,grpc-common,2112,2654,grpc-common:c10,10,10,74.944846992,222.271883567,600.004630784,12.490711429022276,37.04502801529498,49.53573944431726
adfe100,FCGIRtbServer,grpc-common,2112,2655,grpc-common:c11,11,11,93.705820587,254.931570176,600.004630784,15.617516228926211,42.48826710602083,58.105783334947034
adfe100,FCGIRtbServer,grpc_global,2112,2221,grpc_global:c14,14,14,0.036242461,1.082051696,600.004630784,0.006040363547301885,0.18034055746971986,0.18638092101702175
adfe100,FCGIRtbServer,http-server,2112,2634,http-server:c46,46,46,8.8367e-05,6.784e-05,600.004630784,1.4727719665185697e-05,1.1306579402788344e-05,2.603429906797404e-05
adfe100,FCGIRtbServer,http-server,2112,2635,http-server:c47,47,47,0.0,0.0,600.004630784,0.0,0.0,0.0
adfe100,FCGIRtbServer,http-server,2112,2636,http-server:c48,48,48,0.0,0.0,600.004630784,0.0,0.0,0.0
adfe100,FCGIRtbServer,http-server,2112,2637,http-server:c49,49,49,0.0,0.0,600.004630784,0.0,0.0,0.0
adfe100,FCGIRtbServer,jemalloc_bg,2112,2190,jemalloc_bg:c40,40,40,8.368267065,1.312330162,600.004630784,1.3947004132394025,0.21872000559149604,1.6134204188308985
adfe100,FCGIRtbServer,jemalloc_bg,2112,2212,jemalloc_bg:c41,41,41,8.877901783,2.081706637,600.004630784,1.4796388773532683,0.34694842842794804,1.8265873057812163
adfe100,FCGIRtbServer,jemalloc_bg,2112,2239,jemalloc_bg:c42,42,42,7.541088027,1.825454736,600.004630784,1.2568383042554834,0.3042401078829604,1.5610784121384438
adfe100,FCGIRtbServer,jemalloc_bg,2112,2253,jemalloc_bg:c43,43,43,8.393749732,2.076973803,600.004630784,1.3989474916272315,0.3461596288492155,1.7451071204764472
adfe100,FCGIRtbServer,lifeguard,2112,2320,lifeguard:c15,15,15,0.032810944,1.223225162,600.004630784,0.005468448461327267,0.20386928687561373,0.209337735336941
adfe100,FCGIRtbServer,task-runner,2112,2638,task-runner:c39,39,39,0.008819819,0.00624194,600.004630784,0.00146995848823292,0.0010403153042075571,0.0025102737924404773
adfe100,FCGIRtbServer,task-runner,2112,2688,task-runner:c40,40,40,0.003432874,0.025369964,600.004630784,0.0005721412508957493,0.004228294699467597,0.004800435950363347
adfe100,FCGIRtbServer,task-runner,2112,2691,task-runner:c41,41,41,43.036358795,37.801514143,600.004630784,7.172671107348998,6.300203732362266,13.472874839711263
adfe100,FCGIRtbServer,task-runner,2112,2692,task-runner:c42,42,42,0.002602371,0.074701301,600.004630784,0.0004337251525208388,0.012450120743633436,0.012883845896154275
adfe100,FCGIRtbServer,task-runner,2112,2693,task-runner:c43,43,43,0.00302966,0.051514364,600.004630784,0.0005049394362242296,0.00858566106943015,0.00909060050565438
adfe100,FCGIRtbServer,task-runner,2112,2694,task-runner:c44,44,44,0.003297261,0.047665459,600.004630784,0.000549539258670656,0.007944181853682964,0.00849372111235362
adfe100,FCGIRtbServer,task-runner,2112,2695,task-runner:c45,45,45,0.083563042,0.166877683,600.004630784,0.013927066177941294,0.027812732508738836,0.04173979868668013
adfe100,FCGIRtbServer,task-runner,2112,3669,task-runner:c46,46,46,0.061514499,0.072832148,600.004630784,0.010252337372733553,0.012138597647960383,0.022390935020693933
adfe100,FCGIRtbServer,task-runner,2112,3670,task-runner:c47,47,47,0.088859433,0.238275435,600.004630784,0.014809791198426459,0.039712266001789995,0.05452205720021645
adfe100,FCGITrackServer,bid-request,2077,2488,bid-request:c20,20,20,0.679479479,3.880421162,600.004630784,0.11324570580599581,0.6467318688740156,0.7599775746800114
adfe100,FCGITrackServer,bid-request,2077,2489,bid-request:c34,34,34,0.652512124,4.715164008,600.004630784,0.10875118132794921,0.7858546027951318,0.8946057841230809
adfe100,FCGITrackServer,bid-request,2077,2490,bid-request:c25,25,25,0.650619857,6.439313895,600.004630784,0.1084358059286748,1.0732106994884403,1.181646505417115
adfe100,FCGITrackServer,bid-request,2077,2491,bid-request:c8,8,8,0.935995815,5.76996766,600.004630784,0.15599809851083565,0.9616538546478606,1.1176519531586964
adfe100,FCGITrackServer,bid-request,2077,2492,bid-request:c38,38,38,0.849097302,1.545768529,600.004630784,0.1415151247900406,0.2576260998152983,0.3991412246053389
adfe100,FCGITrackServer,bid-request,2077,2493,bid-request:c42,42,42,0.855272351,4.033912048,600.004630784,0.1425442916802913,0.6723134857691119,0.8148577774494032
adfe100,FCGITrackServer,bid-request,2077,2494,bid-request:c54,54,54,0.748158267,5.395531909,600.004630784,0.12469208212983525,0.8992483777916668,1.023940459921502
adfe100,FCGITrackServer,bid-request,2077,2495,bid-request:c65,65,65,0.687763201,2.549733043,600.004630784,0.11462631548382046,0.4249522273967077,0.5395785428805281
adfe100,FCGITrackServer,bid-request,2077,2496,bid-request:c3,3,3,0.86071774,5.140181147,600.004630784,0.14345184950911755,0.8566902459208604,1.0001420954299778
adfe100,FCGITrackServer,bid-request,2077,2497,bid-request:c52,52,52,0.813895052,2.74634127,600.004630784,0.1356481284046956,0.4577200123291507,0.5933681407338462
adfe100,FCGITrackServer,bid-request,2077,2498,bid-request:c22,22,22,0.702979201,6.343949633,600.004630784,0.11716229591119115,1.057316778490632,1.1744790744018232
adfe100,FCGITrackServer,bid-request,2077,2499,bid-request:c33,33,33,0.669530461,4.481240515,600.004630784,0.11158754893693965,0.7468676548620229,0.8584552037989626
adfe100,FCGITrackServer,bid-request,2077,2500,bid-request:c1,1,1,0.857331199,4.471561057,600.004630784,0.14288743036528945,0.7452544243128932,0.8881418546781826
adfe100,FCGITrackServer,bid-request,2077,2501,bid-request:c45,45,45,0.854552325,3.811290417,600.004630784,0.14242428827314108,0.6352101669648703,0.7776344552380114
adfe100,FCGITrackServer,bid-request,2077,2502,bid-request:c60,60,60,0.676465077,3.639708535,600.004630784,0.11274330935014493,0.6066134073405651,0.7193567166907101
adfe100,FCGITrackServer,bid-request,2077,2503,bid-request:c66,66,66,0.698396996,3.754565083,600.004630784,0.116398600972035,0.6257560175984097,0.7421546185704447
adfe100,FCGITrackServer,bid-request,2077,2504,bid-request:c26,26,26,0.662135147,5.919655747,600.004630784,0.11035500611633893,0.986601676601236,1.096956682717575
adfe100,FCGITrackServer,bid-request,2077,2505,bid-request:c70,70,70,0.721593961,2.240234795,600.004630784,0.12026473196667241,0.3733695841768392,0.49363431614351155
adfe100,FCGITrackServer,bid-request,2077,2506,bid-request:c39,39,39,0.900128381,3.311221593,600.004630784,0.15002023898112943,0.5518660062128805,0.7018862451940099
adfe100,FCGITrackServer,bid-request,2077,2507,bid-request:c18,18,18,0.740734111,4.062757482,600.004630784,0.12345473234633454,0.6771210209980165,0.800575753344351
adfe100,FCGITrackServer,bid-request,2077,2510,bid-request:c13,13,13,0.923837177,6.581366815,600.004630784,0.15397167448405558,1.0968860034297425,1.250857677913798
adfe100,FCGITrackServer,bid-request,2077,2511,bid-request:c21,21,21,0.703100525,8.017968814,600.004630784,0.11718251642179646,1.3363178220013516,1.4535003384231482
adfe100,FCGITrackServer,bid-request,2077,2512,bid-request:c29,29,29,0.629042483,5.315291312,600.004630784,0.1048396046840601,0.8858750481733348,0.9907146528573949
adfe100,FCGITrackServer,bid-request,2077,2513,bid-request:c55,55,55,0.679504123,5.02930269,600.004630784,0.11324981310762909,0.8382106457125886,0.9514604588202178
adfe100,FCGITrackServer,bid-request,2077,2514,bid-request:c37,37,37,0.941123464,8.224111229,600.004630784,0.15685270008171018,1.370674626003121,1.5275273260848314
adfe100,FCGITrackServer,bid-request,2077,2515,bid-request:c67,67,67,0.695928601,1.952123852,600.004630784,0.11598720498051161,0.3253514642794081,0.44133866925991966
adfe100,FCGITrackServer,bid-request,2077,2516,bid-request:c59,59,59,0.699758544,2.550421165,600.004630784,0.11662552388731665,0.4250669135115633,0.54169243739888
adfe100,FCGITrackServer,bid-request,2077,2519,bid-request:c53,53,53,0.887385725,6.952115259,600.004630784,0.14789647937224945,1.1586769338623224,1.306573413234572
adfe100,FCGITrackServer,bid-request,2077,2520,bid-request:c2,2,2,0.838598208,6.525183518,600.004630784,0.1397652892952243,1.0875221928660495,1.2272874821612738
adfe100,FCGITrackServer,bid-request,2077,2521,bid-request:c61,61,61,0.6881832,3.654235441,600.004630784,0.11469631477690112,0.6090345396543305,0.7237308544312316
adfe100,FCGITrackServer,bid-request,2077,2522,bid-request:c11,11,11,0.87315199,6.161270109,600.004630784,0.145524208514706,1.0268704261414343,1.1723946346561402
adfe100,FCGITrackServer,bid-request,2077,2523,bid-request:c41,41,41,0.837383968,3.87520927,600.004630784,0.1395629175237909,0.6458632269115043,0.7854261444352953
adfe100,FCGITrackServer,bid-request,2077,2524,bid-request:c31,31,31,0.640337271,4.125535049,600.004630784,0.1067220548220268,0.6875838680793751,0.7943059229014018
adfe100,FCGITrackServer,bid-request,2077,2525,bid-request:c17,17,17,0.912094687,5.028617998,600.004630784,0.15201460792197644,0.8380965312599876,0.9901111391819641
adfe100,FCGITrackServer,bid-request,2077,2526,bid-request:c7,7,7,0.882600692,5.628640725,600.004630784,0.14709898002732813,0.9380995472727102,1.0851985273000382
adfe100,FCGITrackServer,bid-request,2077,2528,bid-request:c58,58,58,0.677064291,4.573349959,600.004630784,0.1128431775793646,0.7622191103798986,0.8750622879592632
adfe100,FCGITrackServer,bid-request,2077,2529,bid-request:c16,16,16,0.934255012,6.299432238,600.004630784,0.15570796691673022,1.049897269920868,1.2056052368375982
adfe100,FCGITrackServer,bid-request,2077,2530,bid-request:c24,24,24,0.652612157,6.087623414,600.004630784,0.10876785336594152,1.0145960717079079,1.1233639250738492
adfe100,FCGITrackServer,bid-request,2077,2531,bid-request:c27,27,27,0.659946155,6.009889486,600.004630784,0.10999017693208084,1.0016405170318667,1.1116306939639475
adfe100,FCGITrackServer,bid-request,2077,2532,bid-request:c36,36,36,0.898076928,4.939198099,600.004630784,0.14967833278661896,0.8231933297824993,0.9728716625691182
adfe100,FCGITrackServer,bid-request,2077,2533,bid-request:c62,62,62,0.659731211,5.11623082,600.004630784,0.10995435320856739,0.8526985555619535,0.9626529087705208
adfe100,FCGITrackServer,bid-request,2077,2534,bid-request:c68,68,68,0.70075327,1.761940413,600.004630784,0.1167913102744484,0.2936544690826384,0.41044577935708687
adfe100,FCGITrackServer,bid-request,2077,2535,bid-request:c6,6,6,0.909007893,4.642173578,600.004630784,0.15150014622591143,0.7736896250174392,0.9251897712433507
adfe100,FCGITrackServer,bid-request,2077,2536,bid-request:c10,10,10,0.886995263,5.570976257,600.004630784,0.1478314028745081,0.928488876780942,1.0763202796554503
adfe100,FCGITrackServer,bid-request,2077,2538,bid-request:c44,44,44,0.853349286,3.404909371,600.004630784,0.14222378332063296,0.5674805153671819,0.7097042986878148
adfe100,FCGITrackServer,bid-request,2077,2539,bid-request:c43,43,43,0.860388353,4.439472716,600.004630784,0.14339695209948095,0.7399064087554014,0.8833033608548823
adfe100,FCGITrackServer,bid-request,2077,2540,bid-request:c32,32,32,0.643471928,4.652856823,600.004630784,0.1072444936231914,0.7754701521087118,0.8827146457319033
adfe100,FCGITrackServer,bid-request,2077,2541,bid-request:c19,19,19,0.658815323,2.528054035,600.004630784,0.10980170638669148,0.4213390872828267,0.5311407936695182
adfe100,FCGITrackServer,bid-request,2077,2542,bid-request:c69,69,69,0.681161937,1.366007948,600.004630784,0.11352611330848485,0.2276662342114088,0.34119234751989364
adfe100,FCGITrackServer,bid-request,2077,2543,bid-request:c4,4,4,0.867661282,4.733038062,600.004630784,0.1446090975775078,0.7888335888033972,0.933442686380905
adfe100,FCGITrackServer,bid-request,2077,2544,bid-request:c28,28,28,0.66166889,6.386072075,600.004630784,0.11027729721609415,1.0643371313077363,1.1746144285238302
adfe100,FCGITrackServer,bid-request,2077,2545,bid-request:c57,57,57,0.702194583,2.944185901,600.004630784,0.1170315272537935,0.4906938630045172,0.6077253902583106
adfe100,FCGITrackServer,bid-request,2077,2546,bid-request:c5,5,5,0.921374274,5.788686171,600.004630784,0.15356119381880107,0.9647735824032183,1.1183347762220193
adfe100,FCGITrackServer,bid-request,2077,2547,bid-request:c15,15,15,0.86779422,6.367175483,600.004630784,0.14463125373984048,1.0611877236147809,1.2058189773546213
adfe100,FCGITrackServer,bid-request,2077,2548,bid-request:c9,9,9,0.888616841,4.711660175,600.004630784,0.1481016637886416,0.7852706351355119,0.9333722989241535
adfe100,FCGITrackServer,bid-request,2077,2549,bid-request:c63,63,63,0.675842729,5.100787105,600.004630784,0.11263958548401629,0.8501246229274969,0.9627642084115132
adfe100,FCGITrackServer,bid-request,2077,2550,bid-request:c40,40,40,0.903714313,2.746422958,600.004630784,0.15061788970181042,0.45773362689074054,0.6083515165925509
adfe100,FCGITrackServer,bid-request,2077,2551,bid-request:c30,30,30,0.678925769,5.937850999,600.004630784,0.11315342151824348,0.9896341951963384,1.1027876167145818
adfe100,FCGITrackServer,bid-request,2077,2552,bid-request:c0,0,0,0.870022445,2.965691761,600.004630784,0.14500262170696573,0.4942781453411217,0.6392807670480875
adfe100,FCGITrackServer,bid-request,2077,2553,bid-request:c35,35,35,0.622674168,5.273299408,600.004630784,0.1037782270424111,0.8788764515216505,0.9826546785640617
adfe100,FCGITrackServer,bid-request,2077,2554,bid-request:c12,12,12,0.873636449,5.073521814,600.004630784,0.14560495105820387,0.8455804428326911,0.9911853938908949
adfe100,FCGITrackServer,bid-request,2077,2555,bid-request:c14,14,14,0.905466329,6.576908927,600.004630784,0.1509098901148257,1.096143027830675,1.2470529179455008
adfe100,FCGITrackServer,bid-request,2077,2556,bid-request:c71,71,71,0.695426122,2.022404677,600.004630784,0.11590345912685988,0.3370648447091836,0.45296830383604353
adfe100,FCGITrackServer,bid-request,2077,2557,bid-request:c23,23,23,0.676903923,5.741640515,600.004630784,0.11281644978564899,0.956932700252271,1.06974915003792
adfe100,FCGIUserBindServer,bid-request,2096,2795,bid-request:c59,59,59,3.419435831,15.186499283,600.004630784,0.5699015733481876,2.5310636791513526,3.1009652524995404
adfe100,FCGIUserBindServer,bid-request,2096,2796,bid-request:c51,51,51,3.686195883,26.609111741,600.004630784,0.6143612388763413,4.434817729028363,5.049178967904703
adfe100,FCGIUserBindServer,bid-request,2096,2797,bid-request:c14,14,14,3.804345151,42.957822223,600.004630784,0.6340526315653643,7.159581779705413,7.793634411270778
adfe100,FCGIUserBindServer,bid-request,2096,2798,bid-request:c45,45,45,3.834593626,25.562824829,600.004630784,0.6390940051561774,4.260437922887056,4.899531928043233
adfe100,FCGIUserBindServer,bid-request,2096,2799,bid-request:c13,13,13,3.578865652,39.036867492,600.004630784,0.5964730051039192,6.506094368137163,7.102567373241082
adfe100,FCGIUserBindServer,bid-request,2096,2801,bid-request:c61,61,61,3.338030511,14.647017542,600.004630784,0.5563341247280609,2.4411507495969453,2.997484874325006
adfe100,FCGIUserBindServer,bid-request,2096,2802,bid-request:c9,9,9,3.785140525,29.477957554,600.004630784,0.6308518852686389,4.91295500761093,5.5438068928795685
adfe100,FCGIUserBindServer,bid-request,2096,2803,bid-request:c56,56,56,3.138260401,22.142109348,600.004630784,0.523039363362808,3.6903230761849066,4.213362439547715
adfe100,FCGIUserBindServer,bid-request,2096,2804,bid-request:c41,41,41,3.629759561,24.884851966,600.004630784,0.6049552578047858,4.1474433178097385,4.752398575614524
adfe100,FCGIUserBindServer,bid-request,2096,2805,bid-request:c48,48,48,3.573337449,38.68742826,600.004630784,0.595551645048285,6.447854945627473,7.043406590675757
adfe100,FCGIUserBindServer,bid-request,2096,2806,bid-request:c40,40,40,3.799937895,18.394037202,600.004630784,0.6333180945678346,3.0656492064011758,3.6989673009690103
adfe100,FCGIUserBindServer,bid-request,2096,2807,bid-request:c0,0,0,3.78595311,18.837299216,600.004630784,0.6309873150567287,3.1395256385581756,3.7705129536149045
adfe100,FCGIUserBindServer,bid-request,2096,2808,bid-request:c49,49,49,3.661005497,25.790942919,600.004630784,0.6101628736125458,4.298457311121099,4.908620184733644
adfe100,FCGIUserBindServer,bid-request,2096,2809,bid-request:c26,26,26,2.933430189,31.371785399,600.004630784,0.4889012581731268,5.22859054571093,5.717491803884058
adfe100,FCGIUserBindServer,bid-request,2096,2810,bid-request:c17,17,17,3.727954832,30.81077295,600.004630784,0.6213210099943468,5.135089192518548,5.756410202512894
adfe100,FCGIUserBindServer,bid-request,2096,2811,bid-request:c25,25,25,2.796339492,34.886006984,600.004630784,0.46605298501548975,5.8142896228010725,6.2803426078165625
adfe100,FCGIUserBindServer,bid-request,2096,2812,bid-request:c19,19,19,3.392372609,12.949198491,600.004630784,0.5653910711601232,2.1581830917004496,2.723574162860573
adfe100,FCGIUserBindServer,bid-request,2096,2813,bid-request:c47,47,47,3.722054446,21.296022029,600.004630784,0.6203376199174585,3.549309611356401,4.16964723127386
adfe100,FCGIUserBindServer,bid-request,2096,2814,bid-request:c63,63,63,3.265895985,19.340487879,600.004630784,0.5443117965160694,3.2233897684637243,3.7677015649797934
adfe100,FCGIUserBindServer,bid-request,2096,2815,bid-request:c53,53,53,3.692617158,43.405418642,600.004630784,0.6154314431165335,7.234180607120319,7.8496120502368525
adfe100,FCGIUserBindServer,bid-request,2096,2816,bid-request:c32,32,32,2.971116586,30.057623183,600.004630784,0.4951822758630664,5.009565200142707,5.5047474760057735
adfe100,FCGIUserBindServer,bid-request,2096,2817,bid-request:c27,27,27,2.932726951,36.832105424,600.004630784,0.4887840527443818,6.1386368594977485,6.627420912242131
adfe100,FCGIUserBindServer,bid-request,2096,2818,bid-request:c37,37,37,3.630560921,50.013062115,600.004630784,0.6050888167739812,8.335446019749899,8.940534836523879
adfe100,FCGIUserBindServer,bid-request,2096,2819,bid-request:c16,16,16,3.689368129,39.9130946,600.004630784,0.6148899424624878,6.652131092362953,7.267021034825441
adfe100,FCGIUserBindServer,bid-request,2096,2820,bid-request:c6,6,6,3.757694689,29.299721419,600.004630784,0.6262776145727381,4.88324921437945,5.509526828952188
adfe100,FCGIUserBindServer,bid-request,2096,2821,bid-request:c57,57,57,3.387979068,17.504272158,600.004630784,0.5646588199782849,2.9173561769228225,3.4820149969011074
adfe100,FCGIUserBindServer,bid-request,2096,2822,bid-request:c65,65,65,3.391151111,13.52588784,600.004630784,0.5651874897313592,2.2542972413940054,2.819484731125365
adfe100,FCGIUserBindServer,bid-request,2096,2823,bid-request:c10,10,10,3.671896925,34.664065111,600.004630784,0.6119780976026955,5.777299596122445,6.38927769372514
adfe100,FCGIUserBindServer,bid-request,2096,2824,bid-request:c46,46,46,3.781399165,16.470785231,600.004630784,0.6302283300812211,2.7451096851499863,3.375338015231207
adfe100,FCGIUserBindServer,bid-request,2096,2825,bid-request:c23,23,23,2.966066597,35.277584996,600.004630784,0.4943406175256297,5.879552121106851,6.373892738632481
adfe100,FCGIUserBindServer,bid-request,2096,2826,bid-request:c28,28,28,2.835870862,35.817585016,600.004630784,0.4726414958322056,5.969551429827919,6.442192925660124
adfe100,FCGIUserBindServer,bid-request,2096,2827,bid-request:c22,22,22,3.290912246,39.282693775,600.004630784,0.5484811411705119,6.54706509909282,7.0955462402633325
adfe100,FCGIUserBindServer,bid-request,2096,2828,bid-request:c29,29,29,2.860393326,31.986966397,600.004630784,0.47672854162182854,5.331119920725282,5.80784846234711
adfe100,FCGIUserBindServer,bid-request,2096,2829,bid-request:c39,39,39,3.739678056,21.627822284,600.004630784,0.6232748655812081,3.604609227055442,4.22788409263665
adfe100,FCGIUserBindServer,bid-request,2096,2830,bid-request:c5,5,5,3.755294061,34.942865087,600.004630784,0.6258775129940448,5.8237659001634166,6.449643413157462
adfe100,FCGIUserBindServer,bid-request,2096,2831,bid-request:c11,11,11,3.612048676,36.924733088,600.004630784,0.6020034664199663,6.154074684349029,6.756078150768994
adfe100,FCGIUserBindServer,bid-request,2096,2832,bid-request:c33,33,33,2.905578244,27.301571175,600.004630784,0.4842593031662784,4.550226743971329,5.034486047137608
adfe100,FCGIUserBindServer,bid-request,2096,2833,bid-request:c67,67,67,3.301662975,10.707695405,600.004630784,0.550272915508312,1.784602127321704,2.3348750428300162
adfe100,FCGIUserBindServer,bid-request,2096,2834,bid-request:c50,50,50,3.847252951,23.402027472,600.004630784,0.6412038763722476,3.9003078095283343,4.5415116859005815
adfe100,FCGIUserBindServer,bid-request,2096,2835,bid-request:c43,43,43,3.702106012,27.674624443,600.004630784,0.6170129065775074,4.612401808772504,5.2294147153500115
adfe100,FCGIUserBindServer,bid-request,2096,2836,bid-request:c66,66,66,3.311429901,17.470430613,600.004630784,0.55190072394493,2.911715962953844,3.463616686898774
adfe100,FCGIUserBindServer,bid-request,2096,2837,bid-request:c42,42,42,3.668025846,24.114617008,600.004630784,0.6113329227488045,4.019071815577569,4.630404738326374
adfe100,FCGIUserBindServer,bid-request,2096,2838,bid-request:c12,12,12,3.976187123,33.302547844,600.004630784,0.6626927391884441,5.550381802967921,6.213074542156365
adfe100,FCGIUserBindServer,bid-request,2096,2839,bid-request:c52,52,52,3.732620855,17.584841843,600.004630784,0.6220986744923529,2.9307843541178427,3.552883028610195
adfe100,FCGIUserBindServer,bid-request,2096,2840,bid-request:c2,2,2,3.428132024,39.831959738,600.004630784,0.5713509276621097,6.638608719728264,7.209959647390374
adfe100,FCGIUserBindServer,bid-request,2096,2841,bid-request:c31,31,31,2.893261613,24.922888615,600.004630784,0.4822065471760611,4.153782710382475,4.635989257558537
adfe100,FCGIUserBindServer,bid-request,2096,2842,bid-request:c34,34,34,2.875724528,28.63124756,600.004630784,0.479283722234346,4.771837764416716,5.251121486651063
adfe100,FCGIUserBindServer,bid-request,2096,2843,bid-request:c69,69,69,3.441330119,7.213099728,600.004630784,0.5735505931851498,1.2021740096530515,1.7757246028382012
adfe100,FCGIUserBindServer,bid-request,2096,2844,bid-request:c24,24,24,2.80370669,32.213673866,600.004630784,0.4672808418722566,5.368904207273832,5.836185049146089
adfe100,FCGIUserBindServer,bid-request,2096,2845,bid-request:c8,8,8,3.834186574,35.476376911,600.004630784,0.639026163679776,5.9126838512303745,6.55171001491015
adfe100,FCGIUserBindServer,bid-request,2096,2846,bid-request:c20,20,20,3.397870342,18.72788479,600.004630784,0.5663073529216184,3.1212900416333595,3.6875973945549783
adfe100,FCGIUserBindServer,bid-request,2096,2847,bid-request:c58,58,58,3.233815552,30.07500119,600.004630784,0.5389650989484054,5.012461512289047,5.551426611237453
adfe100,FCGIUserBindServer,bid-request,2096,2848,bid-request:c4,4,4,3.707233035,29.978572631,600.004630784,0.6178674038158538,4.996390209826931,5.614257613642785
adfe100,FCGIUserBindServer,bid-request,2096,2849,bid-request:c64,64,64,3.357868736,16.304011795,600.004630784,0.5596404700431092,2.7173143270071525,3.2769547970502617
adfe100,FCGIUserBindServer,bid-request,2096,2850,bid-request:c7,7,7,3.715060654,33.974151554,600.004630784,0.6191719969137057,5.662314890738002,6.281486887651708
adfe100,FCGIUserBindServer,bid-request,2096,2851,bid-request:c36,36,36,3.793498213,31.499185242,600.004630784,0.6322448225179863,5.249823689000763,5.882068511518749
adfe100,FCGIUserBindServer,bid-request,2096,2852,bid-request:c38,38,38,4.034495221,11.111728132,600.004630784,0.6724106805189654,1.8519403954400797,2.524351075959045
adfe100,FCGIUserBindServer,bid-request,2096,2853,bid-request:c35,35,35,2.943548638,29.657626513,600.004630784,0.49058765332424065,4.942899602999342,5.433487256323581
adfe100,FCGIUserBindServer,bid-request,2096,2854,bid-request:c44,44,44,3.727566321,22.186852759,600.004630784,0.6212562586607625,3.6977802537972755,4.319036512458037
adfe100,FCGIUserBindServer,bid-request,2096,2855,bid-request:c15,15,15,3.514686885,38.070982204,600.004630784,0.5857766264916174,6.3451147292403896,6.930891355732006
adfe100,FCGIUserBindServer,bid-request,2096,2856,bid-request:c62,62,62,3.305845587,20.083010362,600.004630784,0.5509700121281389,3.3471425605096417,3.898112572637781
adfe100,FCGIUserBindServer,bid-request,2096,2857,bid-request:c68,68,68,3.409233587,8.600481912,600.004630784,0.5682012124715276,1.4334025890370419,2.001603801508569
adfe100,FCGIUserBindServer,bid-request,2096,2858,bid-request:c71,71,71,3.483497889,11.408653984,600.004630784,0.5805785006106143,1.9014276554987262,2.4820061561093407
adfe100,FCGIUserBindServer,bid-request,2096,2859,bid-request:c1,1,1,3.6688395,27.832974397,600.004630784,0.6114685307021859,4.638793264083955,5.250261794786142
adfe100,UserBindServer,event_engine,273814,273892,event_engin:c41,41,41,8.986006758,143.190672074,600.004630784,1.4976562341291224,23.86492782345679,25.362584057585913
adfe100,UserBindServer,event_engine,273814,273893,event_engin:c42,42,42,9.09655221,140.332763435,600.004630784,1.5160803339324116,23.38861339313886,24.904693727071272
adfe100,UserBindServer,event_engine,273814,273894,event_engin:c43,43,43,8.304109002,135.793575415,600.004630784,1.3840074852671356,22.632087895315813,24.01609538058295
adfe100,UserBindServer,event_engine,273814,273895,event_engin:c44,44,44,9.243494045,126.9206262,600.004630784,1.5405704507516762,21.153274439591964,22.69384489034364
adfe100,UserBindServer,event_engine,273814,273896,event_engin:c45,45,45,9.570034611,141.506267824,600.004630784,1.5949934583830214,23.584195948471248,25.17918940685427
adfe100,UserBindServer,event_engine,273814,273897,event_engin:c46,46,46,9.434128644,91.761430207,600.004630784,1.5723426387014436,15.293453666699092,16.865796305400536
adfe100,UserBindServer,event_engine,273814,273898,event_engin:c47,47,47,8.961432089,108.198876301,600.004630784,1.4935604875733186,18.03300687190051,19.52656735947383
adfe100,UserBindServer,event_engine,273814,273900,event_engin:c48,48,48,8.209915814,215.485423029,600.004630784,1.3683087417629527,35.91395998851451,37.282268730277465
adfe100,UserBindServer,event_engine,273814,273919,event_engin:c49,49,49,9.235747821,135.157530067,600.004630784,1.5392794233824578,22.526081155473005,24.06536057885546
adfe100,UserBindServer,event_engine,273814,273921,event_engin:c50,50,50,8.666470809,117.559032853,600.004630784,1.4444006536542724,19.59302092375366,21.03742157740793
adfe100,UserBindServer,event_engine,273814,273923,event_engin:c51,51,51,8.9741098,146.325312728,600.004630784,1.4956734230990718,24.38736390030908,25.883037323408153
adfe100,UserBindServer,event_engine,273814,273924,event_engin:c52,52,52,9.535350506,94.075162106,600.004630784,1.5892128188311767,15.679072673668546,17.268285492499725
adfe100,UserBindServer,event_engine,273814,273926,event_engin:c53,53,53,7.547176508,203.173728339,600.004630784,1.2578530432570882,33.86202671028084,35.11987975353792
adfe100,UserBindServer,event_engine,273814,273930,event_engine:c0,0,0,10.429600063,109.244759457,600.004630784,1.7382532613743489,18.207319385894507,19.945572647268857
adfe100,UserBindServer,event_engine,273814,273935,event_engine:c1,1,1,8.606496294,146.108921797,600.004630784,1.4344049783006283,24.35129902349017,25.785704001790798
adfe100,UserBindServer,event_engine,273814,273941,event_engine:c2,2,2,7.167013299,198.576024854,600.004630784,1.194492997434899,33.09574871022734,34.29024170766224
adfe100,UserBindServer,fast-scheduler,273814,273861,fast-schedu:c46,46,46,41.976335398,172.433680891,600.004630784,6.996001904710526,28.7387250104534,35.734726915163925
adfe100,UserBindServer,grpc-server,273814,273998,grpc-server:c48,48,48,28.272424089,169.421852138,600.004630784,4.712034314144818,28.2367574257925,32.94879173993731
adfe100,UserBindServer,grpc-server,273814,274000,grpc-server:c49,49,49,24.420584073,95.031934663,600.004630784,4.070065932839666,15.838533535787198,19.908599468626864
adfe100,UserBindServer,grpc-server,273814,274001,grpc-server:c50,50,50,23.876942806,91.060365094,600.004630784,3.9794597543024017,15.17661038299244,19.156070137294844
adfe100,UserBindServer,grpc-server,273814,274002,grpc-server:c51,51,51,25.847279258,108.538274371,600.004630784,4.307846628487931,18.089572780326336,22.39741940881427
adfe100,UserBindServer,grpc-server,273814,274004,grpc-server:c52,52,52,1.885310664,16.786499538,600.004630784,0.3142160188891453,2.7977283302073537,3.1119443490964986
adfe100,UserBindServer,grpc-server,273814,274006,grpc-server:c53,53,53,1.423348947,33.445522153,600.004630784,0.2372229936192612,5.574210670557357,5.811433664176619
adfe100,UserBindServer,grpc-server,273814,274010,grpc-server:c0,0,0,1.633082492,15.411566685,600.004630784,0.2721783146683588,2.5685746233095528,2.8407529379779115
adfe100,UserBindServer,grpc-server,273814,274011,grpc-server:c1,1,1,1.645000026,24.532272159,600.004630784,0.27416455500527553,4.088680470173163,4.362845025178438
adfe100,UserBindServer,grpc-server,273814,274015,grpc-server:c2,2,2,11.609346502,118.477737814,600.004630784,1.934876150344135,19.746137235506048,21.681013385850182
adfe100,UserBindServer,grpc-server,273814,274021,grpc-server:c3,3,3,11.371519905,93.903250029,600.004630784,1.8952386900983296,15.650420881968978,17.545659572067308
adfe100,UserBindServer,grpc-server,273814,274023,grpc-server:c4,4,4,12.138145852,90.820325529,600.004630784,2.0230086951395045,15.136604097593217,17.159612792732723
adfe100,UserBindServer,grpc-server,273814,274024,grpc-server:c5,5,5,12.685800841,109.651182852,600.004630784,2.114283822180508,18.275056095604388,20.389339917784895
adfe100,UserBindServer,grpc-server,273814,274040,grpc-server:c6,6,6,12.053051627,84.689191222,600.004630784,2.008826433764486,14.114756266354197,16.123582700118682
adfe100,UserBindServer,grpc-server,273814,274041,grpc-server:c7,7,7,12.354107582,101.522096409,600.004630784,2.059002039010503,16.920218811702416,18.97922085071292
adfe100,UserBindServer,grpc-server,273814,274042,grpc-server:c8,8,8,12.815400535,106.33447866,600.004630784,2.1358836044739644,17.72227632994388,19.858159934417845
adfe100,UserBindServer,grpc-server,273814,274043,grpc-server:c9,9,9,12.352987623,85.877599657,600.004630784,2.0588153806177942,14.312822810181894,16.371638190799686
adfe100,UserBindServer,grpc_global,273814,273883,grpc_global_:c4,4,4,0.035812838,0.710217617,600.004630784,0.005968760266600762,0.11836868926694608,0.12433744953354683
adfe100,UserBindServer,http-server,273814,274044,http-server:c36,36,36,0.0,0.0,600.004630784,0.0,0.0,0.0
adfe100,UserBindServer,http-server,273814,274045,http-server:c37,37,37,0.0,0.0,600.004630784,0.0,0.0,0.0
adfe100,UserBindServer,http-server,273814,274046,http-server:c38,38,38,8.0587e-05,2.7245e-05,600.004630784,1.3431063006080548e-05,4.540798287573238e-06,1.7971861293653787e-05
adfe100,UserBindServer,http-server,273814,274047,http-server:c39,39,39,0.0,0.0,600.004630784,0.0,0.0,0.0
adfe100,UserBindServer,jemalloc_bg,273814,273858,jemalloc_bg:c45,45,45,0.629960852,0.106172769,600.004630784,0.10499266500274465,0.01769532492795408,0.12268798993069874
adfe100,UserBindServer,jemalloc_bg,273814,273867,jemalloc_bg:c46,46,46,0.58665586,0.073617994,600.004630784,0.0977752220401103,0.012269570970445105,0.1100447930105554
adfe100,UserBindServer,jemalloc_bg,273814,273887,jemalloc_bg:c47,47,47,0.594350159,0.085079556,600.004630784,0.09905759530945427,0.014179816560553914,0.11323741187000819
adfe100,UserBindServer,jemalloc_bg,273814,273889,jemalloc_bg:c48,48,48,0.623800651,0.263001166,600.004630784,0.10396597276006134,0.043833189363280047,0.14779916212334138
adfe100,UserBindServer,lifeguard,273814,273944,lifeguard:c41,41,41,0.042916676,1.360220366,600.004630784,0.0071527241287992465,0.22670164465608525,0.2338543687848845
adfe100,UserBindServer,rdb-batch,273814,273869,rdb-batch:c8,8,8,213.049381327,208.107417138,600.004630784,35.50795617170781,34.684301830483385,70.1922580021912
adfe100,UserBindServer,rdb-batch,273814,273871,rdb-batch:c6,6,6,266.821890979,179.121311902,600.004630784,44.46997194510906,29.853321576526827,74.32329352163589
adfe100,UserBindServer,rdb-batch,273814,273873,rdb-batch:c7,7,7,211.677444747,218.378719817,600.004630784,35.279301839789184,36.39617239814533,71.67547423793451
adfe100,UserBindServer,rdb-batch,273814,273876,rdb-batch:c9,9,9,266.675315787,177.224925121,600.004630784,44.44554293498484,29.537259552385102,73.98280248736995
adfe100,UserBindServer,rdb-batch,273814,273877,rdb-batch:c10,10,10,221.592419592,205.57261871,600.004630784,36.93178489346904,34.261838686376,71.19362357984504
adfe100,UserBindServer,rdb-batch,273814,273878,rdb-batch:c4,4,4,168.319974754,322.062663588,600.004630784,28.053112612491606,53.67669632268916,81.72980893518077
adfe100,UserBindServer,rdb-batch,273814,273879,rdb-batch:c5,5,5,201.293004591,231.094297392,600.004630784,33.54857517149146,38.51541897102346,72.06399414251491
adfe100,UserBindServer,rdb-batch,273814,273880,rdb-batch:c13,13,13,230.029613898,179.791199916,600.004630784,38.337973091546026,29.964968717170507,68.30294180871654
adfe100,UserBindServer,rdb-batch,273814,273881,rdb-batch:c12,12,12,284.561672977,155.876916903,600.004630784,47.42657945909111,25.979285643066188,73.40586510215729
adfe100,UserBindServer,rdb-batch,273814,273882,rdb-batch:c11,11,11,196.559440518,233.381077259,600.004630784,32.75965391486468,38.89654600732849,71.65619992219317
adfe100,UserBindServer,rdb-batch,273814,273884,rdb-batch:c14,14,14,223.104077444,177.430685399,600.004630784,37.183725924328215,29.57155266737842,66.75527859170664
adfe100,UserBindServer,rdb-batch,273814,273885,rdb-batch:c15,15,15,228.915040686,181.788377623,600.004630784,38.15221232324268,30.29782909932962,68.45004142257231
adfe100,UserBindServer,rdb-batch,273814,273886,rdb-batch:c16,16,16,232.039959996,171.437021334,600.004630784,38.67302818859972,28.57261636630882,67.24564455490855
adfe100,UserBindServer,rdb-batch,273814,273888,rdb-batch:c17,17,17,294.446292586,147.192651291,600.004630784,49.07400334581748,24.531919211801707,73.6059225576192
adfe100,UserBindServer,rdb-batch,273814,273890,rdb-batch:c36,36,36,287.48536164,149.090898661,600.004630784,47.91385714212828,24.84829133171679,72.76214847384507
adfe100,UserBindServer,rdb-batch,273814,273891,rdb-batch:c37,37,37,223.157372919,207.35616446,600.004630784,37.1926084349399,34.55909401716728,71.7517024521072
adfe100,UserBindServer,task-runner,273814,273862,task-runner:c40,40,40,0.100338113,0.014290275,600.004630784,0.01672288976651606,0.002381694118148308,0.019104583884664367
adfe100,UserBindServer,task-runner,273814,274077,task-runner:c40,"0-17,36-53",38,0.256462508,0.306536966,600.004630784,0.04274342144074648,0.051089100029021686,0.09383252146976817
adfe100,UserBindServer,task-runner,273814,275698,task-runner:c40,"0-17,36-53",1,0.003095853,0.00956913,600.004630784,0.0005159715177455853,0.0015948426910466396,0.002110814208792225
adfe100,UserBindServer,task-runner,273814,275699,task-runner:c40,"0-17,36-53",40,0.0,0.0,600.004630784,0.0,0.0,0.0
adfe100,UserBindServer,task-runner,273814,275700,task-runner:c40,"0-17,36-53",40,0.0,0.0,600.004630784,0.0,0.0,0.0
adfe100,UserBindServer,task-runner,273814,275701,task-runner:c40,"0-17,36-53",40,0.0,0.0,600.004630784,0.0,0.0,0.0
adfe100,UserBindServer,task-runner,273814,275702,task-runner:c40,"0-17,36-53",40,0.0,0.0,600.004630784,0.0,0.0,0.0
adfe100,UserBindServer,task-runner,273814,275703,task-runner:c40,"0-17,36-53",40,0.0,0.0,600.004630784,0.0,0.0,0.0
adfe100,UserBindServer,task-runner,273814,275704,task-runner:c40,"0-17,36-53",40,0.0,0.0,600.004630784,0.0,0.0,0.0
adfe100,UserBindServer,task-runner,273814,275705,task-runner:c40,"0-17,36-53",40,0.0,0.0,600.004630784,0.0,0.0,0.0
adfe100,UserBindServer,task-runner,273814,275706,task-runner:c40,"0-17,36-53",40,0.0,0.0,600.004630784,0.0,0.0,0.0
adfe100,UserBindServer,task-runner,273814,275707,task-runner:c40,"0-17,36-53",40,0.0,0.0,600.004630784,0.0,0.0,0.0
adfe100,UserBindServer,task-runner,273814,275708,task-runner:c40,"0-17,36-53",40,0.0,0.0,600.004630784,0.0,0.0,0.0
adfe100,UserBindServer,ub-grpc-p,273814,273864,ub-grpc-p:c38,38,38,182.742166372,150.990268522,600.004630784,30.456792663953067,25.164850532021322,55.62164319597439
adfe100,UserBindServer,ub-grpc-p,273814,273865,ub-grpc-p:c40,40,40,143.454705939,289.677524676,600.004630784,23.90893312799169,48.2792148283074,72.18814795629909
adfe100,UserBindServer,ub-grpc-p,273814,273866,ub-grpc-p:c45,45,45,84.54142927,373.86552608,600.004630784,14.090129464423198,62.31044010301823,76.40056956744142
adfe100,UserBindServer,ub-grpc-p,273814,273868,ub-grpc-p:c41,41,41,93.017094103,372.490576802,600.004630784,15.502729367514814,62.08128365864156,77.58401302615637
adfe100,UserBindServer,ub-grpc-p,273814,273870,ub-grpc-p:c42,42,42,83.982967381,375.615926332,600.004630784,13.997053201283315,62.60217122677853,76.59922442806185
adfe100,UserBindServer,ub-grpc-p,273814,273872,ub-grpc-p:c43,43,43,57.419410012,387.073999855,600.004630784,9.569827808990832,64.5118354085413,74.08166321753214
adfe100,UserBindServer,ub-grpc-p,273814,273874,ub-grpc-p:c44,44,44,68.669756803,372.777159798,600.004630784,11.444871135956436,62.12904712267108,73.57391825862751
adfe100,UserBindServer,ub-grpc-p,273814,273875,ub-grpc-p:c39,39,39,85.838262671,343.669920205,600.004630784,14.306266696448471,57.27787796503194,71.58414466148041
adfe100,UserInfoManager,event_engine,273832,273915,event_engin:c19,19,19,10.257144126,61.70139852,600.004630784,1.7095108270410238,10.283487052321156,11.99299787936218
adfe100,UserInfoManager,event_engine,273832,273916,event_engin:c21,21,21,6.238090845,234.115087977,600.004630784,1.039673783325465,39.01888018282325,40.05855396614872
adfe100,UserInfoManager,event_engine,273832,273917,event_engin:c20,20,20,10.555560807,75.588570574,600.004630784,1.7592465566819888,12.597997864655094,14.357244421337082
adfe100,UserInfoManager,event_engine,273832,273918,event_engin:c22,22,22,7.68901763,199.768710289,600.004630784,1.2814930478041635,33.29452808188678,34.57602112969095
adfe100,UserInfoManager,event_engine,273832,273920,event_engin:c23,23,23,7.204906697,169.464087282,600.004630784,1.200808515025236,28.2437965621313,29.444605077156538
adfe100,UserInfoManager,event_engine,273832,273929,event_engin:c24,24,24,6.70858381,140.969719626,600.004630784,1.1180886722881096,23.4947719389767,24.61286061126481
adfe100,UserInfoManager,event_engine,273832,273932,event_engin:c25,25,25,7.866518396,169.059258764,600.004630784,1.3110762804815626,28.176325663203233,29.487401943684795
adfe100,UserInfoManager,event_engine,273832,273933,event_engin:c26,26,26,7.665007339,157.697983297,600.004630784,1.2774913635223895,26.28279436626062,27.56028572978301
adfe100,UserInfoManager,event_engine,273832,273934,event_engin:c27,27,27,7.126910592,192.744778552,600.004630784,1.1878092645197713,32.12388182740336,33.31169109192313
adfe100,UserInfoManager,event_engine,273832,273936,event_engin:c28,28,28,7.058568954,167.470159117,600.004630784,1.1764190794289162,27.911477766125575,29.08789684555449
adfe100,UserInfoManager,event_engine,273832,273937,event_engin:c29,29,29,7.68362951,168.809588093,600.004630784,1.2805950347350044,28.13471420585935,29.415309240594357
adfe100,UserInfoManager,event_engine,273832,273938,event_engin:c30,30,30,6.906121798,158.29878079,600.004630784,1.1510114161912501,26.382926508943417,27.533937925134666
adfe100,UserInfoManager,event_engine,273832,273939,event_engin:c31,31,31,7.51624845,134.344977008,600.004630784,1.2526984067071023,22.39065669084208,23.64335509754918
adfe100,UserInfoManager,event_engine,273832,273940,event_engin:c32,32,32,6.858915431,147.245131483,600.004630784,1.1431437490803618,24.54066584296211,25.683809592042472
adfe100,UserInfoManager,event_engine,273832,273946,event_engin:c33,33,33,7.14699936,144.340576105,600.004630784,1.1911573666792081,24.056577016146765,25.24773438282597
adfe100,UserInfoManager,event_engine,273832,273951,event_engin:c34,34,34,7.194498564,158.331064583,600.004630784,1.1990738395800815,26.38830709958283,27.58738093916291
adfe100,UserInfoManager,fast-scheduler,273832,273899,fast-schedu:c24,24,24,32.048391979,265.22859495,600.004630784,5.341357438712391,44.20442465642929,49.545782095141675
adfe100,UserInfoManager,grpc-server,273832,273978,grpc-server:c56,56,56,18.932951273,96.295670192,600.004630784,3.155467525019121,16.04915449838689,19.204622023406014
adfe100,UserInfoManager,grpc-server,273832,273980,grpc-server:c57,57,57,19.457037046,78.240935409,600.004630784,3.2428144797109875,13.040055258701248,16.282869738412238
adfe100,UserInfoManager,grpc-server,273832,273982,grpc-server:c58,58,58,20.913177397,148.728849577,600.004630784,3.485502665150044,24.787950283427392,28.273452948577432
adfe100,UserInfoManager,grpc-server,273832,273983,grpc-server:c59,59,59,17.941875387,54.846406451,600.004630784,2.9902894855254916,9.140997191860766,12.131286677386258
adfe100,UserInfoManager,grpc-server,273832,273984,grpc-server:c60,60,60,1.652628557,17.850302949,600.004630784,0.2754359670258848,2.975027530316855,3.2504634973427398
adfe100,UserInfoManager,grpc-server,273832,273985,grpc-server:c61,61,61,1.744667704,16.525364586,600.004630784,0.29077570646751816,2.7542061741101937,3.044981880577712
adfe100,UserInfoManager,grpc-server,273832,273986,grpc-server:c62,62,62,1.682034892,20.327309131,600.004630784,0.28033698503329185,3.387858707763503,3.668195692796795
adfe100,UserInfoManager,grpc-server,273832,273990,grpc-server:c63,63,63,1.478357493,20.281340494,600.004630784,0.24639101386072546,3.3801973273938324,3.626588341254558
adfe100,UserInfoManager,grpc-server,273832,273991,grpc-server:c64,64,64,10.551300179,49.595835071,600.004630784,1.7585364574958486,8.265908715770289,10.024445173266137
adfe100,UserInfoManager,grpc-server,273832,273992,grpc-server:c65,65,65,10.655878798,43.908805828,600.004630784,1.7759660928077214,7.318077823937171,9.09404391674489
adfe100,UserInfoManager,grpc-server,273832,273994,grpc-server:c66,66,66,10.626871727,52.152897392,600.004630784,1.7711316182867336,8.692082480072541,10.463214098359275
adfe100,UserInfoManager,grpc-server,273832,273996,grpc-server:c67,67,67,10.90287612,37.258605949,600.004630784,1.8171319954237162,6.20971973171537,8.026851727139087
adfe100,UserInfoManager,grpc-server,273832,273997,grpc-server:c68,68,68,19.324803435,39.899492309,600.004630784,3.220775714638922,6.649864061359837,9.87063977599876
adfe100,UserInfoManager,grpc-server,273832,274007,grpc-server:c69,69,69,19.386995264,33.70834139,600.004630784,3.2311409394737263,5.6180135386546555,8.849154478128382
adfe100,UserInfoManager,grpc-server,273832,274008,grpc-server:c70,70,70,19.372843821,49.550347107,600.004630784,3.2287823838436625,8.258327446948986,11.48710983079265
adfe100,UserInfoManager,grpc-server,273832,274013,grpc-server:c71,71,71,19.215175069,50.877139762,600.004630784,3.202504461322634,8.479457849437104,11.681962310759737
adfe100,UserInfoManager,grpc_global,273832,273913,grpc_global:c19,19,19,0.026982859,0.501818585,600.004630784,0.00449710845810351,0.08363578533457242,0.08813289379267591
adfe100,UserInfoManager,grpcpp_sync,273832,273956,grpcpp_sync:c22,22,22,0.002813755,0.130856468,600.004630784,0.00046895554728025823,0.02180924301017736,0.022278198557457617
adfe100,UserInfoManager,http-server,273832,274016,http-server:c61,61,61,0.0,0.0,600.004630784,0.0,0.0,0.0
adfe100,UserInfoManager,http-server,273832,274017,http-server:c62,62,62,6.8283e-05,0.0,600.004630784,1.1380412166282378e-05,0.0,1.138041216628238e-05
adfe100,UserInfoManager,http-server,273832,274019,http-server:c63,63,63,0.0,0.0,600.004630784,0.0,0.0,0.0
adfe100,UserInfoManager,http-server,273832,274020,http-server:c64,64,64,0.0,0.0,600.004630784,0.0,0.0,0.0
adfe100,UserInfoManager,jemalloc_bg,273832,273860,jemalloc_bg:c65,65,65,4.57257007,0.841164837,600.004630784,0.7620891298830846,0.14019305749372074,0.9022821873768053
adfe100,UserInfoManager,jemalloc_bg,273832,273914,jemalloc_bg:c66,66,66,6.706425877,2.790487382,600.004630784,1.1177290195638998,0.4650776408765031,1.582806660440403
adfe100,UserInfoManager,jemalloc_bg,273832,273922,jemalloc_bg:c67,67,67,5.936736811,1.402875159,600.004630784,0.9894484986295395,0.2338107219550829,1.2232592205846224
adfe100,UserInfoManager,jemalloc_bg,273832,273928,jemalloc_bg:c68,68,68,8.77164419,1.368718341,600.004630784,1.4619294152010915,0.22811796289164554,1.690047378092737
adfe100,UserInfoManager,lifeguard,273832,273952,lifeguard:c24,24,24,0.039170716,2.943107561,600.004630784,0.006528402280631955,0.490514141058273,0.497042543338905
adfe100,UserInfoManager,rdb-batch,273832,275206,rdb-batch:c34,34,34,75.741377676,289.79797287,600.004630784,12.623465518429754,48.299289372372606,60.92275489080235
adfe100,UserInfoManager,rdb-batch,273832,275207,rdb-batch:c19,19,19,180.005126976,47.509190482,600.004630784,30.000622951992074,7.918137301694123,37.918760253686195
adfe100,UserInfoManager,rdb-batch,273832,275208,rdb-batch:c20,20,20,177.77684585,59.579859806,600.004630784,29.62924563060567,9.929899995629965,39.55914562623563
adfe100,UserInfoManager,rdb-batch,273832,275209,rdb-batch:c21,21,21,86.239920173,325.342209423,600.004630784,14.373209096788809,54.22328307664717,68.59649217343598
adfe100,UserInfoManager,rdb-batch,273832,275210,rdb-batch:c22,22,22,93.248159306,268.628700794,600.004630784,15.541239937457929,44.771104590142,60.31234452759994
adfe100,UserInfoManager,rdb-batch,273832,275211,rdb-batch:c23,23,23,97.006321531,248.847961474,600.004630784,16.167595474095933,41.47434014781539,57.64193562191132
adfe100,UserInfoManager,rdb-batch,273832,275212,rdb-batch:c24,24,24,96.514959825,240.933118243,600.004630784,16.085702488477146,40.155209790328314,56.24091227880545
adfe100,UserInfoManager,rdb-batch,273832,275213,rdb-batch:c25,25,25,109.706774009,207.180113317,600.004630784,18.28432121692976,34.52975238645854,52.8140736033883
adfe100,UserInfoManager,rdb-batch,273832,275214,rdb-batch:c26,26,26,98.660759997,234.745550984,600.004630784,16.4433330902937,39.123956539680066,55.56728962997376
adfe100,UserInfoManager,rdb-batch,273832,275215,rdb-batch:c27,27,27,91.414875715,259.30829337,600.004630784,15.235695030478707,43.21771534182547,58.45341037230417
adfe100,UserInfoManager,rdb-batch,273832,275216,rdb-batch:c28,28,28,91.435748034,254.910454071,600.004630784,15.23917372346358,42.484747782349544,57.723921505813124
adfe100,UserInfoManager,rdb-batch,273832,275217,rdb-batch:c29,29,29,98.437452111,232.949749303,600.004630784,16.406115396538866,38.82465856948715,55.230773966026014
adfe100,UserInfoManager,rdb-batch,273832,275218,rdb-batch:c30,30,30,97.461338734,238.517366585,600.004630784,16.243431089298678,39.75258762142214,55.99601871072082
adfe100,UserInfoManager,rdb-batch,273832,275219,rdb-batch:c31,31,31,90.155561238,249.379004635,600.004630784,15.025810904192129,41.5628466582245,56.588657562416635
adfe100,UserInfoManager,rdb-batch,273832,275220,rdb-batch:c32,32,32,83.110900692,275.719566967,600.004630784,13.851709874872565,45.95290649785973,59.80461637273229
adfe100,UserInfoManager,rdb-batch,273832,275221,rdb-batch:c33,33,33,83.368035754,272.275716589,600.004630784,13.894565387781526,45.37893586474977,59.27350125253129
adfe100,UserInfoManager,task-runner,273832,273901,task-runner:c27,27,27,0.817582751,1.173206773,600.004630784,0.13626274016113843,0.19553295304854926,0.3317956932096877
adfe100,UserInfoManager,task-runner,273832,274048,task-runner:c27,"18-35,54-71",69,0.245367352,0.019290835,600.004630784,0.04089424304598935,0.0032151143524998304,0.04410935739848918
adfe100,UserInfoManager,task-runner,273832,275252,task-runner:c27,"18-35,54-71",18,0.002483964,0.0,600.004630784,0.00041399080483000807,0.0,0.000413990804830008
adfe100,UserInfoManager,task-runner,273832,275253,task-runner:c27,"18-35,54-71",27,0.0,0.0,600.004630784,0.0,0.0,0.0
adfe100,UserInfoManager,task-runner,273832,275254,task-runner:c27,"18-35,54-71",27,0.0,0.0,600.004630784,0.0,0.0,0.0
adfe100,UserInfoManager,task-runner,273832,275255,task-runner:c27,"18-35,54-71",27,0.0,0.0,600.004630784,0.0,0.0,0.0
adfe100,UserInfoManager,task-runner,273832,275256,task-runner:c27,"18-35,54-71",27,0.0,0.0,600.004630784,0.0,0.0,0.0
adfe100,UserInfoManager,task-runner,273832,275257,task-runner:c27,"18-35,54-71",27,0.0,0.0,600.004630784,0.0,0.0,0.0
adfe100,UserInfoManager,task-runner,273832,275258,task-runner:c27,"18-35,54-71",27,0.0,0.0,600.004630784,0.0,0.0,0.0
adfe100,UserInfoManager,task-runner,273832,275259,task-runner:c27,"18-35,54-71",27,0.0,0.0,600.004630784,0.0,0.0,0.0
adfe100,UserInfoManager,task-runner,273832,275260,task-runner:c27,"18-35,54-71",27,0.0,0.0,600.004630784,0.0,0.0,0.0
adfe100,UserInfoManager,task-runner,273832,275261,task-runner:c27,"18-35,54-71",27,0.0,0.0,600.004630784,0.0,0.0,0.0
adfe100,UserInfoManager,task-runner,273832,275262,task-runner:c27,"18-35,54-71",27,0.0,0.0,600.004630784,0.0,0.0,0.0
adfe100,UserInfoManager,uim-grpc-p,273832,273903,uim-grpc-p:c31,31,31,118.193072735,293.911838345,600.004630784,19.6986934218428,48.98492832646277,68.68362174830558
adfe100,UserInfoManager,uim-grpc-p,273832,273904,uim-grpc-p:c32,32,32,103.324725219,319.76145872,600.004630784,17.2206546279468,53.29316513810595,70.51381976605275
adfe100,UserInfoManager,uim-grpc-p,273832,273905,uim-grpc-p:c33,33,33,100.881403972,317.867873877,600.004630784,16.813437563003912,52.9775701000267,69.79100766303061
adfe100,UserInfoManager,uim-grpc-p,273832,273906,uim-grpc-p:c35,35,35,150.365255417,278.621124879,600.004630784,25.0606824851542,46.436495750864104,71.4971782360183
adfe100,UserInfoManager,uim-grpc-p,273832,273907,uim-grpc-p:c58,58,58,279.984966236,142.647602954,600.004630784,46.663800889362435,23.774417002016897,70.43821789137932
adfe100,UserInfoManager,uim-grpc-p,273832,273908,uim-grpc-p:c54,54,54,161.242390886,296.706940877,600.004630784,26.8735244051886,49.45077515306939,76.32429955825799
adfe100,UserInfoManager,uim-grpc-p,273832,273909,uim-grpc-p:c55,55,55,141.009031089,293.249265923,600.004630784,23.50132379890962,48.87450044174224,72.37582424065187
adfe100,UserInfoManager,uim-grpc-p,273832,273910,uim-grpc-p:c56,56,56,243.838082276,145.630354491,600.004630784,40.63936672578466,24.271538421413705,64.91090514719836
adfe100,UserInfoManager,uim-grpc-p,273832,273911,uim-grpc-p:c57,57,57,218.878764724,151.651807691,600.004630784,36.479512572761415,25.275106209237613,61.75461878199903
adfe100,UserInfoManager,uim-grpc-p,273832,273912,uim-grpc-p:c34,34,34,142.330505471,311.266996868,600.004630784,23.7215678294054,51.877432422693296,75.59900025209869
adfe101,CampaignManager,bs-grpc,228709,228775,bs-grpc:c35,35,35,5.665114811,65.617859103,600.0047104,0.9441783894035243,10.936223993850833,11.880402383254356
adfe101,CampaignManager,bs-grpc,228709,228776,bs-grpc:c54,54,54,9.440242217,79.499965851,600.0047104,1.5733613508978213,13.249890288027979,14.8232516389258
adfe101,CampaignManager,bs-grpc,228709,228777,bs-grpc:c55,55,55,5.848994778,57.817514026,600.0047104,0.9748248099753585,9.636176687255555,10.611001497230912
adfe101,CampaignManager,bs-grpc,228709,228778,bs-grpc:c56,56,56,8.974425764,71.479889158,600.0047104,1.4957258848879864,11.913221332937056,13.408947217825043
adfe101,CampaignManager,bs-grpc-c,228709,228779,bs-grpc-c:c71,71,71,36.300305158,182.136341452,600.0047104,6.0500033631069305,30.35581859525348,36.40582195836041
adfe101,CampaignManager,cm-grpc-p,228709,228755,cm-grpc-p:c34,34,34,109.091239185,139.883993187,600.0047104,18.181730458794746,23.313815835503146,41.49554629429789
adfe101,CampaignManager,cm-grpc-p,228709,228756,cm-grpc-p:c33,33,33,99.322902465,177.24714154,600.0047104,16.553687120020317,29.540958340449723,46.09464546047004
adfe101,CampaignManager,cm-grpc-p,228709,228757,cm-grpc-p:c35,35,35,123.481579895,116.293468554,600.0047104,20.58010174831454,19.38209259665172,39.962194344966264
adfe101,CampaignManager,cm-grpc-p,228709,228758,cm-grpc-p:c65,65,65,100.761645924,149.582257198,600.0047104,16.79347581401921,24.93018048112977,41.723656295148984
adfe101,CampaignManager,cm-grpc-p,228709,228759,cm-grpc-p:c54,54,54,137.151726277,103.869103613,600.0047104,22.858441592161206,17.311381362948712,40.16982295510992
adfe101,CampaignManager,cm-grpc-p,228709,228760,cm-grpc-p:c55,55,55,125.292224742,107.473507255,600.0047104,20.881873520371617,17.91211058715715,38.793984107528765
adfe101,CampaignManager,cm-grpc-p,228709,228761,cm-grpc-p:c56,56,56,139.685614235,86.771274841,600.0047104,23.28075293640228,14.461765605665486,37.742518542067764
adfe101,CampaignManager,cm-grpc-p,228709,228762,cm-grpc-p:c57,57,57,136.511949513,107.881990263,600.0047104,22.751812968600323,17.98019055401736,40.732003522617674
adfe101,CampaignManager,cm-grpc-p,228709,228763,cm-grpc-p:c58,58,58,137.101819771,107.397634443,600.0047104,22.850123906460585,17.899465217765062,40.74958912422565
adfe101,CampaignManager,cm-grpc-p,228709,228764,cm-grpc-p:c59,59,59,128.156483317,105.378380623,600.0047104,21.359246201844485,17.56292555649243,38.922171758336916
adfe101,CampaignManager,cm-grpc-p,228709,228765,cm-grpc-p:c60,60,60,130.176221572,104.780952139,600.0047104,21.695866601649932,17.463354924188277,39.159221525838205
adfe101,CampaignManager,cm-grpc-p,228709,228766,cm-grpc-p:c61,61,61,126.700338076,101.55816882,600.0047104,21.116557233614678,16.926228587821434,38.04278582143611
adfe101,CampaignManager,cm-grpc-p,228709,228767,cm-grpc-p:c62,62,62,128.224090495,103.151679394,600.0047104,21.37051397638494,17.19181159848441,38.562325574869355
adfe101,CampaignManager,cm-grpc-p,228709,228768,cm-grpc-p:c63,63,63,150.923752648,83.712815951,600.0047104,25.15376130087128,13.952026459124278,39.10578775999556
adfe101,CampaignManager,cm-grpc-p,228709,228769,cm-grpc-p:c64,64,64,136.395494517,98.921096868,600.0047104,22.732403954974018,16.48672004625649,39.21912400123051
adfe101,CampaignManager,cm-grpc-p,228709,228770,cm-grpc-p:c32,32,32,76.123464982,250.555831093,600.0047104,12.687144561123766,41.75897734635518,54.446121907478954
adfe101,CampaignManager,cm-logging,228709,228751,cm-logging:c59,59,59,146.406436001,158.409175641,600.0047104,24.400881103649414,26.401322005521376,50.8022031091708
adfe101,CampaignManager,cm-logging,228709,228752,cm-logging:c60,60,60,145.648091974,160.011994286,600.0047104,24.274491424725987,26.668456349172022,50.942947773898005
adfe101,CampaignManager,cm-logging,228709,228753,cm-logging:c61,61,61,146.363235421,156.84348006,600.0047104,24.393681063507863,26.140374790630975,50.534055854138835
adfe101,CampaignManager,cm-logging,228709,228754,cm-logging:c62,62,62,147.678760936,159.049925325,600.0047104,24.612933594729327,26.508112781142593,51.12104637587191
adfe101,CampaignManager,event_engine,228709,228730,event_engin:c20,20,20,12.511443927,147.349418915,600.0047104,2.0852242840992203,24.558043688818348,26.643267972917567
adfe101,CampaignManager,event_engine,228709,228731,event_engin:c21,21,21,11.586265004,151.849401093,600.0047104,1.931029007468272,25.308034830554558,27.23906383802283
adfe101,CampaignManager,event_engine,228709,228732,event_engin:c22,22,22,11.910614033,155.23469463,600.0047104,1.9850867545789188,25.872245990620808,27.85733274519973
adfe101,CampaignManager,event_engine,228709,228733,event_engin:c23,23,23,11.797956654,146.948145827,600.0047104,1.9663106721503498,24.491165365857768,26.457476038008114
adfe101,CampaignManager,event_engine,228709,228734,event_engin:c24,24,24,11.899300468,141.023924489,600.0047104,1.9832011752153071,23.503802894311413,25.48700406952672
adfe101,CampaignManager,event_engine,228709,228735,event_engin:c25,25,25,12.098320692,155.366251789,600.0047104,2.0163709521437783,25.894172011653595,27.910542963797376
adfe101,CampaignManager,event_engine,228709,228737,event_engin:c26,26,26,11.260797291,147.799735556,600.0047104,1.8767848144880164,24.633095873108665,26.50988068759668
adfe101,CampaignManager,event_engine,228709,228738,event_engin:c28,28,28,12.351110373,106.236035032,600.0047104,2.0585022348851214,17.705866835808095,19.764369070693217
adfe101,CampaignManager,event_engine,228709,228739,event_engin:c27,27,27,12.983789417,113.065289568,600.0047104,2.1639479143995732,18.844066989511422,21.008014903910993
adfe101,CampaignManager,event_engine,228709,228741,event_engin:c29,29,29,13.160658628,94.839833986,600.0047104,2.193425884811187,15.806514905986978,17.999940790798167
adfe101,CampaignManager,event_engine,228709,228742,event_engin:c30,30,30,11.314573621,131.967223738,600.0047104,1.8857474657918951,21.994364619241495,23.880112085033392
adfe101,CampaignManager,event_engine,228709,228744,event_engin:c31,31,31,11.490970411,103.828754133,600.0047104,1.9151466999883073,17.30465650241002,19.219803202398325
adfe101,CampaignManager,event_engine,228709,228745,event_engin:c32,32,32,10.580087218,231.995735296,600.0047104,1.763334026319004,38.665652331518764,40.428986357837765
adfe101,CampaignManager,event_engine,228709,228746,event_engin:c33,33,33,11.976490993,171.69320742,600.0047104,1.9960661617165865,28.61530992074025,30.611376082456836
adfe101,CampaignManager,event_engine,228709,228747,event_engin:c34,34,34,11.462958823,152.882711359,600.0047104,1.9104781386396263,25.48025185620276,27.39072999484239
adfe101,CampaignManager,event_engine,228709,228748,event_engin:c35,35,35,11.854937727,135.340902772,600.0047104,1.9758074430943668,22.55664004400456,24.532447487098928
adfe101,CampaignManager,fast-scheduler,228709,228750,fast-schedu:c65,65,65,0.0,0.0,600.0047104,0.0,0.0,0.0
adfe101,CampaignManager,grpc-server,228709,228783,grpc-server:c31,31,31,13.991631566,62.962973144,600.0047104,2.3319202872044653,10.493746474427677,12.825666761632142
adfe101,CampaignManager,grpc-server,228709,228784,grpc-server:c32,32,32,15.251530994,136.262404993,600.0047104,2.541901876709,22.710222541779565,25.252124418488563
adfe101,CampaignManager,grpc-server,228709,228785,grpc-server:c33,33,33,14.307193544,88.837502142,600.0047104,2.38451353731239,14.80613411897641,17.1906476562888
adfe101,CampaignManager,grpc-server,228709,228786,grpc-server:c34,34,34,15.661991336,88.101193087,600.0047104,2.610311396648662,14.683416906555006,17.293728303203668
adfe101,CampaignManager,grpc-server,228709,228787,grpc-server:c35,35,35,27.807316144,89.980282682,600.0047104,4.634516306623982,14.996596047056633,19.631112353680617
adfe101,CampaignManager,grpc-server,228709,228788,grpc-server:c54,54,54,28.702688698,81.067158563,600.0047104,4.7837438940879355,13.511087022792813,18.29483091688075
adfe101,CampaignManager,grpc-server,228709,228789,grpc-server:c55,55,55,28.101576258,84.106807227,600.0047104,4.683559273937327,14.017691156279296,18.701250430216625
adfe101,CampaignManager,grpc-server,228709,228790,grpc-server:c56,56,56,27.062366468,70.986912602,600.0047104,4.510359002008261,11.831059218631093,16.341418220639355
adfe101,CampaignManager,grpc-server,228709,228791,grpc-server:c57,57,57,14.589264571,76.174494726,600.0047104,2.4315250060743523,12.695649451688038,15.12717445776239
adfe101,CampaignManager,grpc-server,228709,228792,grpc-server:c58,58,58,14.459071712,76.997094366,600.0047104,2.4098263665898045,12.832748315370559,15.242574681960363
adfe101,CampaignManager,grpc-server,228709,228793,grpc-server:c59,59,59,14.717583752,70.785084226,600.0047104,2.4529113683438175,11.797421420043571,14.250332788387391
adfe101,CampaignManager,grpc-server,228709,228794,grpc-server:c60,60,60,14.834272287,69.735576759,600.0047104,2.4723593048312176,11.62250488208834,14.094864186919557
adfe101,CampaignManager,grpc-server,228709,228795,grpc-server:c61,61,61,12.996336202,60.581278551,600.0047104,2.1660390288162645,10.096800491884938,12.262839520701203
adfe101,CampaignManager,grpc-server,228709,228796,grpc-server:c62,62,62,12.878144569,61.130950515,600.0047104,2.1463405779622358,10.188411766675356,12.334752344637593
adfe101,CampaignManager,grpc-server,228709,228797,grpc-server:c64,64,64,11.954087379,61.536547677,600.0047104,1.9923322553635738,10.25601076297817,12.248343018341744
adfe101,CampaignManager,grpc-server,228709,228798,grpc-server:c63,63,63,12.716061371,58.803975897,600.0047104,2.1193269237040977,9.800585708368466,11.919912632072563
adfe101,CampaignManager,grpc_global,228709,228729,grpc_global:c55,55,55,0.030939227,0.560475463,600.0047104,0.00515649735139146,0.09341184382141811,0.09856834117280956
adfe101,CampaignManager,grpcpp_sync,228709,228782,grpcpp_sync:c68,68,68,0.002629777,0.055396049,600.0047104,0.00043829272577657416,0.009232602351249808,0.009670895077026382
adfe101,CampaignManager,http-server,228709,228799,http-server:c28,28,28,9.653e-05,0.005253746,600.0047104,1.6088207030182676e-05,0.000875617459152534,0.0008917056661827166
adfe101,CampaignManager,http-server,228709,228800,http-server:c29,29,29,0.0,0.0,600.0047104,0.0,0.0,0.0
adfe101,CampaignManager,http-server,228709,228801,http-server:c30,30,30,0.0,0.0,600.0047104,0.0,0.0,0.0
adfe101,CampaignManager,http-server,228709,228802,http-server:c31,31,31,0.0,0.0,600.0047104,0.0,0.0,0.0
adfe101,CampaignManager,jemalloc_bg,228709,228728,jemalloc_bg:c29,29,29,2.909625505,0.892364351,600.0047104,0.48493377711322716,0.1487262242333223,0.6336600013465494
adfe101,CampaignManager,jemalloc_bg,228709,228736,jemalloc_bg:c30,30,30,2.813111647,1.287459021,600.0047104,0.46884826039525707,0.2145748189446214,0.6834230793398784
adfe101,CampaignManager,jemalloc_bg,228709,228740,jemalloc_bg:c31,31,31,2.997133604,1.596858118,600.0047104,0.4995183457813067,0.26614093028293667,0.7656592760642433
adfe101,CampaignManager,jemalloc_bg,228709,228743,jemalloc_bg:c32,32,32,3.09583303,3.279684717,600.0047104,0.5159681209729383,0.5466098282484417,1.0625779492213798
adfe101,CampaignManager,lifeguard,228709,228749,lifeguard:c21,21,21,0.031972195,1.267648761,600.0047104,0.005328657333154163,0.21127313486504257,0.2166017921981967
adfe101,CampaignManager,task-runner,228709,228771,task-runner:c29,29,29,0.00635757,0.010821969,600.0047104,0.0010595866815381588,0.0018036473401659482,0.002863234021704107
adfe101,CampaignManager,task-runner,228709,228772,task-runner:c30,30,30,7.796128391,7.287413887,600.0047104,1.2993445311125345,1.2145594460653089,2.513903977177843
adfe101,CampaignManager,task-runner,228709,228780,task-runner:c31,31,31,0.538082613,6.539372602,600.0047104,0.08967973145432159,1.0898868773280883,1.17956660878241
adfe101,CampaignManager,task-runner,228709,230616,task-runner:c32,32,32,181.413299463,188.736539388,600.0047104,30.23531254313966,31.45584294866229,61.69115549180195
adfe101,CampaignManager,task-runner,228709,230967,task-runner:c33,33,33,79.126240085,38.649463716,600.0047104,13.187603149356875,6.44152671572093,19.629129865077804
adfe101,ChannelServer,cs-grpc-p,242263,242286,cs-grpc-p:c65,65,65,241.423911212,83.646791546,600.0047104,40.23700264803788,13.941022478012865,54.17802512605074
adfe101,ChannelServer,cs-grpc-p,242263,242287,cs-grpc-p:c66,66,66,277.922813248,52.808178175,600.0047104,46.320105230960536,8.801293933141762,55.12139916410229
adfe101,ChannelServer,cs-grpc-p,242263,242288,cs-grpc-p:c67,67,67,271.67177371,53.007165815,600.0047104,45.27827348703428,8.834458279446201,54.11273176648048
adfe101,ChannelServer,cs-grpc-p,242263,242289,cs-grpc-p:c18,18,18,237.776473944,95.274914542,600.0047104,39.62910120913611,15.879027762712711,55.50812897184881
adfe101,ChannelServer,cs-grpc-p,242263,242290,cs-grpc-p:c69,69,69,273.2288053,55.757793536,600.0047104,45.53777671476094,9.292892633930895,54.83066934869183
adfe101,ChannelServer,cs-grpc-p,242263,242291,cs-grpc-p:c70,70,70,265.039726956,64.050890874,600.0047104,44.17294103896422,10.67506467262561,54.848005711589835
adfe101,ChannelServer,cs-grpc-p,242263,242292,cs-grpc-p:c71,71,71,268.422779578,51.075197812,600.0047104,44.73677871612922,8.512466140132489,53.24924485626171
adfe101,ChannelServer,cs-grpc-p,242263,242293,cs-grpc-p:c26,26,26,249.509862915,77.725470442,600.0047104,41.58465068526902,12.954143375005078,54.5387940602741
adfe101,ChannelServer,cs-grpc-p,242263,242294,cs-grpc-p:c19,19,19,243.431775679,87.527486972,600.0047104,40.57164409871273,14.587799971378358,55.15944407009109
adfe101,ChannelServer,cs-grpc-p,242263,242295,cs-grpc-p:c20,20,20,239.372456266,85.242676704,600.0047104,39.89509617456496,14.207001249568856,54.102097424133824
adfe101,ChannelServer,cs-grpc-p,242263,242296,cs-grpc-p:c21,21,21,228.447501388,97.552657021,600.0047104,38.07428465614926,16.258648528936614,54.33293318508588
adfe101,ChannelServer,cs-grpc-p,242263,242297,cs-grpc-p:c22,22,22,232.011567697,92.884031749,600.0047104,38.66829104430311,15.48055042552546,54.14884146982857
adfe101,ChannelServer,cs-grpc-p,242263,242298,cs-grpc-p:c23,23,23,236.483484185,83.162115588,600.0047104,39.41360460776143,13.86024378584612,53.27384839360755
adfe101,ChannelServer,cs-grpc-p,242263,242299,cs-grpc-p:c24,24,24,239.165508127,78.174039885,600.0047104,39.86060508884298,13.028904361914822,52.889509450757814
adfe101,ChannelServer,cs-grpc-p,242263,242300,cs-grpc-p:c25,25,25,244.899925611,78.179202038,600.0047104,40.81633383306852,13.029764713993819,53.84609854706234
adfe101,ChannelServer,cs-grpc-p,242263,242301,cs-grpc-p:c68,68,68,269.91881674,60.217256821,600.0047104,44.98611628566308,10.036130679850077,55.022246965513155
adfe101,ChannelServer,event_engine,242263,242303,event_engin:c65,65,65,8.838319426,137.675680879,600.0047104,1.4730416733075034,22.945766673601103,24.418808346908605
adfe101,ChannelServer,event_engine,242263,242304,event_engin:c66,66,66,8.250922716,131.261826867,600.0047104,1.3751429902107648,21.8767993970402,23.251942387250963
adfe101,ChannelServer,event_engine,242263,242305,event_engin:c67,67,67,9.142614874,131.469184641,600.0047104,1.5237571831569408,21.9113587547262,23.435115937883143
adfe101,ChannelServer,event_engine,242263,242306,event_engin:c68,68,68,10.076852194,148.86269059,600.0047104,1.679462180768906,24.810253654635307,26.489715835404215
adfe101,ChannelServer,event_engine,242263,242307,event_engin:c69,69,69,8.858689706,137.785934966,600.0047104,1.4764366933209996,22.964142210507553,24.440578903828552
adfe101,ChannelServer,event_engine,242263,242310,event_engin:c70,70,70,9.568775123,154.721836093,600.0047104,1.5947833337209747,25.78677023882911,27.38155357255009
adfe101,ChannelServer,event_engine,242263,242311,event_engin:c71,71,71,10.125139975,142.242981712,600.0047104,1.6875100810875234,23.706977503088616,25.39448758417614
adfe101,ChannelServer,event_engine,242263,242313,event_engin:c18,18,18,8.456838701,126.479441539,600.0047104,1.4094620516165868,21.079741433143255,22.48920348475984
adfe101,ChannelServer,event_engine,242263,242314,event_engin:c19,19,19,8.157509957,126.550450268,600.0047104,1.359574319268544,21.091576128399673,22.45115044766822
adfe101,ChannelServer,event_engine,242263,242315,event_engin:c20,20,20,9.484420016,137.055949313,600.0047104,1.5807242595940794,22.842478890145728,24.423203149739805
adfe101,ChannelServer,event_engine,242263,242316,event_engin:c21,21,21,8.780377432,136.710639849,600.0047104,1.4633847501207884,22.784927764627096,24.248312514747884
adfe101,ChannelServer,event_engine,242263,242317,event_engin:c22,22,22,9.329443249,146.027726552,600.0047104,1.5548950012043106,24.3377633576658,25.892658358870115
adfe101,ChannelServer,event_engine,242263,242318,event_engin:c23,23,23,8.701243952,129.435963817,600.0047104,1.4501959403284044,21.572491277728474,23.02268721805688
adfe101,ChannelServer,event_engine,242263,242319,event_engin:c24,24,24,9.285138262,133.910211128,600.0047104,1.5475108946744696,22.318193308637063,23.865704203311537
adfe101,ChannelServer,event_engine,242263,242320,event_engin:c25,25,25,9.165187768,135.623485758,600.0047104,1.5275193026217948,22.60373683859666,24.131256141218454
adfe101,ChannelServer,event_engine,242263,242321,event_engin:c26,26,26,8.965820437,138.180675816,600.0047104,1.4942916749808237,23.0299318356818,24.524223510662626
adfe101,ChannelServer,fast-scheduler,242263,242283,fast-schedu:c63,63,63,0.0,0.0,600.0047104,0.0,0.0,0.0
adfe101,ChannelServer,grpc-server,242263,242324,grpc-server:c60,60,60,21.402760818,74.106469937,600.0047104,3.567098798896363,12.350981359395675,15.918080158292035
adfe101,ChannelServer,grpc-server,242263,242325,grpc-server:c61,61,61,21.392291757,72.886660078,600.0047104,3.56535396909444,12.147681312269912,15.713035281364352
adfe101,ChannelServer,grpc-server,242263,242326,grpc-server:c62,62,62,21.676563324,75.981019769,600.0047104,3.6127321916438073,12.663403878670616,16.276136070314422
adfe101,ChannelServer,grpc-server,242263,242327,grpc-server:c63,63,63,20.917984426,78.457472764,600.0047104,3.486303367861027,13.076142804228224,16.562446172089253
adfe101,ChannelServer,grpc-server,242263,242328,grpc-server:c64,64,64,19.830727191,81.197114551,600.0047104,3.3050952512988805,13.53274618408729,16.83784143538617
adfe101,ChannelServer,grpc-server,242263,242329,grpc-server:c65,65,65,21.436802983,103.222217565,600.0047104,3.5727724485210977,17.203567868023192,20.77634031654429
adfe101,ChannelServer,grpc-server,242263,242330,grpc-server:c66,66,66,22.319188317,106.744886932,600.0047104,3.719835516311307,17.79067482000888,21.510510336320184
adfe101,ChannelServer,grpc-server,242263,242331,grpc-server:c67,67,67,21.920880993,101.382481716,600.0047104,3.6534514834702203,16.896947633696445,20.550399117166666
adfe101,ChannelServer,grpc-server,242263,242332,grpc-server:c68,68,68,0.521463299,9.942410974,600.0047104,0.08690986753293328,1.6570554866763927,1.7439653542093259
adfe101,ChannelServer,grpc-server,242263,242333,grpc-server:c69,69,69,0.438936273,9.028395381,600.0047104,0.07315547118078092,1.504720750438962,1.577876221619743
adfe101,ChannelServer,grpc-server,242263,242334,grpc-server:c70,70,70,0.067411757,1.925915151,600.0047104,0.011235204629486855,0.32098333856680333,0.33221854319629024
adfe101,ChannelServer,grpc-server,242263,242335,grpc-server:c71,71,71,0.495587811,8.948889696,600.0047104,0.08259732005597269,1.491469906966917,1.5740672270228895
adfe101,ChannelServer,grpc-server,242263,242336,grpc-server:c18,18,18,13.446829266,85.600478863,600.0047104,2.2411206167090785,14.266634474574952,16.50775509128403
adfe101,ChannelServer,grpc-server,242263,242337,grpc-server:c19,19,19,13.034085752,83.949356984,600.0047104,2.17233057109013,13.991449655125907,16.163780226216037
adfe101,ChannelServer,grpc-server,242263,242338,grpc-server:c20,20,20,12.227564629,75.440716785,600.0047104,2.037911439203261,12.573354088288172,14.611265527491431
adfe101,ChannelServer,grpc-server,242263,242339,grpc-server:c21,21,21,12.011410075,78.829600343,600.0047104,2.001885963027266,13.13816358049045,15.140049543517717
adfe101,ChannelServer,grpc_global,242263,242302,grpc_global:c28,28,28,0.030309651,1.023433797,600.0047104,0.005051568841816879,0.17057096040424685,0.17562252924606372
adfe101,ChannelServer,grpcpp_sync,242263,242323,grpcpp_sync:c58,58,58,0.002598131,0.035599893,600.0047104,0.00043301843384994866,0.0059332689198834665,0.006366287353733414
adfe101,ChannelServer,grpcpp_sync,242263,242628,grpcpp_sync:c59,59,59,0.00290559,0.075540883,600.0047104,0.00048426119822675314,0.01259004832639394,0.013074309524620692
adfe101,ChannelServer,http-server,242263,242340,http-server:c64,64,64,0.0,0.0,600.0047104,0.0,0.0,0.0
adfe101,ChannelServer,http-server,242263,242341,http-server:c65,65,65,0.0,0.0,600.0047104,0.0,0.0,0.0
adfe101,ChannelServer,http-server,242263,242342,http-server:c66,66,66,0.0,0.0,600.0047104,0.0,0.0,0.0
adfe101,ChannelServer,http-server,242263,242343,http-server:c67,67,67,0.000114169,0.0,600.0047104,1.9028017284045643e-05,0.0,1.9028017284045643e-05
adfe101,ChannelServer,jemalloc_bg,242263,242281,jemalloc_bg:c21,21,21,0.232361848,0.349367943,600.0047104,0.03872667063648439,0.05822753337504465,0.09695420401152904
adfe101,ChannelServer,jemalloc_bg,242263,242308,jemalloc_bg:c22,22,22,0.395194712,0.608025361,600.0047104,0.06586526824706741,0.10133676460550667,0.1672020328525741
adfe101,ChannelServer,jemalloc_bg,242263,242309,jemalloc_bg:c23,23,23,0.311859217,0.176404678,600.0047104,0.05197612811941018,0.029400548852757807,0.08137667697216798
adfe101,ChannelServer,jemalloc_bg,242263,242312,jemalloc_bg:c24,24,24,0.289000398,0.210804724,600.0047104,0.04816635486200343,0.03513384484256209,0.08330019970456552
adfe101,ChannelServer,lifeguard,242263,242322,lifeguard:c32,32,32,0.042764621,2.053719441,600.0047104,0.0071273808786418485,0.3422838863433029,0.34941126722194477
adfe101,ChannelServer,task-runner,242263,242282,task-runner:c20,20,20,0.0,0.0,600.0047104,0.0,0.0,0.0
adfe101,ChannelServer,task-runner,242263,242284,task-runner:c21,21,21,3.370689939,2.634037712,600.0047104,0.5617772461740994,0.43900283886837965,1.000780085042479
adfe101,FCGIActionServer,bid-request,229031,229479,bid-request:c47,47,47,0.499958012,6.162195912,600.0047104,0.08332568117118569,1.027024589172292,1.1103502703434778
adfe101,FCGIActionServer,bid-request,229031,229480,bid-request:c28,28,28,0.412351141,7.027423964,600.0047104,0.06872465063234277,1.1712281324116751,1.2399527830440178
adfe101,FCGIActionServer,bid-request,229031,229481,bid-request:c20,20,20,0.393089048,3.866202585,600.0047104,0.06551432700219015,0.6443620388284205,0.7098763658306106
adfe101,FCGIActionServer,bid-request,229031,229483,bid-request:c36,36,36,0.530191456,10.057229791,600.0047104,0.08836454894604774,1.6761918059435288,1.7645563548895766
adfe101,FCGIActionServer,bid-request,229031,229485,bid-request:c4,4,4,0.504334638,4.550986232,600.0047104,0.08405511311132534,0.7584917506674295,0.8425468637787547
adfe101,FCGIActionServer,bid-request,229031,229486,bid-request:c71,71,71,0.404345453,3.984493451,600.0047104,0.06739037977392519,0.6640770283859425,0.7314674081598677
adfe101,FCGIActionServer,bid-request,229031,229487,bid-request:c68,68,68,0.449591837,4.6101395,600.0047104,0.07493138457201019,0.7683505512692722,0.8432819358412823
adfe101,FCGIActionServer,bid-request,229031,229489,bid-request:c25,25,25,0.392857582,4.27146804,600.0047104,0.0654757496383815,0.7119057510652503,0.7773815007036319
adfe101,FCGIActionServer,bid-request,229031,229490,bid-request:c26,26,26,0.401775826,4.666031095,600.0047104,0.06696211196944629,0.7776657439721326,0.844627855941579
adfe101,FCGIActionServer,bid-request,229031,229496,bid-request:c61,61,61,0.414076376,3.124228097,600.0047104,0.069012187541653,0.520700594986529,0.5897127825281819
adfe101,FCGIActionServer,bid-request,229031,229498,bid-request:c7,7,7,0.514161191,4.165212933,600.0047104,0.08569285908726093,0.6941967055930633,0.7798895646803242
adfe101,FCGIActionServer,bid-request,229031,229500,bid-request:c62,62,62,0.419849092,2.808658728,600.0047104,0.06997429932176746,0.46810611305494176,0.5380804123767092
adfe101,FCGIActionServer,bid-request,229031,229501,bid-request:c42,42,42,0.491460148,3.190177478,600.0047104,0.08190938162341467,0.5316920721961053,0.6136014538195199
adfe101,FCGIActionServer,bid-request,229031,229503,bid-request:c2,2,2,0.476991672,4.078535675,600.0047104,0.07949798788779643,0.679750609337883,0.7592485972256794
adfe101,FCGIActionServer,bid-request,229031,229506,bid-request:c59,59,59,0.380817531,3.167270345,600.0047104,0.06346909022532901,0.5278742466685808,0.5913433368939098
adfe101,FCGIActionServer,bid-request,229031,229507,bid-request:c32,32,32,0.417575502,5.368994976,600.0047104,0.06959537062994364,0.8948254710235022,0.9644208416534458
adfe101,FCGIActionServer,bid-request,229031,229508,bid-request:c64,64,64,0.409529135,5.737755955,600.0047104,0.06825431999141852,0.9562851516907025,1.024539471682121
adfe101,FCGIActionServer,bid-request,229031,229510,bid-request:c5,5,5,0.502606242,4.88537692,600.0047104,0.08376704937281772,0.8142230944725597,0.8979901438453773
adfe101,FCGIActionServer,bid-request,229031,229511,bid-request:c14,14,14,0.513687809,5.567256492,600.0047104,0.08561396270665012,0.9278687976113595,1.0134827603180097
adfe101,FCGIActionServer,bid-request,229031,229513,bid-request:c33,33,33,0.431017364,4.352656511,600.0047104,0.07183566337548539,0.7254370566688138,0.797272720044299
adfe101,FCGIActionServer,bid-request,229031,229514,bid-request:c57,57,57,0.409489574,4.407829764,600.0047104,0.06824772654318148,0.7346325266449109,0.8028802531880923
adfe101,FCGIActionServer,bid-request,229031,229516,bid-request:c34,34,34,0.427700092,4.368507581,600.0047104,0.07128278904925077,0.7280788809287321,0.7993616699779829
adfe101,FCGIActionServer,bid-request,229031,229517,bid-request:c16,16,16,0.506194688,5.839836199,600.0047104,0.08436511901090568,0.9732983921254229,1.0576635111363286
adfe101,FCGIActionServer,bid-request,229031,229518,bid-request:c67,67,67,0.417958879,4.09616352,600.0047104,0.06965926629498674,0.6826885604396749,0.7523478267346615
adfe101,FCGIActionServer,bid-request,229031,229519,bid-request:c52,52,52,0.474105951,3.912658271,600.0047104,0.07901703816357239,0.6521045923775468,0.7311216305411192
adfe101,FCGIActionServer,bid-request,229031,229520,bid-request:c69,69,69,0.409967826,4.526942674,600.0047104,0.0683274345840869,0.7544845224601757,0.8228119570442626
adfe101,FCGIActionServer,bid-request,229031,229521,bid-request:c37,37,37,0.490574913,3.905370805,600.0047104,0.08176184361501973,0.6508900242460497,0.7326518678610694
adfe101,FCGIActionServer,bid-request,229031,229522,bid-request:c70,70,70,0.406601285,4.724833188,600.0047104,0.06776634882231751,0.7874660158667981,0.8552323646891156
adfe101,FCGIActionServer,bid-request,229031,229523,bid-request:c38,38,38,0.508782344,4.641934691,600.0047104,0.08479639162512814,0.7736497081673578,0.858446099792486
adfe101,FCGIActionServer,bid-request,229031,229524,bid-request:c22,22,22,0.405829691,4.69858238,600.0047104,0.06763775083189746,0.7830909155475857,0.8507286663794831
adfe101,FCGIActionServer,bid-request,229031,229525,bid-request:c60,60,60,0.402239175,3.177573579,600.0047104,0.06703933619651796,0.5295914388541441,0.596630775050662
adfe101,FCGIActionServer,bid-request,229031,229526,bid-request:c66,66,66,0.398096116,3.910598124,600.0047104,0.06634883178410461,0.6517612372397802,0.7181100690238849
adfe101,FCGIActionServer,bid-request,229031,229527,bid-request:c50,50,50,0.51855028,2.441714298,600.0047104,0.08642436817776022,0.40694918817757336,0.4933735563553336
adfe101,FCGIActionServer,bid-request,229031,229528,bid-request:c9,9,9,0.506575062,4.805425758,600.0047104,0.08442851417987801,0.8008980054167255,0.8853265195966034
adfe101,FCGIActionServer,bid-request,229031,229529,bid-request:c40,40,40,0.502196773,4.683935475,600.0047104,0.08369880507524763,0.7806497838787634,0.8643485889540109
adfe101,FCGIActionServer,bid-request,229031,229530,bid-request:c54,54,54,0.472571491,2.838699746,600.0047104,0.07876129683797896,0.4731129100815806,0.5518742069195596
adfe101,FCGIActionServer,bid-request,229031,229531,bid-request:c30,30,30,0.386239114,4.737890353,600.0047104,0.06437268029821121,0.7896421929490239,0.8540148732472351
adfe101,FCGIActionServer,bid-request,229031,229532,bid-request:c19,19,19,0.418303103,4.093580554,600.0047104,0.06971663651125896,0.6822580694859824,0.7519747059972415
adfe101,FCGIActionServer,bid-request,229031,229533,bid-request:c56,56,56,0.386501296,2.629301841,600.0047104,0.06441637695516332,0.43821353323162177,0.502629910186785
adfe101,FCGIActionServer,bid-request,229031,229534,bid-request:c53,53,53,0.494213439,5.569054933,600.0047104,0.08236825985424798,0.9281685354248845,1.0105367952791326
adfe101,FCGIActionServer,bid-request,229031,229535,bid-request:c49,49,49,0.499894277,2.354067728,600.0047104,0.08331505875457874,0.39234154119067394,0.47565659994525267
adfe101,FCGIActionServer,bid-request,229031,229536,bid-request:c15,15,15,0.501515571,6.362289742,600.0047104,0.08358527229988894,1.0603732990293537,1.1439585713292426
adfe101,FCGIActionServer,bid-request,229031,229537,bid-request:c51,51,51,0.50670704,2.606496752,600.0047104,0.08445051034052682,0.43441271490391287,0.5188632252444396
adfe101,FCGIActionServer,bid-request,229031,229538,bid-request:c6,6,6,0.521219575,5.051420959,600.0047104,0.08686924718516344,0.8418968837148649,0.9287661309000282
adfe101,FCGIActionServer,bid-request,229031,229539,bid-request:c63,63,63,0.392828681,4.584917443,600.0047104,0.06547093284286323,0.7641469081040068,0.82961784094687
adfe101,FCGIActionServer,bid-request,229031,229540,bid-request:c27,27,27,0.418784536,6.408351572,600.0047104,0.0697968747146689,1.068050210427148,1.1378470851418168
adfe101,FCGIActionServer,bid-request,229031,229541,bid-request:c12,12,12,0.531454229,8.398185448,600.0047104,0.08857500946045906,1.3996865861938406,1.4882615956542997
adfe101,FCGIActionServer,bid-request,229031,229542,bid-request:c35,35,35,0.402886345,3.779105762,600.0047104,0.06714719701640529,0.6298460156222133,0.6969932126386186
adfe101,FCGIActionServer,bid-request,229031,229543,bid-request:c13,13,13,0.55053345,5.638624743,600.0047104,0.09175485466322099,0.9397634127307011,1.031518267393922
adfe101,FCGIActionServer,bid-request,229031,229544,bid-request:c31,31,31,0.417616988,3.553124642,600.0047104,0.06960228490899527,0.592182791303633,0.6617850762126284
adfe101,FCGIActionServer,bid-request,229031,229545,bid-request:c41,41,41,0.506873789,6.173736897,600.0047104,0.08447830162234674,1.0289480715716728,1.1134263731940195
adfe101,FCGIActionServer,bid-request,229031,229546,bid-request:c23,23,23,0.40620338,4.135744698,600.0047104,0.06770003184295001,0.689285371650309,0.7569854034932589
adfe101,FCGIActionServer,bid-request,229031,229547,bid-request:c58,58,58,0.417528999,4.80525799,600.0047104,0.06958762019078976,0.8008700443029055,0.8704576644936953
adfe101,FCGIActionServer,bid-request,229031,229548,bid-request:c11,11,11,0.532724418,6.927878344,600.0047104,0.08878670596516704,1.1546373259938993,1.2434240319590664
adfe101,FCGIActionServer,bid-request,229031,229549,bid-request:c44,44,44,0.479446174,3.783146894,600.0047104,0.0799070683429088,0.6305195323346582,0.7104266006775669
adfe101,FCGIActionServer,bid-request,229031,229550,bid-request:c48,48,48,0.495803482,3.358170965,600.0047104,0.08263326494044804,0.559690766887686,0.6423240318281341
adfe101,FCGIActionServer,bid-request,229031,229552,bid-request:c17,17,17,0.501839931,5.125920337,600.0047104,0.08363933187548522,0.8543133492373329,0.9379526811128182
adfe101,FCGIActionServer,bid-request,229031,229553,bid-request:c65,65,65,0.404556734,4.008801103,600.0047104,0.06742559299747791,0.6681282719143133,0.7355538649117912
adfe101,FCGIActionServer,bid-request,229031,229554,bid-request:c46,46,46,0.51080285,5.791413453,600.0047104,0.08513313998142905,0.9652279978167319,1.050361137798161
adfe101,FCGIActionServer,bid-request,229031,229555,bid-request:c55,55,55,0.39924178,3.205258823,600.0047104,0.06653977428507868,0.534205609963158,0.6007453842482368
adfe101,FCGIActionServer,bid-request,229031,229556,bid-request:c24,24,24,0.407097654,4.417835334,600.0047104,0.06784907633951802,0.7363001085532811,0.8041491848927992
adfe101,FCGIActionServer,bid-request,229031,229557,bid-request:c0,0,0,0.495751538,4.117066365,600.0047104,0.08262460767508001,0.6861723405896781,0.7687969482647582
adfe101,FCGIActionServer,bid-request,229031,229558,bid-request:c10,10,10,0.489706287,4.616973754,600.0047104,0.08161707375155967,0.769489584660434,0.8511066584119937
adfe101,FCGIActionServer,bid-request,229031,229559,bid-request:c45,45,45,0.535350903,4.780918398,600.0047104,0.08922445002858431,0.7968134774829928,0.8860379275115771
adfe101,FCGIAdServer,bid-request,229019,229807,bid-request:c47,47,47,0.000315056,0.004555614,600.0047104,5.2508921103296724e-05,0.0007592630392789663,0.0008117719603822631
adfe101,FCGIAdServer,bid-request,229019,229808,bid-request:c26,26,26,0.0,0.0,600.0047104,0.0,0.0,0.0
adfe101,FCGIAdServer,bid-request,229019,229809,bid-request:c35,35,35,0.0,0.0,600.0047104,0.0,0.0,0.0
adfe101,FCGIAdServer,bid-request,229019,229810,bid-request:c29,29,29,0.0,0.0,600.0047104,0.0,0.0,0.0
adfe101,FCGIAdServer,bid-request,229019,229811,bid-request:c40,40,40,0.0,0.0,600.0047104,0.0,0.0,0.0
adfe101,FCGIAdServer,bid-request,229019,229815,bid-request:c44,44,44,0.0,0.0,600.0047104,0.0,0.0,0.0
adfe101,FCGIAdServer,bid-request,229019,229820,bid-request:c68,68,68,0.0,0.0,600.0047104,0.0,0.0,0.0
adfe101,FCGIAdServer,bid-request,229019,229821,bid-request:c52,52,52,0.0,0.0,600.0047104,0.0,0.0,0.0
adfe101,FCGIAdServer,bid-request,229019,229822,bid-request:c10,10,10,0.0,0.0,600.0047104,0.0,0.0,0.0
adfe101,FCGIAdServer,bid-request,229019,229865,bid-request:c22,22,22,0.0,0.0,600.0047104,0.0,0.0,0.0
adfe101,FCGIAdServer,bid-request,229019,229888,bid-request:c39,39,39,0.0,0.0,600.0047104,0.0,0.0,0.0
adfe101,FCGIAdServer,bid-request,229019,229889,bid-request:c9,9,9,0.0,0.0,600.0047104,0.0,0.0,0.0
adfe101,FCGIAdServer,bid-request,229019,229974,bid-request:c33,33,33,0.0,0.0,600.0047104,0.0,0.0,0.0
adfe101,FCGIAdServer,bid-request,229019,229976,bid-request:c16,16,16,0.0,0.0,600.0047104,0.0,0.0,0.0
adfe101,FCGIAdServer,bid-request,229019,229979,bid-request:c15,15,15,0.0,0.0,600.0047104,0.0,0.0,0.0
adfe101,FCGIAdServer,bid-request,229019,229980,bid-request:c60,60,60,0.0,0.0,600.0047104,0.0,0.0,0.0
adfe101,FCGIAdServer,bid-request,229019,229982,bid-request:c45,45,45,0.0,0.0,600.0047104,0.0,0.0,0.0
adfe101,FCGIAdServer,bid-request,229019,229983,bid-request:c63,63,63,0.0,0.0,600.0047104,0.0,0.0,0.0
adfe101,FCGIAdServer,bid-request,229019,229985,bid-request:c50,50,50,0.0,0.0,600.0047104,0.0,0.0,0.0
adfe101,FCGIAdServer,bid-request,229019,229993,bid-request:c14,14,14,0.0,0.0,600.0047104,0.0,0.0,0.0
adfe101,FCGIAdServer,bid-request,229019,230007,bid-request:c49,49,49,0.0,0.0,600.0047104,0.0,0.0,0.0
adfe101,FCGIAdServer,bid-request,229019,230028,bid-request:c64,64,64,0.0,0.0,600.0047104,0.0,0.0,0.0
adfe101,FCGIAdServer,bid-request,229019,230066,bid-request:c57,57,57,0.0,0.0,600.0047104,0.0,0.0,0.0
adfe101,FCGIAdServer,bid-request,229019,230070,bid-request:c43,43,43,0.0,0.0,600.0047104,0.0,0.0,0.0
adfe101,FCGIAdServer,bid-request,229019,230072,bid-request:c62,62,62,0.0,0.0,600.0047104,0.0,0.0,0.0
adfe101,FCGIAdServer,bid-request,229019,230076,bid-request:c38,38,38,0.0,0.0,600.0047104,0.0,0.0,0.0
adfe101,FCGIAdServer,bid-request,229019,230080,bid-request:c18,18,18,0.0,0.0,600.0047104,0.0,0.0,0.0
adfe101,FCGIAdServer,bid-request,229019,230081,bid-request:c58,58,58,0.0,0.0,600.0047104,0.0,0.0,0.0
adfe101,FCGIAdServer,bid-request,229019,230082,bid-request:c31,31,31,0.0,0.0,600.0047104,0.0,0.0,0.0
adfe101,FCGIAdServer,bid-request,229019,230083,bid-request:c71,71,71,0.0,0.0,600.0047104,0.0,0.0,0.0
adfe101,FCGIAdServer,bid-request,229019,230084,bid-request:c48,48,48,0.0,0.0,600.0047104,0.0,0.0,0.0
adfe101,FCGIAdServer,bid-request,229019,230085,bid-request:c66,66,66,0.0,0.0,600.0047104,0.0,0.0,0.0
adfe101,FCGIAdServer,bid-request,229019,230086,bid-request:c70,70,70,0.0,0.0,600.0047104,0.0,0.0,0.0
adfe101,FCGIAdServer,bid-request,229019,230087,bid-request:c67,67,67,0.0,0.0,600.0047104,0.0,0.0,0.0
adfe101,FCGIAdServer,bid-request,229019,230088,bid-request:c6,6,6,0.0,0.0,600.0047104,0.0,0.0,0.0
adfe101,FCGIAdServer,bid-request,229019,230089,bid-request:c1,1,1,0.0,0.0,600.0047104,0.0,0.0,0.0
adfe101,FCGIAdServer,bid-request,229019,230090,bid-request:c24,24,24,0.0,0.0,600.0047104,0.0,0.0,0.0
adfe101,FCGIAdServer,bid-request,229019,230091,bid-request:c46,46,46,0.0,0.0,600.0047104,0.0,0.0,0.0
adfe101,FCGIAdServer,bid-request,229019,230096,bid-request:c0,0,0,0.0,0.0,600.0047104,0.0,0.0,0.0
adfe101,FCGIAdServer,bid-request,229019,230098,bid-request:c56,56,56,0.0,0.0,600.0047104,0.0,0.0,0.0
adfe101,FCGIAdServer,bid-request,229019,230103,bid-request:c41,41,41,0.0,0.0,600.0047104,0.0,0.0,0.0
adfe101,FCGIAdServer,bid-request,229019,230104,bid-request:c59,59,59,0.0,0.0,600.0047104,0.0,0.0,0.0
adfe101,FCGIAdServer,bid-request,229019,230105,bid-request:c61,61,61,0.0,0.0,600.0047104,0.0,0.0,0.0
adfe101,FCGIAdServer,bid-request,229019,230106,bid-request:c37,37,37,0.0,0.0,600.0047104,0.0,0.0,0.0
adfe101,FCGIAdServer,bid-request,229019,230107,bid-request:c17,17,17,0.0,0.0,600.0047104,0.0,0.0,0.0
adfe101,FCGIAdServer,bid-request,229019,230108,bid-request:c28,28,28,0.0,0.0,600.0047104,0.0,0.0,0.0
adfe101,FCGIAdServer,bid-request,229019,230109,bid-request:c42,42,42,0.0,0.0,600.0047104,0.0,0.0,0.0
adfe101,FCGIAdServer,bid-request,229019,230110,bid-request:c53,53,53,0.0,0.0,600.0047104,0.0,0.0,0.0
adfe101,FCGIAdServer,bid-request,229019,230111,bid-request:c2,2,2,0.0,0.0,600.0047104,0.0,0.0,0.0
adfe101,FCGIAdServer,bid-request,229019,230112,bid-request:c34,34,34,0.0,0.0,600.0047104,0.0,0.0,0.0
adfe101,FCGIAdServer,bid-request,229019,230113,bid-request:c4,4,4,0.0,0.0,600.0047104,0.0,0.0,0.0
adfe101,FCGIAdServer,bid-request,229019,230114,bid-request:c19,19,19,0.0,0.0,600.0047104,0.0,0.0,0.0
adfe101,FCGIAdServer,bid-request,229019,230115,bid-request:c55,55,55,0.0,0.0,600.0047104,0.0,0.0,0.0
adfe101,FCGIAdServer,bid-request,229019,230116,bid-request:c3,3,3,0.0,0.0,600.0047104,0.0,0.0,0.0
adfe101,FCGIAdServer,bid-request,229019,230117,bid-request:c54,54,54,0.0,0.0,600.0047104,0.0,0.0,0.0
adfe101,FCGIAdServer,bid-request,229019,230118,bid-request:c26,26,26,0.0,0.0,600.0047104,0.0,0.0,0.0
adfe101,FCGIAdServer,bid-request,229019,230119,bid-request:c21,21,21,0.0,0.0,600.0047104,0.0,0.0,0.0
adfe101,FCGIAdServer,bid-request,229019,230120,bid-request:c8,8,8,0.0,0.0,600.0047104,0.0,0.0,0.0
adfe101,FCGIAdServer,bid-request,229019,230121,bid-request:c32,32,32,0.0,0.0,600.0047104,0.0,0.0,0.0
adfe101,FCGIAdServer,bid-request,229019,230122,bid-request:c36,36,36,0.0,0.0,600.0047104,0.0,0.0,0.0
adfe101,FCGIAdServer,bid-request,229019,230123,bid-request:c51,51,51,0.0,0.0,600.0047104,0.0,0.0,0.0
adfe101,FCGIAdServer,bid-request,229019,230124,bid-request:c13,13,13,0.0,0.0,600.0047104,0.0,0.0,0.0
adfe101,FCGIAdServer,bid-request,229019,230125,bid-request:c25,25,25,0.0,0.0,600.0047104,0.0,0.0,0.0
adfe101,FCGIAdServer,bid-request,229019,230126,bid-request:c11,11,11,0.0,0.0,600.0047104,0.0,0.0,0.0
adfe101,FCGIAdServer,bid-request,229019,230127,bid-request:c7,7,7,0.0,0.0,600.0047104,0.0,0.0,0.0
adfe101,FCGIAdServer,bid-request,229019,230128,bid-request:c30,30,30,0.0,0.0,600.0047104,0.0,0.0,0.0
adfe101,FCGIAdServer,bid-request,229019,230129,bid-request:c69,69,69,0.0,0.0,600.0047104,0.0,0.0,0.0
adfe101,FCGIAdServer,bid-request,229019,230130,bid-request:c65,65,65,0.0,0.0,600.0047104,0.0,0.0,0.0
adfe101,FCGIAdServer,bid-request,229019,230131,bid-request:c12,12,12,0.0,0.0,600.0047104,0.0,0.0,0.0
adfe101,FCGIAdServer,bid-request,229019,230132,bid-request:c5,5,5,0.0,0.0,600.0047104,0.0,0.0,0.0
adfe101,FCGIAdServer,bid-request,229019,230133,bid-request:c27,27,27,0.0,0.0,600.0047104,0.0,0.0,0.0
adfe101,FCGIAdServer,bid-request,229019,230134,bid-request:c23,23,23,0.0,0.0,600.0047104,0.0,0.0,0.0
adfe101,FCGIAdServer,bid-request,229019,230135,bid-request:c20,20,20,0.0,0.0,600.0047104,0.0,0.0,0.0
adfe101,FCGIAdServer,bid-request,229019,230136,bid-request:c35,35,35,0.0,0.0,600.0047104,0.0,0.0,0.0
adfe101,FCGIAdServer,bid-request,229019,230137,bid-request:c47,47,47,0.0,0.0,600.0047104,0.0,0.0,0.0
adfe101,FCGIAdServer,bid-request,229019,230138,bid-request:c29,29,29,0.0,0.0,600.0047104,0.0,0.0,0.0
adfe101,FCGIAdServer,bid-request,229019,230139,bid-request:c40,40,40,0.0,0.0,600.0047104,0.0,0.0,0.0
adfe101,FCGIAdServer,bid-request,229019,230140,bid-request:c44,44,44,0.0,0.0,600.0047104,0.0,0.0,0.0
adfe101,FCGIAdServer,bid-request,229019,230141,bid-request:c68,68,68,0.0,0.0,600.0047104,0.0,0.0,0.0
adfe101,FCGIAdServer,bid-request,229019,230142,bid-request:c52,52,52,0.0,0.0,600.0047104,0.0,0.0,0.0
adfe101,FCGIAdServer,bid-request,229019,230143,bid-request:c10,10,10,0.0,0.0,600.0047104,0.0,0.0,0.0
adfe101,FCGIAdServer,bid-request,229019,230144,bid-request:c22,22,22,0.0,0.0,600.0047104,0.0,0.0,0.0
adfe101,FCGIAdServer,bid-request,229019,230145,bid-request:c39,39,39,0.0,0.0,600.0047104,0.0,0.0,0.0
adfe101,FCGIAdServer,bid-request,229019,230146,bid-request:c9,9,9,0.0,0.0,600.0047104,0.0,0.0,0.0
adfe101,FCGIAdServer,bid-request,229019,230147,bid-request:c33,33,33,0.0,0.0,600.0047104,0.0,0.0,0.0
adfe101,FCGIAdServer,bid-request,229019,230148,bid-request:c16,16,16,0.0,0.0,600.0047104,0.0,0.0,0.0
adfe101,FCGIAdServer,bid-request,229019,230149,bid-request:c15,15,15,0.0,0.0,600.0047104,0.0,0.0,0.0
adfe101,FCGIAdServer,bid-request,229019,230150,bid-request:c60,60,60,0.0,0.0,600.0047104,0.0,0.0,0.0
adfe101,FCGIAdServer,bid-request,229019,230151,bid-request:c45,45,45,0.0,0.0,600.0047104,0.0,0.0,0.0
adfe101,FCGIAdServer,bid-request,229019,230152,bid-request:c63,63,63,0.0,0.0,600.0047104,0.0,0.0,0.0
adfe101,FCGIAdServer,bid-request,229019,230153,bid-request:c50,50,50,0.0,0.0,600.0047104,0.0,0.0,0.0
adfe101,FCGIAdServer,bid-request,229019,230154,bid-request:c14,14,14,0.0,0.0,600.0047104,0.0,0.0,0.0
adfe101,FCGIAdServer,bid-request,229019,230155,bid-request:c49,49,49,0.0,0.0,600.0047104,0.0,0.0,0.0
adfe101,FCGIAdServer,bid-request,229019,230156,bid-request:c64,64,64,0.0,0.0,600.0047104,0.0,0.0,0.0
adfe101,FCGIAdServer,bid-request,229019,230157,bid-request:c57,57,57,0.0,0.0,600.0047104,0.0,0.0,0.0
adfe101,FCGIAdServer,bid-request,229019,230158,bid-request:c43,43,43,0.0,0.0,600.0047104,0.0,0.0,0.0
adfe101,FCGIAdServer,bid-request,229019,230159,bid-request:c62,62,62,0.0,0.0,600.0047104,0.0,0.0,0.0
adfe101,FCGIAdServer,bid-request,229019,230161,bid-request:c38,38,38,0.0,0.0,600.0047104,0.0,0.0,0.0
adfe101,FCGIAdServer,bid-request,229019,230162,bid-request:c18,18,18,0.0,0.0,600.0047104,0.0,0.0,0.0
adfe101,FCGIAdServer,bid-request,229019,230163,bid-request:c58,58,58,0.0,0.0,600.0047104,0.0,0.0,0.0
adfe101,FCGIAdServer,bid-request,229019,230164,bid-request:c31,31,31,0.0,0.0,600.0047104,0.0,0.0,0.0
adfe101,FCGIAdServer,bid-request,229019,230165,bid-request:c71,71,71,0.0,0.0,600.0047104,0.0,0.0,0.0
adfe101,FCGIAdServer,bid-request,229019,230166,bid-request:c48,48,48,0.0,0.0,600.0047104,0.0,0.0,0.0
adfe101,FCGIAdServer,bid-request,229019,230167,bid-request:c66,66,66,0.0,0.0,600.0047104,0.0,0.0,0.0
adfe101,FCGIAdServer,bid-request,229019,230168,bid-request:c70,70,70,0.0,0.0,600.0047104,0.0,0.0,0.0
adfe101,FCGIAdServer,bid-request,229019,230169,bid-request:c67,67,67,0.0,0.0,600.0047104,0.0,0.0,0.0
adfe101,FCGIAdServer,bid-request,229019,230170,bid-request:c6,6,6,0.000218527,4.9767e-05,600.0047104,3.642088073847228e-05,8.294434883156544e-06,4.471531562162883e-05
adfe101,FCGIAdServer,bid-request,229019,230171,bid-request:c1,1,1,0.0,0.0,600.0047104,0.0,0.0,0.0
adfe101,FCGIAdServer,bid-request,229019,230172,bid-request:c24,24,24,0.0,0.0,600.0047104,0.0,0.0,0.0
adfe101,FCGIAdServer,bid-request,229019,230173,bid-request:c46,46,46,0.000210269,0.000749292,600.0047104,3.5044558210188344e-05,0.00012488101960074212,0.00015992557781093047
adfe101,FCGIAdServer,bid-request,229019,230174,bid-request:c0,0,0,0.0,0.0,600.0047104,0.0,0.0,0.0
adfe101,FCGIAdServer,bid-request,229019,230175,bid-request:c56,56,56,0.000231186,0.000664638,600.0047104,3.853069750833743e-05,0.00011077213036492854,0.00014930282787326598
adfe101,FCGIAdServer,bid-request,229019,230176,bid-request:c41,41,41,0.0,0.0,600.0047104,0.0,0.0,0.0
adfe101,FCGIAdServer,bid-request,229019,230177,bid-request:c59,59,59,0.0,0.0,600.0047104,0.0,0.0,0.0
adfe101,FCGIAdServer,bid-request,229019,230178,bid-request:c61,61,61,0.0,0.0,600.0047104,0.0,0.0,0.0
adfe101,FCGIAdServer,bid-request,229019,230179,bid-request:c37,37,37,0.0,0.0,600.0047104,0.0,0.0,0.0
adfe101,FCGIAdServer,bid-request,229019,230180,bid-request:c17,17,17,0.000490891,0.004555811,600.0047104,8.181452436810737e-05,0.0007592958723545381,0.0008411103967226455
adfe101,FCGIAdServer,bid-request,229019,230181,bid-request:c28,28,28,0.000616045,0.0,600.0047104,0.00010267336061233696,0.0,0.00010267336061233695
adfe101,FCGIAdServer,bid-request,229019,230182,bid-request:c42,42,42,0.0,0.0,600.0047104,0.0,0.0,0.0
adfe101,FCGIAdServer,bid-request,229019,230183,bid-request:c53,53,53,0.000396762,0.000157795,600.0047104,6.612648086304091e-05,2.629896020229644e-05,9.242544106533734e-05
adfe101,FCGIAdServer,bid-request,229019,230184,bid-request:c2,2,2,0.000203767,0.0,600.0047104,3.396090005096067e-05,0.0,3.396090005096067e-05
adfe101,FCGIAdServer,bid-request,229019,230185,bid-request:c34,34,34,0.0,0.0,600.0047104,0.0,0.0,0.0
adfe101,FCGIAdServer,bid-request,229019,230186,bid-request:c4,4,4,0.0,0.0,600.0047104,0.0,0.0,0.0
adfe101,FCGIAdServer,bid-request,229019,230187,bid-request:c19,19,19,0.0,0.0,600.0047104,0.0,0.0,0.0
adfe101,FCGIAdServer,bid-request,229019,230188,bid-request:c55,55,55,0.0,0.0,600.0047104,0.0,0.0,0.0
adfe101,FCGIAdServer,bid-request,229019,230189,bid-request:c3,3,3,0.000243815,0.001646786,600.0047104,4.06355143174556e-05,0.00027446217862225637,0.000315097692939712
adfe101,FCGIAdServer,bid-request,229019,230190,bid-request:c54,54,54,0.000182959,0.0,600.0047104,3.0492927276858924e-05,0.0,3.0492927276858924e-05
adfe101,FCGIAdServer,bid-request,229019,230191,bid-request:c20,20,20,0.0,0.0,600.0047104,0.0,0.0,0.0
adfe101,FCGIRtbServer,bid-request,229043,229366,bid-request:c37,37,37,346.525291421,101.573692021,600.0047104,57.75376183130045,16.928815767677012,74.68257759897746
adfe101,FCGIRtbServer,bid-request,229043,229367,bid-request:c12,12,12,193.872447284,314.016160307,600.0047104,32.31182087799823,52.335615848358515,84.64743672635674
adfe101,FCGIRtbServer,bid-request,229043,229368,bid-request:c13,13,13,207.938844181,299.858819875,600.0047104,34.65620195587718,49.97607763363986,84.63227958951704
adfe101,FCGIRtbServer,bid-request,229043,229369,bid-request:c14,14,14,368.449375266,99.454596319,600.0047104,61.407747119246615,16.575635923374243,77.98338304262086
adfe101,FCGIRtbServer,bid-request,229043,229370,bid-request:c15,15,15,288.70793086,139.473781759,600.0047104,48.1176107213441,23.245447800904465,71.36305852224855
adfe101,FCGIRtbServer,bid-request,229043,229371,bid-request:c42,42,42,329.582106796,131.733726982,600.0047104,54.929919896175534,21.95544879875663,76.88536869493217
adfe101,FCGIRtbServer,bid-request,229043,229372,bid-request:c17,17,17,275.478271725,145.869708427,600.0047104,45.91268484231553,24.31142721025545,70.22411205257097
adfe101,FCGIRtbServer,bid-request,229043,229373,bid-request:c36,36,36,290.066262327,164.309715418,600.0047104,48.343997521890124,27.38473758122016,75.72873510311028
adfe101,FCGIRtbServer,bid-request,229043,229374,bid-request:c48,48,48,278.766547401,198.062953157,600.0047104,46.460726485823265,33.01023304049714,79.47095952632041
adfe101,FCGIRtbServer,bid-request,229043,229375,bid-request:c40,40,40,236.21870808,201.473115971,600.0047104,39.3694756033702,33.578589047523586,72.94806465089378
adfe101,FCGIRtbServer,bid-request,229043,229376,bid-request:c39,39,39,340.207576912,130.720710736,600.0047104,56.70081767944734,21.786614083221703,78.48743176266905
adfe101,FCGIRtbServer,bid-request,229043,229377,bid-request:c47,47,47,395.666136716,116.124257851,600.0047104,65.9438384162392,19.353891034219455,85.29772945045866
adfe101,FCGIRtbServer,bid-request,229043,229378,bid-request:c38,38,38,366.351233671,119.048189645,600.0047104,61.05805959869345,19.841209174113843,80.89926877280729
adfe101,FCGIRtbServer,bid-request,229043,229379,bid-request:c41,41,41,229.434263926,209.409762907,600.0047104,38.238743788035436,34.901353152276855,73.14009694031228
adfe101,FCGIRtbServer,bid-request,229043,229380,bid-request:c43,43,43,316.045615622,142.955288576,600.0047104,52.67385574544983,23.82569438174864,76.49955012719846
adfe101,FCGIRtbServer,bid-request,229043,229381,bid-request:c44,44,44,337.531264244,123.851168377,600.0047104,56.25476906989296,20.641699345065675,76.89646841495863
adfe101,FCGIRtbServer,bid-request,229043,229382,bid-request:c11,11,11,180.850458912,300.199678351,600.0047104,30.14150652107947,50.03288693364898,80.17439345472846
adfe101,FCGIRtbServer,bid-request,229043,229383,bid-request:c46,46,46,270.156002618,184.378898617,600.0047104,45.025646954987636,30.729575188515053,75.75522214350269
adfe101,FCGIRtbServer,bid-request,229043,229384,bid-request:c45,45,45,352.089425776,128.885223031,600.0047104,58.68111027683025,21.48070186733654,80.16181214416679
adfe101,FCGIRtbServer,bid-request,229043,229385,bid-request:c16,16,16,314.185071813,119.195769831,600.0047104,52.36376754501559,19.865805678681554,72.22957322369714
adfe101,FCGIRtbServer,event_engine,229043,229146,event_engin:c37,37,37,26.277041201,200.960490458,600.0047104,4.379472485054677,33.49315213276032,37.872624617815
adfe101,FCGIRtbServer,event_engine,229043,229147,event_engin:c38,38,38,22.05256702,241.656974821,600.0047104,3.6753989823343893,40.275846277922824,43.95124526025721
adfe101,FCGIRtbServer,event_engine,229043,229148,event_engin:c39,39,39,25.81258215,197.115561889,600.0047104,4.302063250935438,32.852335735429584,37.154398986365024
adfe101,FCGIRtbServer,event_engine,229043,229149,event_engin:c40,40,40,20.609368227,204.70677933,600.0047104,3.434867738498341,34.11752870965461,37.552396448152955
adfe101,FCGIRtbServer,event_engine,229043,229150,event_engin:c41,41,41,19.220902866,255.270326116,600.0047104,3.2034586617138663,42.54472034824879,45.748179009962655
adfe101,FCGIRtbServer,event_engine,229043,229152,event_engin:c42,42,42,25.409525125,183.146389884,600.0047104,4.23488760747569,30.52415867900493,34.75904628648062
adfe101,FCGIRtbServer,event_engine,229043,229159,event_engin:c43,43,43,15.57696069,287.365744973,600.0047104,2.5961397335723317,47.893914829672646,50.49005456324498
adfe101,FCGIRtbServer,event_engine,229043,229168,event_engin:c44,44,44,24.208537435,192.775800465,600.0047104,4.034724563889024,32.12904784305507,36.16377240694409
adfe101,FCGIRtbServer,event_engine,229043,229172,event_engin:c45,45,45,21.831181171,234.457761808,600.0047104,3.6385016305031996,39.075986862119144,42.71448849262234
adfe101,FCGIRtbServer,event_engine,229043,229174,event_engin:c46,46,46,18.987433349,255.368938986,600.0047104,3.164547381026694,42.56115569755367,45.725703078580366
adfe101,FCGIRtbServer,event_engine,229043,229181,event_engin:c47,47,47,19.262026851,299.170432304,600.0047104,3.2103126054058393,49.86134727251635,53.07165987792219
adfe101,FCGIRtbServer,event_engine,229043,229185,event_engin:c48,48,48,24.783746167,193.327409871,600.0047104,4.130591933266262,32.22098202231047,36.35157395557673
adfe101,FCGIRtbServer,event_engine,229043,229186,event_engin:c49,49,49,28.787487029,148.120295231,600.0047104,4.797876838301568,24.68652206617743,29.484398904478997
adfe101,FCGIRtbServer,event_engine,229043,229189,event_engin:c50,50,50,27.021212661,146.945345206,600.0047104,4.503500088021975,24.49069859935553,28.994198687377505
adfe101,FCGIRtbServer,event_engine,229043,229190,event_engin:c51,51,51,26.209991799,150.955330795,600.0047104,4.368297672451073,25.159024284053356,29.527321956504426
adfe101,FCGIRtbServer,event_engine,229043,229194,event_engin:c52,52,52,21.970865066,227.93034877,600.0047104,3.6617820969026846,37.988093229809415,41.6498753267121
adfe101,FCGIRtbServer,fast-scheduler,229043,229132,fast-schedul:c8,8,8,25.643646419,322.572618612,600.0047104,4.273907516810055,53.76168103696274,58.0355885537728
adfe101,FCGIRtbServer,fast-scheduler,229043,229133,fast-schedul:c9,9,9,25.763013715,322.695943888,600.0047104,4.2938019099591385,53.7822350882664,58.07603699822555
adfe101,FCGIRtbServer,fast-scheduler,229043,229134,fast-schedu:c10,10,10,25.853724077,314.894722454,600.0047104,4.308920184937268,52.48204172331778,56.79096190825504
adfe101,FCGIRtbServer,fast-scheduler,229043,229135,fast-schedu:c17,17,17,26.414202439,299.445686467,600.0047104,4.40233251192156,49.90722260619773,54.30955511811929
adfe101,FCGIRtbServer,fast-scheduler,229043,229136,fast-schedu:c11,11,11,24.706230528,378.128694367,600.0047104,4.117672761523707,63.02095430466141,67.13862706618511
adfe101,FCGIRtbServer,fast-scheduler,229043,229137,fast-schedu:c12,12,12,24.33098622,415.298503538,600.0047104,4.055132534506183,69.21587386557957,73.27100640008575
adfe101,FCGIRtbServer,fast-scheduler,229043,229138,fast-schedu:c13,13,13,26.114883267,346.16468369,600.0047104,4.352446374894326,57.69366101463193,62.04610738952625
adfe101,FCGIRtbServer,fast-scheduler,229043,229139,fast-schedu:c14,14,14,25.272522499,322.201346262,600.0047104,4.212054015734608,53.69980279774817,57.91185681348278
adfe101,FCGIRtbServer,fast-scheduler,229043,229140,fast-schedu:c15,15,15,25.210737638,343.152308243,600.0047104,4.201756619742698,57.1916023816269,61.393359001369596
adfe101,FCGIRtbServer,fast-scheduler,229043,229141,fast-schedu:c16,16,16,25.567119609,329.848641627,600.0047104,4.261153148607015,54.974342019265585,59.2354951678726
adfe101,FCGIRtbServer,fcgi-accept,229043,229491,fcgi-accept:c52,52,52,74.438052912,387.839925476,600.0047104,12.406244754707846,64.63948011632144,77.04572487102928
adfe101,FCGIRtbServer,fcgi-accept,229043,229492,fcgi-accept:c50,50,50,106.024276118,291.151272718,600.0047104,17.67057396054736,48.524831167392115,66.19540512793948
adfe101,FCGIRtbServer,fcgi-accept,229043,229493,fcgi-accept:c51,51,51,105.655734765,299.764947921,600.0047104,17.609150883926127,49.96043243079846,67.5695833147246
adfe101,FCGIRtbServer,fcgi-accept,229043,229494,fcgi-accept:c49,49,49,108.252541653,285.435774358,600.0047104,18.041948634175256,47.57225558574548,65.61420421992074
adfe101,FCGIRtbServer,fcgi-accept,229043,229497,fcgi-accept:c1,1,1,112.423430619,340.847661896,600.0047104,18.737091337841605,56.80749767260494,75.54458901044654
adfe101,FCGIRtbServer,fcgi-accept,229043,229499,fcgi-accept:c0,0,0,93.196768803,365.418761207,600.0047104,15.532672858662945,60.902648741438945,76.43532160010189
adfe101,FCGIRtbServer,fcgi-accept,229043,229502,fcgi-accept:c2,2,2,95.447114139,351.653541321,600.0047104,15.907727470234207,58.608463437989705,74.5161909082239
adfe101,FCGIRtbServer,fcgi-accept,229043,229504,fcgi-accept:c53,53,53,86.317808123,371.630477565,600.0047104,14.386188412663502,61.93792667348366,76.32411508614716
adfe101,FCGIRtbServer,fcgi-accept,229043,229509,fcgi-accept:c3,3,3,88.216704166,356.534547086,600.0047104,14.702668601916363,59.4219580123483,74.12462661426466
adfe101,FCGIRtbServer,fcgi-accept,229043,229512,fcgi-accept:c4,4,4,115.329724722,338.057753518,600.0047104,19.221469885647085,56.34251659334973,75.56398647899681
adfe101,FCGIRtbServer,fcgi-accept,229043,229515,fcgi-accept:c6,6,6,95.05403882,350.352647242,600.0047104,15.84221543138072,58.39164946029064,74.23386489167136
adfe101,FCGIRtbServer,fcgi-accept,229043,229561,fcgi-accept:c5,5,5,93.492917907,348.893940976,600.0047104,15.582030655171337,58.14853365791176,73.73056431308311
adfe101,FCGIRtbServer,fcgi-accept,229043,229564,fcgi-accept:c7,7,7,104.167205318,337.892651184,600.0047104,17.361064590402254,56.3149997537086,73.67606434411086
adfe101,FCGIRtbServer,fcgi-accept,229043,229565,fcgi-accept:c9,9,9,95.843606566,352.002955587,600.0047104,15.973809022616633,58.666698691804136,74.64050771442076
adfe101,FCGIRtbServer,fcgi-accept,229043,229567,fcgi-accept:c10,10,10,100.772948697,346.624665522,600.0047104,16.795359594730275,57.77032405144265,74.56568364617291
adfe101,FCGIRtbServer,fcgi-accept,229043,229585,fcgi-accept:c8,8,8,96.886016228,352.326161737,600.0047104,16.147542602358875,58.720565960576835,74.8681085629357
adfe101,FCGIRtbServer,grpc-asio-p,229043,229356,grpc-asio-p:c48,48,48,89.044261972,216.690462272,600.0047104,14.84059382011145,36.11479352012767,50.95538734023912
adfe101,FCGIRtbServer,grpc-asio-p,229043,229357,grpc-asio-p:c3,3,3,61.455365191,261.0696332,600.0047104,10.242480454866776,43.51126394090389,53.75374439577067
adfe101,FCGIRtbServer,grpc-asio-p,229043,229358,grpc-asio-p:c50,50,50,100.375649297,189.532019246,600.0047104,16.72914354790372,31.588421884162596,48.31756543206632
adfe101,FCGIRtbServer,grpc-asio-p,229043,229359,grpc-asio-p:c51,51,51,98.736808214,198.671332166,600.0047104,16.456005511719397,33.111628745973256,49.56763425769265
adfe101,FCGIRtbServer,grpc-asio-p,229043,229360,grpc-asio-p:c52,52,52,69.284240809,269.812457511,600.0047104,11.547282814298386,44.96838988666046,56.51567270095885
adfe101,FCGIRtbServer,grpc-asio-p,229043,229361,grpc-asio-p:c53,53,53,51.584415859,302.366806508,600.0047104,8.597335148354196,50.39407212427111,58.99140727262531
adfe101,FCGIRtbServer,grpc-asio-p,229043,229362,grpc-asio-p:c0,0,0,63.734533585,264.22494349,600.0047104,10.622338871724965,44.03714486072141,54.659483732446375
adfe101,FCGIRtbServer,grpc-asio-p,229043,229363,grpc-asio-p:c1,1,1,76.160224708,239.617152734,600.0047104,12.693271134026084,39.93587859906241,52.6291497330885
adfe101,FCGIRtbServer,grpc-asio-p,229043,229364,grpc-asio-p:c2,2,2,64.710064188,252.296264117,600.0047104,10.78492602914072,42.0490472397798,52.833973268920516
adfe101,FCGIRtbServer,grpc-asio-p,229043,229365,grpc-asio-p:c49,49,49,102.512581349,184.742070706,600.0047104,17.0852960938688,30.790103394828282,47.87539948869708
adfe101,FCGIRtbServer,grpc-common,229043,229340,grpc-common:c42,42,42,93.620288609,177.222967164,600.0047104,15.60325893884849,29.536929309413633,45.14018824826213
adfe101,FCGIRtbServer,grpc-common,229043,229341,grpc-common:c37,37,37,45.172345652,129.898666454,600.0047104,7.528665170292636,21.6496077784792,29.178272948771838
adfe101,FCGIRtbServer,grpc-common,229043,229342,grpc-common:c38,38,38,87.180665927,223.415394999,600.0047104,14.529996917670864,37.235606842162554,51.76560375983341
adfe101,FCGIRtbServer,grpc-common,229043,229343,grpc-common:c39,39,39,95.598980418,184.9346638,600.0047104,15.933038318027178,30.822201991832895,46.75524030986008
adfe101,FCGIRtbServer,grpc-common,229043,229344,grpc-common:c40,40,40,94.626895219,204.802450181,600.0047104,15.771025390103338,34.133473726308935,49.90449911641227
adfe101,FCGIRtbServer,grpc-common,229043,229345,grpc-common:c41,41,41,80.04350448,221.154890011,600.0047104,13.340479348343463,36.85885896855119,50.19933831689465
adfe101,FCGIRtbServer,grpc-common,229043,229346,grpc-common:c43,43,43,79.107162183,283.573761384,600.0047104,13.184423523985721,47.26192252640022,60.446346050385934
adfe101,FCGIRtbServer,grpc-common,229043,229347,grpc-common:c44,44,44,71.530706536,172.726153998,600.0047104,11.921690829445861,28.78746633219765,40.70915716164351
adfe101,FCGIRtbServer,grpc-common,229043,229348,grpc-common:c45,45,45,84.165180804,221.228840935,600.0047104,14.027420009401313,36.87118402579127,50.898604035192584
adfe101,FCGIRtbServer,grpc-common,229043,229349,grpc-common:c46,46,46,97.830332181,237.189738909,600.0047104,16.30492735895028,39.531312804340274,55.83624016329056
adfe101,FCGIRtbServer,grpc-common,229043,229350,grpc-common:c47,47,47,78.843401077,266.964340462,600.0047104,13.140463684766432,44.493707438400804,57.634171123167235
adfe101,FCGIRtbServer,grpc-common,229043,229351,grpc-common:c48,48,48,84.034503744,174.276817447,600.0047104,14.005640670383643,29.045908211423267,43.05154888180691
adfe101,FCGIRtbServer,grpc-common,229043,229352,grpc-common:c49,49,49,105.969136099,167.618809331,600.0047104,17.661384029527778,27.936248903655272,45.59763293318305
adfe101,FCGIRtbServer,grpc-common,229043,229353,grpc-common:c50,50,50,107.21595555,176.063534086,600.0047104,17.869185639979936,29.343691980122163,47.2128776201021
adfe101,FCGIRtbServer,grpc-common,229043,229354,grpc-common:c51,51,51,108.959350359,182.427892422,600.0047104,18.15974916036259,30.404410042111564,48.56415920247416
adfe101,FCGIRtbServer,grpc-common,229043,229355,grpc-common:c52,52,52,69.875439988,196.620872574,600.0047104,11.645815237253178,32.76988816353133,44.4157034007845
adfe101,FCGIRtbServer,grpc_global,229043,229145,grpc_global:c38,38,38,0.037328479,0.799511462,600.0047104,0.006221364324809141,0.13325086422521526,0.1394722285500244
adfe101,FCGIRtbServer,http-server,229043,229334,http-server:c9,9,9,0.0,0.0,600.0047104,0.0,0.0,0.0
adfe101,FCGIRtbServer,http-server,229043,229335,http-server:c10,10,10,7.655e-05,0.000236495,600.0047104,1.2758233172697439e-05,3.941552389519374e-05,5.2173757067891176e-05
adfe101,FCGIRtbServer,http-server,229043,229336,http-server:c11,11,11,0.0,0.0,600.0047104,0.0,0.0,0.0
adfe101,FCGIRtbServer,http-server,229043,229337,http-server:c12,12,12,0.0,0.0,600.0047104,0.0,0.0,0.0
adfe101,FCGIRtbServer,jemalloc_bg,229043,229129,jemalloc_bg:c46,46,46,10.60614167,3.912203324,600.0047104,1.7676764008951353,0.652028768472815,2.4197051693679503
adfe101,FCGIRtbServer,jemalloc_bg,229043,229144,jemalloc_bg:c47,47,47,8.77757617,2.763901731,600.0047104,1.4629178767860553,0.4606466721165261,1.9235645489025814
adfe101,FCGIRtbServer,jemalloc_bg,229043,229151,jemalloc_bg:c48,48,48,9.246517468,1.931675627,600.0047104,1.5410741462072362,0.32194341036293306,1.8630175565701692
adfe101,FCGIRtbServer,jemalloc_bg,229043,229161,jemalloc_bg:c49,49,49,9.219666987,1.749402934,600.0047104,1.5365991011726563,0.29156486668808657,1.8281639678607429
adfe101,FCGIRtbServer,lifeguard,229043,229200,lifeguard:c1,1,1,0.036734277,0.837497965,600.0047104,0.006122331435616676,0.13958189835570997,0.14570422979132666
adfe101,FCGIRtbServer,task-runner,229043,229338,task-runner:c10,10,10,0.007403387,0.012745193,600.0047104,0.0012338881464887912,0.0021241821570872786,0.00335807030357607
adfe101,FCGIRtbServer,task-runner,229043,229394,task-runner:c11,11,11,0.003619088,0.184458767,600.0047104,0.0006031765979949213,0.030742886481179198,0.03134606307917412
adfe101,FCGIRtbServer,task-runner,229043,229397,task-runner:c12,12,12,44.563983132,85.164869579,600.0047104,7.427272212961613,14.194033497207691,21.621305710169306
adfe101,FCGIRtbServer,task-runner,229043,229409,task-runner:c13,13,13,0.003904469,0.100625845,600.0047104,0.0006507397245926687,0.016770842504372444,0.017421582228965112
adfe101,FCGIRtbServer,task-runner,229043,229482,task-runner:c14,14,14,0.003223095,0.038670375,600.0047104,0.0005371782827923613,0.006445011902359892,0.006982190185152253
adfe101,FCGIRtbServer,task-runner,229043,229484,task-runner:c15,15,15,0.003198961,0.119198885,600.0047104,0.0005331559810367782,0.01986632486943889,0.02039948085047567
adfe101,FCGIRtbServer,task-runner,229043,229488,task-runner:c16,16,16,0.080937693,0.273643852,600.0047104,0.013489509598356646,0.04560695062169965,0.059096460220056296
adfe101,FCGIRtbServer,task-runner,229043,230489,task-runner:c17,17,17,0.102051873,0.390329484,600.0047104,0.017008511971842014,0.06505440327956466,0.08206291525140667
adfe101,FCGIRtbServer,task-runner,229043,230493,task-runner:c36,36,36,0.094852546,0.649737597,600.0047104,0.015808633558354143,0.10828874936112502,0.12409738291947917
adfe101,FCGITrackServer,bid-request,229032,229970,bid-request:c0,0,0,0.830548463,4.407799405,600.0047104,0.13842365711534255,0.7346274668513002,0.8730511239666428
adfe101,FCGITrackServer,bid-request,229032,229971,bid-request:c42,42,42,0.813660857,3.276262952,600.0047104,0.13560907821166332,0.5460395385589293,0.6816486167705926
adfe101,FCGITrackServer,bid-request,229032,229972,bid-request:c29,29,29,0.674392985,2.873617644,600.0047104,0.11239794843450615,0.47893251406047627,0.5913304624949824
adfe101,FCGITrackServer,bid-request,229032,229973,bid-request:c60,60,60,0.685338512,3.667079474,600.0047104,0.1142221886130046,0.6111751142012368,0.7253973028142414
adfe101,FCGITrackServer,bid-request,229032,229978,bid-request:c17,17,17,0.820891403,5.251446887,600.0047104,0.13681415975096986,0.875234276660772,1.012048436411742
adfe101,FCGITrackServer,bid-request,229032,229981,bid-request:c32,32,32,0.711441427,5.569691617,600.0047104,0.11857264029239195,0.9282746485918254,1.0468472888842175
adfe101,FCGITrackServer,bid-request,229032,229984,bid-request:c5,5,5,0.822860928,5.270025091,600.0047104,0.1371424113406427,0.8783306196857484,1.015473031026391
adfe101,FCGITrackServer,bid-request,229032,229988,bid-request:c15,15,15,0.804065673,6.243786009,600.0047104,0.13400989343299663,1.040622831917021,1.1746327253500175
adfe101,FCGITrackServer,bid-request,229032,229989,bid-request:c3,3,3,0.800776826,4.296829299,600.0047104,0.13346175656956977,0.7161325943817124,0.8495943509512821
adfe101,FCGITrackServer,bid-request,229032,230006,bid-request:c13,13,13,0.839426201,5.139920697,600.0047104,0.13990326849940676,0.8566467242521169,0.9965499927515236
adfe101,FCGITrackServer,bid-request,229032,230008,bid-request:c31,31,31,0.697068924,3.82304211,600.0047104,0.11617724193119934,0.6371686828010609,0.7533459247322603
adfe101,FCGITrackServer,bid-request,229032,230009,bid-request:c65,65,65,0.697584326,4.182884445,600.0047104,0.11626314159016309,0.6971419344710531,0.8134050760612163
adfe101,FCGITrackServer,bid-request,229032,230010,bid-request:c40,40,40,0.81644867,4.550982053,600.0047104,0.13607371006399352,0.7584910541728974,0.8945647642368909
adfe101,FCGITrackServer,bid-request,229032,230011,bid-request:c1,1,1,0.79642615,3.387830583,600.0047104,0.13273664959547624,0.564633997746695,0.6973706473421712
adfe101,FCGITrackServer,bid-request,229032,230012,bid-request:c44,44,44,0.813977425,3.59205456,600.0047104,0.13566183913078828,0.5986710600330647,0.7343328991638529
adfe101,FCGITrackServer,bid-request,229032,230013,bid-request:c9,9,9,0.7733274,4.893787224,600.0047104,0.12888688815200341,0.8156248008015639,0.9445116889535673
adfe101,FCGITrackServer,bid-request,229032,230014,bid-request:c22,22,22,0.715715037,5.049957221,600.0047104,0.11928490303398792,0.8416529292967364,0.9609378323307244
adfe101,FCGITrackServer,bid-request,229032,230015,bid-request:c38,38,38,0.816250036,4.556144508,600.0047104,0.13604060465722637,0.7593514565848315,0.8953920612420578
adfe101,FCGITrackServer,bid-request,229032,230017,bid-request:c14,14,14,0.7991617,5.369282478,600.0047104,0.13319257101618914,0.8948733876473247,1.028065958663514
adfe101,FCGITrackServer,bid-request,229032,230018,bid-request:c4,4,4,0.801615169,4.089014573,600.0047104,0.13360147930598645,0.6814970786269348,0.8150985579329213
adfe101,FCGITrackServer,bid-request,229032,230019,bid-request:c41,41,41,0.819873733,5.58818592,600.0047104,0.13664454941585738,0.9313570082265807,1.0680015576424382
adfe101,FCGITrackServer,bid-request,229032,230020,bid-request:c45,45,45,0.812431061,4.56055156,600.0047104,0.13540411382077044,0.7600859594851608,0.8954900733059311
adfe101,FCGITrackServer,bid-request,229032,230021,bid-request:c47,47,47,0.779513006,6.11097462,600.0047104,0.1299178143918785,1.0184877741919807,1.148405588583859
adfe101,FCGITrackServer,bid-request,229032,230022,bid-request:c55,55,55,0.6885205,2.889777757,600.0047104,0.11475251578291609,0.48162584508269884,0.596378360865615
adfe101,FCGITrackServer,bid-request,229032,230023,bid-request:c62,62,62,0.707322808,2.742548863,600.0047104,0.11788620918133379,0.45708788872201495,0.5749740979033487
adfe101,FCGITrackServer,bid-request,229032,230024,bid-request:c36,36,36,0.857151959,10.344059226,600.0047104,0.14285753830641926,1.7239963364794277,1.8668538747858472
adfe101,FCGITrackServer,bid-request,229032,230025,bid-request:c43,43,43,0.844523118,6.900975698,600.0047104,0.14075274799709306,1.1501535868609074,1.2909063348580005
adfe101,FCGITrackServer,bid-request,229032,230026,bid-request:c52,52,52,0.804014453,3.935358952,600.0047104,0.13400135683334796,0.6558880095085333,0.7898893663418813
adfe101,FCGITrackServer,bid-request,229032,230027,bid-request:c61,61,61,0.686647733,2.934368219,600.0047104,0.1144403903999751,0.4890575304056813,0.6034979208056565
adfe101,FCGITrackServer,bid-request,229032,230029,bid-request:c26,26,26,0.689061418,4.614819949,600.0047104,0.1148426680751605,0.769130619978546,0.8839732880537067
adfe101,FCGITrackServer,bid-request,229032,230030,bid-request:c21,21,21,0.712606237,4.298671407,600.0047104,0.11876677376831474,0.7164396099714353,0.83520638373975
adfe101,FCGITrackServer,bid-request,229032,230031,bid-request:c12,12,12,0.834499839,8.154827907,600.0047104,0.13908221461189382,1.3591273144444966,1.4982095290563906
adfe101,FCGITrackServer,bid-request,229032,230032,bid-request:c11,11,11,0.835807367,7.376340152,600.0047104,0.13930013423441284,1.2293803738778115,1.3686805081122242
adfe101,FCGITrackServer,bid-request,229032,230033,bid-request:c37,37,37,0.834465166,3.662834196,600.0047104,0.1390764358239278,0.6104675734225703,0.7495440092464981
adfe101,FCGITrackServer,bid-request,229032,230034,bid-request:c67,67,67,0.720955378,4.332648136,600.0047104,0.12015828634401335,0.7221023536817887,0.842260640025802
adfe101,FCGITrackServer,bid-request,229032,230035,bid-request:c53,53,53,0.8400213,6.154366689,600.0047104,0.14000245088742558,1.025719728916315,1.1657221798037405
adfe101,FCGITrackServer,bid-request,229032,230036,bid-request:c51,51,51,0.79560913,2.639206921,600.0047104,0.13260048066449312,0.4398643669381433,0.5724648476026364
adfe101,FCGITrackServer,bid-request,229032,230037,bid-request:c59,59,59,0.725364123,3.327459093,600.0047104,0.12089307140879406,0.5545721617388156,0.6754652331476096
adfe101,FCGITrackServer,bid-request,229032,230038,bid-request:c34,34,34,0.738974378,4.653009293,600.0047104,0.12316142943400465,0.7754954606769701,0.8986568901109746
adfe101,FCGITrackServer,bid-request,229032,230039,bid-request:c56,56,56,0.716491612,2.684599047,600.0047104,0.11941433118455731,0.4474296618788678,0.5668439930634251
adfe101,FCGITrackServer,bid-request,229032,230041,bid-request:c16,16,16,0.848178365,5.832840628,600.0047104,0.1413619510477763,0.972132472778667,1.1134944238264433
adfe101,FCGITrackServer,bid-request,229032,230042,bid-request:c49,49,49,0.793086392,2.293360562,600.0047104,0.1321800276319964,0.38222375962200444,0.5144037872540008
adfe101,FCGITrackServer,bid-request,229032,230043,bid-request:c2,2,2,0.800698955,4.051239816,600.0047104,0.13344877817145884,0.6752013352193843,0.808650113390843
adfe101,FCGITrackServer,bid-request,229032,230044,bid-request:c57,57,57,0.747508204,4.135047005,600.0047104,0.12458372260138843,0.6891690903965276,0.8137528129979161
adfe101,FCGITrackServer,bid-request,229032,230045,bid-request:c8,8,8,0.802155366,4.691854051,600.0047104,0.13369151143250757,0.7819695361844946,0.9156610476170023
adfe101,FCGITrackServer,bid-request,229032,230046,bid-request:c66,66,66,0.711861317,3.834092534,600.0047104,0.11864262140966018,0.6390104056756418,0.757653027085302
adfe101,FCGITrackServer,bid-request,229032,230047,bid-request:c35,35,35,0.691794266,4.478693238,600.0047104,0.11529813916607545,0.7464430129247198,0.8617411520907953
adfe101,FCGITrackServer,bid-request,229032,230048,bid-request:c27,27,27,0.6959857,5.810641339,600.0047104,0.11599670601519331,0.9684326203249753,1.0844293263401688
adfe101,FCGITrackServer,bid-request,229032,230049,bid-request:c6,6,6,0.845778311,4.875032304,600.0047104,0.14096194518808897,0.812499005341142,0.9534609505292311
adfe101,FCGITrackServer,bid-request,229032,230050,bid-request:c23,23,23,0.697517904,4.410535969,600.0047104,0.11625207134373856,0.7350835572706864,0.851335628614425
adfe101,FCGITrackServer,bid-request,229032,230051,bid-request:c25,25,25,0.673102281,4.35772203,600.0047104,0.11218283278997404,0.7262813032075823,0.8384641359975563
adfe101,FCGITrackServer,bid-request,229032,230052,bid-request:c18,18,18,0.795275111,4.124601538,600.0047104,0.13254481126820167,0.6874281928970669,0.8199730041652687
adfe101,FCGITrackServer,bid-request,229032,230053,bid-request:c19,19,19,0.703917444,4.643008566,600.0047104,0.11731865297036174,0.7738286859289296,0.8911473388992914
adfe101,FCGITrackServer,bid-request,229032,230054,bid-request:c39,39,39,0.804017754,3.410023547,600.0047104,0.13400190699569547,0.5683327960419958,0.7023347030376914
adfe101,FCGITrackServer,bid-request,229032,230055,bid-request:c24,24,24,0.683494401,5.090784499,600.0047104,0.11391483919256912,0.848457422210264,0.9623722614028332
adfe101,FCGITrackServer,bid-request,229032,230056,bid-request:c71,71,71,0.726002598,3.844426401,600.0047104,0.12099948307339155,0.6407327033211238,0.7617321863945153
adfe101,FCGITrackServer,bid-request,229032,230057,bid-request:c64,64,64,0.708200783,5.826797881,600.0047104,0.11803253719922796,0.9711253561852037,1.0891578933844317
adfe101,FCGITrackServer,bid-request,229032,230058,bid-request:c30,30,30,0.716221202,4.930117027,600.0047104,0.11936926320503767,0.8216797204330748,0.9410489836381125
adfe101,FCGITrackServer,bid-request,229032,230059,bid-request:c48,48,48,0.787612644,3.264921766,600.0047104,0.131267743460702,0.544149355731458,0.6754170991921599
adfe101,FCGITrackServer,bid-request,229032,230060,bid-request:c28,28,28,0.697088723,6.652774103,600.0047104,0.11618054173862699,1.108786979116356,1.224967520854983
adfe101,FCGITrackServer,bid-request,229032,230061,bid-request:c58,58,58,0.701891129,4.927665264,600.0047104,0.11698093645499487,0.8212710964743786,0.9382520329293734
adfe101,FCGITrackServer,bid-request,229032,230062,bid-request:c20,20,20,0.694161054,4.030599553,600.0047104,0.11569260073595582,0.6717613183924764,0.7874539191284322
adfe101,FCGITrackServer,bid-request,229032,230063,bid-request:c7,7,7,0.816641545,4.090756526,600.0047104,0.1361058556449626,0.6817874018477039,0.8178932574926665
adfe101,FCGITrackServer,bid-request,229032,230064,bid-request:c10,10,10,0.835949097,4.586227899,600.0047104,0.13932375571563513,0.7643653157226947,0.9036890714383298
adfe101,FCGIUserBindServer,bid-request,229024,229711,bid-request:c69,69,69,3.42939472,26.659064663,600.0047104,0.5715612995294245,4.443142562202125,5.014703861731549
adfe101,FCGIUserBindServer,bid-request,229024,229712,bid-request:c1,1,1,4.10654047,22.07701054,600.0047104,0.6844180385287856,3.6794728703516526,4.363890908880438
adfe101,FCGIUserBindServer,bid-request,229024,229725,bid-request:c12,12,12,3.810140278,50.651680384,600.0047104,0.6350183943489255,8.441880456277165,9.07689885062609
adfe101,FCGIUserBindServer,bid-request,229024,229816,bid-request:c34,34,34,3.382717599,25.990107575,600.0047104,0.563781840436698,4.331650589488439,4.895432429925137
adfe101,FCGIUserBindServer,bid-request,229024,229817,bid-request:c8,8,8,3.943512285,30.243025004,600.0047104,0.6572468876737672,5.0404645963259425,5.69771148399971
adfe101,FCGIUserBindServer,bid-request,229024,229818,bid-request:c66,66,66,3.378392191,25.438492407,600.0047104,0.5630609447628763,4.239715449907242,4.802776394670118
adfe101,FCGIUserBindServer,bid-request,229024,229819,bid-request:c51,51,51,4.046705154,16.480771924,600.0047104,0.6744455641526911,2.7467737566614945,3.4212193208141852
adfe101,FCGIUserBindServer,bid-request,229024,229823,bid-request:c16,16,16,3.939882984,36.371220314,600.0047104,0.6566420089224686,6.061822462985784,6.718464471908253
adfe101,FCGIUserBindServer,bid-request,229024,229824,bid-request:c46,46,46,3.954390962,37.569640421,600.0047104,0.6590599862730677,6.261557579431963,6.920617565705031
adfe101,FCGIUserBindServer,bid-request,229024,229825,bid-request:c71,71,71,3.569333409,24.101643168,600.0047104,0.5948842312621951,4.016908992586469,4.611793223848664
adfe101,FCGIUserBindServer,bid-request,229024,229826,bid-request:c55,55,55,3.402531171,18.364131036,600.0047104,0.5670840765119434,3.0606644777434067,3.62774855425535
adfe101,FCGIUserBindServer,bid-request,229024,229827,bid-request:c3,3,3,3.923949063,26.254674624,600.0047104,0.6539863762709553,4.375744751486538,5.029731127757493
adfe101,FCGIUserBindServer,bid-request,229024,229828,bid-request:c2,2,2,4.038682234,25.768724203,600.0047104,0.6731084213168204,4.294753650487341,4.967862071804162
adfe101,FCGIUserBindServer,bid-request,229024,229829,bid-request:c45,45,45,3.968724213,30.538359578,600.0047104,0.661448842685619,5.089686638900093,5.751135481585712
adfe101,FCGIUserBindServer,bid-request,229024,229830,bid-request:c0,0,0,3.971916872,26.198260241,600.0047104,0.6619809483415682,4.366342428134377,5.028323376475946
adfe101,FCGIUserBindServer,bid-request,229024,229831,bid-request:c23,23,23,3.366441511,25.631180461,600.0047104,0.5610691803995544,4.271829873454274,4.8328990538538275
adfe101,FCGIUserBindServer,bid-request,229024,229832,bid-request:c7,7,7,3.940689482,25.65214596,600.0047104,0.6567764242005524,4.275324095855631,4.932100520056184
adfe101,FCGIUserBindServer,bid-request,229024,229833,bid-request:c47,47,47,3.736834237,37.016445681,600.0047104,0.6228008167650545,6.169359179917532,6.792159996682585
adfe101,FCGIUserBindServer,bid-request,229024,229834,bid-request:c41,41,41,3.88431719,34.762917516,600.0047104,0.6473811159599856,5.793774101010791,6.4411552169707775
adfe101,FCGIUserBindServer,bid-request,229024,229835,bid-request:c40,40,40,4.002484298,28.530172714,600.0047104,0.6670754793461035,4.7549914558137445,5.422066935159848
adfe101,FCGIUserBindServer,bid-request,229024,229836,bid-request:c60,60,60,3.443667925,17.75157326,600.0047104,0.5739401483538753,2.958572316568267,3.5325124649221418
adfe101,FCGIUserBindServer,bid-request,229024,229837,bid-request:c19,19,19,3.336549346,26.489737363,600.0047104,0.5560871920114846,4.414921567089084,4.9710087591005685
adfe101,FCGIUserBindServer,bid-request,229024,229838,bid-request:c39,39,39,4.277121791,23.837006509,600.0047104,0.7128480355010226,3.9728032290127833,4.685651264513806
adfe101,FCGIUserBindServer,bid-request,229024,229839,bid-request:c24,24,24,3.324950436,24.856952695,600.0047104,0.5541540555212281,4.1427929254803395,4.696946981001568
adfe101,FCGIUserBindServer,bid-request,229024,229840,bid-request:c54,54,54,3.818591586,17.643696148,600.0047104,0.6364269346242786,2.9405929390516996,3.577019873675978
adfe101,FCGIUserBindServer,bid-request,229024,229841,bid-request:c17,17,17,3.984652379,31.101266313,600.0047104,0.6641035161779957,5.183503691540352,5.847607207718348
adfe101,FCGIUserBindServer,bid-request,229024,229842,bid-request:c11,11,11,3.910945322,45.685587571,600.0047104,0.6518191031188277,7.614204818582704,8.266023921701532
adfe101,FCGIUserBindServer,bid-request,229024,229843,bid-request:c70,70,70,3.421728567,27.876885297,600.0047104,0.5702836173934144,4.646111074430658,5.216394691824073
adfe101,FCGIUserBindServer,bid-request,229024,229844,bid-request:c35,35,35,3.423197333,21.535109514,600.0047104,0.5705284098049641,3.589156741726806,4.15968515153177
adfe101,FCGIUserBindServer,bid-request,229024,229845,bid-request:c65,65,65,3.437680364,24.062821518,600.0047104,0.5729422293548714,4.010438768382042,4.583380997736914
adfe101,FCGIUserBindServer,bid-request,229024,229846,bid-request:c4,4,4,3.956512017,26.768464094,600.0047104,0.6594134926644736,4.461375657560171,5.1207891502246445
adfe101,FCGIUserBindServer,bid-request,229024,229847,bid-request:c43,43,43,3.792127997,44.867985664,600.0047104,0.6320163710834761,7.477938903860979,8.109955274944456
adfe101,FCGIUserBindServer,bid-request,229024,229848,bid-request:c10,10,10,3.954094406,29.948122788,600.0047104,0.6590105606610918,4.991314612852746,5.650325173513838
adfe101,FCGIUserBindServer,bid-request,229024,229849,bid-request:c63,63,63,3.381065858,21.646009507,600.0047104,0.5635065524312257,3.6076399287881324,4.171146481219358
adfe101,FCGIUserBindServer,bid-request,229024,229850,bid-request:c22,22,22,3.377797729,28.442369214,600.0047104,0.5629618685406907,4.740357654032177,5.303319522572869
adfe101,FCGIUserBindServer,bid-request,229024,229851,bid-request:c14,14,14,3.894536524,32.712085511,600.0047104,0.6490843249219932,5.451971450222802,6.101055775144794
adfe101,FCGIUserBindServer,bid-request,229024,229852,bid-request:c21,21,21,3.326558468,26.361480926,600.0047104,0.5544220587505574,4.3935456620708555,4.9479677208214135
adfe101,FCGIUserBindServer,bid-request,229024,229853,bid-request:c62,62,62,3.45682906,17.561856006,600.0047104,0.5761336536333965,2.9269530224674716,3.503086676100868
adfe101,FCGIUserBindServer,bid-request,229024,229854,bid-request:c50,50,50,4.201035226,16.203658361,600.0047104,0.7001670408886177,2.7005885254130164,3.400755566301634
adfe101,FCGIUserBindServer,bid-request,229024,229855,bid-request:c32,32,32,3.354658593,36.602530244,600.0047104,0.5591053761500603,6.1003738153319675,6.659479191482028
adfe101,FCGIUserBindServer,bid-request,229024,229856,bid-request:c36,36,36,3.611438206,61.695204538,600.0047104,0.6019016423375065,10.282453365552778,10.884355007890285
adfe101,FCGIUserBindServer,bid-request,229024,229857,bid-request:c56,56,56,3.454995802,15.520152474,600.0047104,0.5758281130320939,2.5866717719021426,3.162499884934237
adfe101,FCGIUserBindServer,bid-request,229024,229858,bid-request:c38,38,38,3.940864155,29.023950094,600.0047104,0.656805536138671,4.837287039738547,5.494092575877218
adfe101,FCGIUserBindServer,bid-request,229024,229859,bid-request:c53,53,53,4.053772497,38.88397167,600.0047104,0.675623445405538,6.48061106788271,7.156234513288248
adfe101,FCGIUserBindServer,bid-request,229024,229860,bid-request:c28,28,28,3.53623632,28.795488295,600.0047104,0.5893680930675573,4.7992103721657715,5.388578465233329
adfe101,FCGIUserBindServer,bid-request,229024,229861,bid-request:c33,33,33,3.319186607,25.898826128,600.0047104,0.5531934248961523,4.316437134424203,4.869630559320356
adfe101,FCGIUserBindServer,bid-request,229024,229862,bid-request:c49,49,49,4.117063302,15.492649594,600.0047104,0.6861718300936859,2.5820879945545174,3.2682598246482035
adfe101,FCGIUserBindServer,bid-request,229024,229863,bid-request:c57,57,57,3.414675595,22.575278841,600.0047104,0.5691081312884306,3.7625169352337138,4.331625066522144
adfe101,FCGIUserBindServer,bid-request,229024,229864,bid-request:c61,61,61,3.499515567,16.764814861,600.0047104,0.5832480156142454,2.794113874510009,3.3773618901242544
adfe101,FCGIUserBindServer,bid-request,229024,229866,bid-request:c13,13,13,3.987621997,35.166514419,600.0047104,0.6645984486257793,5.861039723430811,6.52563817205659
adfe101,FCGIUserBindServer,bid-request,229024,229867,bid-request:c6,6,6,3.930525207,32.267878907,600.0047104,0.6550823916665038,5.377937597437902,6.033019989104405
adfe101,FCGIUserBindServer,bid-request,229024,229869,bid-request:c18,18,18,3.707927537,27.335466097,600.0047104,0.6179830712542352,4.555875249508708,5.173858320762943
adfe101,FCGIUserBindServer,bid-request,229024,229870,bid-request:c59,59,59,3.444175661,18.026767081,600.0047104,0.5740247703562028,3.0044375933286007,3.578462363684803
adfe101,FCGIUserBindServer,bid-request,229024,229872,bid-request:c31,31,31,3.55922274,21.320398763,600.0047104,0.59319913299134,3.5533718974950235,4.146571030486363
adfe101,FCGIUserBindServer,bid-request,229024,229873,bid-request:c20,20,20,3.414255937,24.947061413,600.0047104,0.5690381888375255,4.157810927245681,4.726849116083206
adfe101,FCGIUserBindServer,bid-request,229024,229874,bid-request:c15,15,15,3.757884333,38.963340968,600.0047104,0.6263091385557229,6.493839180366542,7.120148318922265
adfe101,FCGIUserBindServer,bid-request,229024,229875,bid-request:c5,5,5,4.09787961,32.776837448,600.0047104,0.682974573194284,5.462763354999154,6.145737928193438
adfe101,FCGIUserBindServer,bid-request,229024,229876,bid-request:c25,25,25,3.33376415,26.097414339,600.0047104,0.5556229963223969,4.349534909751268,4.905157906073666
adfe101,FCGIUserBindServer,bid-request,229024,229877,bid-request:c52,52,52,3.953249429,25.638577417,600.0047104,0.6588697322666885,4.273062689775843,4.931932422042532
adfe101,FCGIUserBindServer,bid-request,229024,229878,bid-request:c64,64,64,3.440463813,25.009145097,600.0047104,0.5734061338795783,4.168158126679933,4.741564260559512
adfe101,FCGIUserBindServer,bid-request,229024,229879,bid-request:c67,67,67,3.451398187,24.82225253,600.0047104,0.5752285152393364,4.137009610049888,4.7122381252892245
adfe101,FCGIUserBindServer,bid-request,229024,229880,bid-request:c68,68,68,3.524238209,26.067754558,600.0047104,0.5873684235996292,4.344591651725806,4.931960075325435
adfe101,FCGIUserBindServer,bid-request,229024,229881,bid-request:c29,29,29,3.509686697,16.818506268,600.0047104,0.5849431906393247,2.803062372091671,3.3880055627309953
adfe101,FCGIUserBindServer,bid-request,229024,229882,bid-request:c44,44,44,4.006270129,23.476495604,600.0047104,0.6677064462259261,3.9127185498842376,4.580424996110164
adfe101,UserBindServer,event_engine,201545,201643,event_engin:c41,41,41,8.133669935,185.720740701,600.0047104,1.3556010134616436,30.953213780136352,32.308814793597996
adfe101,UserBindServer,event_engine,201545,201650,event_engin:c42,42,42,10.149943436,135.924289274,600.0047104,1.6916439588004941,22.653870364348393,24.345514323148887
adfe101,UserBindServer,event_engine,201545,201658,event_engin:c43,43,43,7.565251963,248.233969772,600.0047104,1.2608654285324756,41.372003497524545,42.632868926057014
adfe101,UserBindServer,event_engine,201545,201665,event_engin:c44,44,44,9.771195421,132.405836534,600.0047104,1.628519785200673,22.067466178012193,23.695985963212866
adfe101,UserBindServer,event_engine,201545,201669,event_engin:c45,45,45,9.177729451,173.036273597,600.0047104,1.5296095667118284,28.839152526259902,30.36876209297173
adfe101,UserBindServer,event_engine,201545,201671,event_engin:c46,46,46,8.703618651,203.679894854,600.0047104,1.4505917203879337,33.946382640598685,35.39697436098662
adfe101,UserBindServer,event_engine,201545,201672,event_engin:c47,47,47,8.298983876,219.454156363,600.0047104,1.383153120659234,36.57540558584921,37.95855870650845
adfe101,UserBindServer,event_engine,201545,201674,event_engin:c48,48,48,9.738571061,127.636730272,600.0047104,1.6230824345541672,21.27262137440713,22.895703808961297
adfe101,UserBindServer,event_engine,201545,201676,event_engin:c49,49,49,9.855752431,93.431084225,600.0047104,1.6426125095633917,15.571725122409973,17.214337631973365
adfe101,UserBindServer,event_engine,201545,201678,event_engin:c50,50,50,10.894787398,107.83528654,600.0047104,1.8157836445545346,17.97240666129277,19.788190305847305
adfe101,UserBindServer,event_engine,201545,201681,event_engin:c51,51,51,9.530960207,104.985697265,600.0047104,1.588480897199303,17.49747884395942,19.085959741158725
adfe101,UserBindServer,event_engine,201545,201683,event_engin:c52,52,52,9.027879291,156.001092168,600.0047104,1.5046347361142316,25.99997791084008,27.504612646954314
adfe101,UserBindServer,event_engine,201545,201688,event_engin:c53,53,53,8.660331017,211.340060985,600.0047104,1.4433771713602868,35.22306697294222,36.66644414430251
adfe101,UserBindServer,event_engine,201545,201693,event_engine:c0,0,0,9.454423223,161.481543568,600.0047104,1.5757248333429084,26.913379306696857,28.489104140039768
adfe101,UserBindServer,event_engine,201545,201722,event_engine:c1,1,1,9.021383091,130.90865331,600.0047104,1.5035520446140818,21.81793759964455,23.321489644258634
adfe101,UserBindServer,event_engine,201545,201725,event_engine:c2,2,2,9.127850966,148.439024381,600.0047104,1.521296551141209,24.73964317414132,26.26093972528253
adfe101,UserBindServer,fast-scheduler,201545,201582,fast-schedu:c41,41,41,43.498890084,267.707517415,600.0047104,7.249758098565755,44.61756929150268,51.86732739006844
adfe101,UserBindServer,grpc-server,201545,201750,grpc-server:c52,52,52,20.210800149,102.557855234,600.0047104,3.3684402469984343,17.0928416821309,20.461281929129335
adfe101,UserBindServer,grpc-server,201545,201751,grpc-server:c53,53,53,21.638244919,138.38271036,600.0047104,3.6063458409475846,23.0636039953329,26.669949836280487
adfe101,UserBindServer,grpc-server,201545,201752,grpc-server:c0,0,0,20.480062092,103.926142433,600.0047104,3.413316885186907,17.320887758317173,20.73420464350408
adfe101,UserBindServer,grpc-server,201545,201753,grpc-server:c1,1,1,18.713009479,81.13961865,600.0047104,3.1188104284255966,13.523163609150226,16.64197403757582
adfe101,UserBindServer,grpc-server,201545,201754,grpc-server:c2,2,2,12.164595576,78.22182292,600.0047104,2.0274166794274553,13.036868138560534,15.06428481798799
adfe101,UserBindServer,grpc-server,201545,201755,grpc-server:c3,3,3,12.446957019,84.922422046,600.0047104,2.0744765504760942,14.153625892267662,16.228102442743754
adfe101,UserBindServer,grpc-server,201545,201756,grpc-server:c4,4,4,12.2625206,85.759834206,600.0047104,2.043737388632341,14.29319348990231,16.336930878534652
adfe101,UserBindServer,grpc-server,201545,201757,grpc-server:c5,5,5,12.588097691,97.627960827,600.0047104,2.0979998111361495,16.271199064739875,18.369198875876023
adfe101,UserBindServer,grpc-server,201545,201758,grpc-server:c6,6,6,0.900742594,14.401685584,600.0047104,0.15012258710427617,2.400262087009109,2.5503846741133853
adfe101,UserBindServer,grpc-server,201545,201759,grpc-server:c7,7,7,1.358697462,19.384540087,600.0047104,0.2264477992338108,3.230731317772001,3.4571791170058117
adfe101,UserBindServer,grpc-server,201545,201760,grpc-server:c8,8,8,1.59645135,26.176841627,600.0047104,0.26607313614849915,4.362772687159224,4.6288458233077225
adfe101,UserBindServer,grpc-server,201545,201761,grpc-server:c9,9,9,0.944975604,15.528257012,600.0047104,0.15749469756162768,2.5880225176312215,2.7455172151928493
adfe101,UserBindServer,grpc-server,201545,201762,grpc-server:c10,10,10,20.232940864,86.509200742,600.0047104,3.3721303371954328,14.418086932072192,17.790217269267625
adfe101,UserBindServer,grpc-server,201545,201763,grpc-server:c11,11,11,22.883230958,139.182116758,600.0047104,3.813841885131974,23.196837349028918,27.010679234160897
adfe101,UserBindServer,grpc-server,201545,201764,grpc-server:c12,12,12,23.646707772,178.435389793,600.0047104,3.941087021839487,29.738998161205103,33.68008518304459
adfe101,UserBindServer,grpc-server,201545,201765,grpc-server:c13,13,13,20.983435333,103.613121082,600.0047104,3.4972117667228235,17.268717942718336,20.76592970944116
adfe101,UserBindServer,grpc_global,201545,201602,grpc_global:c38,38,38,0.035795591,0.676522619,600.0047104,0.005965884997158849,0.11275288464802026,0.1187187696451791
adfe101,UserBindServer,http-server,201545,201766,http-server:c43,43,43,0.000180457,0.003618874,600.0047104,3.0075930550561224e-05,0.0006031409316082596,0.0006332168621588208
adfe101,UserBindServer,http-server,201545,201767,http-server:c44,44,44,0.0,0.0,600.0047104,0.0,0.0,0.0
adfe101,UserBindServer,http-server,201545,201768,http-server:c45,45,45,0.0,0.0,600.0047104,0.0,0.0,0.0
adfe101,UserBindServer,http-server,201545,201769,http-server:c46,46,46,0.0,0.0,600.0047104,0.0,0.0,0.0
adfe101,UserBindServer,jemalloc_bg,201545,201580,jemalloc_bg:c45,45,45,0.600795402,0.163762763,600.0047104,0.10013178089876543,0.027293579560538062,0.12742536045930347
adfe101,UserBindServer,jemalloc_bg,201545,201587,jemalloc_bg:c46,46,46,0.798443664,0.302862684,600.0047104,0.13307289928902533,0.050476717724114724,0.18354961701314004
adfe101,UserBindServer,jemalloc_bg,201545,201596,jemalloc_bg:c47,47,47,0.754799672,0.191739209,600.0047104,0.1257989577276492,0.031956283955200095,0.1577552416828493
adfe101,UserBindServer,jemalloc_bg,201545,201598,jemalloc_bg:c48,48,48,0.680500145,0.151649103,600.0047104,0.11341580044368932,0.025274652077131428,0.13869045252082074
adfe101,UserBindServer,lifeguard,201545,201727,lifeguard:c8,8,8,0.060098814,2.10685766,600.0047104,0.010016390364658043,0.35114018664877467,0.36115657701343273
adfe101,UserBindServer,rdb-batch,201545,201589,rdb-batch:c53,53,53,220.341601545,209.408177102,600.0047104,36.72331195501894,34.90108885351844,71.62440080853739
adfe101,UserBindServer,rdb-batch,201545,201591,rdb-batch:c52,52,52,252.469583017,225.208232235,600.0047104,42.07793349633676,37.53441070235304,79.61234419868981
adfe101,UserBindServer,rdb-batch,201545,201593,rdb-batch:c0,0,0,153.556293127,316.536558434,600.0047104,25.592514602865357,52.75567890508348,78.34819350794884
adfe101,UserBindServer,rdb-batch,201545,201595,rdb-batch:c1,1,1,181.697027685,293.029002115,600.0047104,30.28260020889996,48.8377836100068,79.12038381890677
adfe101,UserBindServer,rdb-batch,201545,201600,rdb-batch:c2,2,2,160.038116976,298.878396576,600.0047104,26.672810096658868,49.812675033292535,76.4854851299514
adfe101,UserBindServer,rdb-batch,201545,201601,rdb-batch:c3,3,3,160.367366931,290.556514584,600.0047104,26.727684658356974,48.42570558992732,75.1533902482843
adfe101,UserBindServer,rdb-batch,201545,201603,rdb-batch:c4,4,4,253.36190008,215.966609525,600.0047104,42.226651839298626,35.994152342741344,78.22080418203997
adfe101,UserBindServer,rdb-batch,201545,201604,rdb-batch:c5,5,5,211.507497852,220.941055738,600.0047104,35.2509728983621,36.82322020283926,72.07419310120136
adfe101,UserBindServer,rdb-batch,201545,201605,rdb-batch:c6,6,6,213.12391683,228.97282546,600.0047104,35.52037394638427,38.161837980797294,73.68221192718156
adfe101,UserBindServer,rdb-batch,201545,201614,rdb-batch:c7,7,7,269.287777437,193.494523185,600.0047104,44.8809438941698,32.248834022653696,77.1297779168235
adfe101,UserBindServer,rdb-batch,201545,201622,rdb-batch:c8,8,8,311.605040732,138.476949644,600.0047104,51.93376574064976,23.079310419360333,75.0130761600101
adfe101,UserBindServer,rdb-batch,201545,201626,rdb-batch:c9,9,9,314.720828391,132.257903032,600.0047104,52.45305960701338,22.042810787906774,74.49587039492015
adfe101,UserBindServer,rdb-batch,201545,201633,rdb-batch:c10,10,10,308.257776247,145.291643541,600.0047104,51.375892706158325,24.21508381894863,75.59097652510695
adfe101,UserBindServer,rdb-batch,201545,201639,rdb-batch:c11,11,11,188.291254976,262.424089744,600.0047104,31.381629462620964,43.73700492601999,75.11863438864096
adfe101,UserBindServer,rdb-batch,201545,201649,rdb-batch:c12,12,12,168.302421779,314.802059205,600.0047104,28.050183417193384,52.466597969728205,80.5167813869216
adfe101,UserBindServer,rdb-batch,201545,201651,rdb-batch:c13,13,13,251.639669175,223.634567567,600.0047104,41.93961560855773,37.27213531672301,79.21175092528074
adfe101,UserBindServer,task-runner,201545,201583,task-runner:c38,38,38,0.108162649,0.026524326,600.0047104,0.01802696664296054,0.004420686294665463,0.022447652937626003
adfe101,UserBindServer,task-runner,201545,201801,task-runner:c38,"0-17,36-53",4,0.257171427,0.490737312,600.0047104,0.04286156800811676,0.08178890990253132,0.12465047791064808
adfe101,UserBindServer,task-runner,201545,203330,task-runner:c38,"0-17,36-53",51,0.003154212,0.007495746,600.0047104,0.0005256978729212324,0.0012492811923097862,0.0017749790652310186
adfe101,UserBindServer,task-runner,201545,203331,task-runner:c38,"0-17,36-53",38,0.0,0.0,600.0047104,0.0,0.0,0.0
adfe101,UserBindServer,task-runner,201545,203332,task-runner:c38,"0-17,36-53",38,0.0,0.0,600.0047104,0.0,0.0,0.0
adfe101,UserBindServer,task-runner,201545,203333,task-runner:c38,"0-17,36-53",38,0.0,0.0,600.0047104,0.0,0.0,0.0
adfe101,UserBindServer,task-runner,201545,203334,task-runner:c38,"0-17,36-53",38,0.0,0.0,600.0047104,0.0,0.0,0.0
adfe101,UserBindServer,task-runner,201545,203335,task-runner:c38,"0-17,36-53",38,0.0,0.0,600.0047104,0.0,0.0,0.0
adfe101,UserBindServer,task-runner,201545,203336,task-runner:c38,"0-17,36-53",38,0.0,0.0,600.0047104,0.0,0.0,0.0
adfe101,UserBindServer,task-runner,201545,203337,task-runner:c38,"0-17,36-53",38,0.0,0.0,600.0047104,0.0,0.0,0.0
adfe101,UserBindServer,task-runner,201545,203338,task-runner:c38,"0-17,36-53",38,0.0,0.0,600.0047104,0.0,0.0,0.0
adfe101,UserBindServer,task-runner,201545,203339,task-runner:c38,"0-17,36-53",38,0.0,0.0,600.0047104,0.0,0.0,0.0
adfe101,UserBindServer,task-runner,201545,203340,task-runner:c38,"0-17,36-53",38,0.0,0.0,600.0047104,0.0,0.0,0.0
adfe101,UserBindServer,ub-grpc-p,201545,201585,ub-grpc-p:c0,0,0,100.377985354,370.431276166,600.0047104,16.729532887680477,61.73806134272642,78.46759423040689
adfe101,UserBindServer,ub-grpc-p,201545,201586,ub-grpc-p:c2,2,2,103.72540055,356.898487943,600.0047104,17.28743104047471,59.48261434565564,76.77004538613036
adfe101,UserBindServer,ub-grpc-p,201545,201588,ub-grpc-p:c3,3,3,98.181581352,359.66690899,600.0047104,16.36346842786386,59.94401423119228,76.30748265905613
adfe101,UserBindServer,ub-grpc-p,201545,201590,ub-grpc-p:c4,4,4,100.88845381,362.785487023,600.0047104,16.814610295766105,60.46377315623821,77.27838345200432
adfe101,UserBindServer,ub-grpc-p,201545,201592,ub-grpc-p:c5,5,5,87.257392826,365.858215227,600.0047104,14.54278463377877,60.97589050310896,75.51867513688772
adfe101,UserBindServer,ub-grpc-p,201545,201594,ub-grpc-p:c6,6,6,104.529770074,354.344763913,600.0047104,17.421491575343474,59.056997015368765,76.47848859071223
adfe101,UserBindServer,ub-grpc-p,201545,201597,ub-grpc-p:c7,7,7,105.170256683,354.012573103,600.0047104,17.528238505475574,59.001632315018576,76.52987082049415
adfe101,UserBindServer,ub-grpc-p,201545,201599,ub-grpc-p:c1,1,1,109.248556177,353.537884998,600.0047104,18.207949751622483,58.922518251950045,77.13046800357253
adfe101,UserInfoManager,event_engine,201544,201623,event_engin:c55,55,55,8.608027502,111.524179875,600.0047104,1.434659987295993,18.587217390452007,20.021877377747998
adfe101,UserInfoManager,event_engine,201544,201624,event_engin:c56,56,56,9.111076702,95.654673433,600.0047104,1.5185008624225627,15.9423204143232,17.460821276745765
adfe101,UserInfoManager,event_engine,201544,201625,event_engin:c57,57,57,9.8383845,124.48002334,600.0047104,1.6397178771215193,20.74650768275035,22.38622555987187
adfe101,UserInfoManager,event_engine,201544,201627,event_engin:c58,58,58,9.70448425,122.125544379,600.0047104,1.6174013439878487,20.354097603264417,21.971498947252265
adfe101,UserInfoManager,event_engine,201544,201629,event_engin:c59,59,59,9.357204044,106.521043044,600.0047104,1.5595217640478043,17.753367798227206,19.31288956227501
adfe101,UserInfoManager,event_engine,201544,201631,event_engin:c60,60,60,8.848420585,101.341902698,600.0047104,1.4747251865908018,16.89018451712475,18.364909703715554
adfe101,UserInfoManager,event_engine,201544,201632,event_engin:c62,62,62,8.917373103,101.090189351,600.0047104,1.4862171827043043,16.848232621975097,18.3344498046794
adfe101,UserInfoManager,event_engine,201544,201636,event_engin:c61,61,61,8.663234381,98.206593292,600.0047104,1.443861061561426,16.367637051804053,17.811498113365477
adfe101,UserInfoManager,event_engine,201544,201638,event_engin:c63,63,63,9.228460584,104.422872063,600.0047104,1.5380646891668135,17.403675380045815,18.941740069212628
adfe101,UserInfoManager,event_engine,201544,201641,event_engin:c64,64,64,9.308421835,108.886955061,600.0047104,1.551391459709447,18.147683372087073,19.69907483179652
adfe101,UserInfoManager,event_engine,201544,201644,event_engin:c65,65,65,7.272824618,126.436339462,600.0047104,1.2121279203210735,21.072557810039488,22.28468573036056
adfe101,UserInfoManager,event_engine,201544,201647,event_engin:c66,66,66,8.079746573,143.891372459,600.0047104,1.3466138570168131,23.9817071374445,25.32832099446131
adfe101,UserInfoManager,event_engine,201544,201653,event_engin:c67,67,67,8.008021661,139.405014501,600.0047104,1.334659798864139,23.233986681215228,24.568646480079366
adfe101,UserInfoManager,event_engine,201544,201654,event_engin:c68,68,68,8.041230239,146.82262283,600.0047104,1.3401945184129007,24.470245030596345,25.810439549009246
adfe101,UserInfoManager,event_engine,201544,201655,event_engin:c70,70,70,8.389640612,158.406327662,600.0047104,1.3982624580408627,26.4008473460811,27.79910980412196
adfe101,UserInfoManager,event_engine,201544,201656,event_engin:c69,69,69,7.804142114,143.955405015,600.0047104,1.3006801411271054,23.992379146328783,25.29305928745589
adfe101,UserInfoManager,fast-scheduler,201544,201606,fast-schedu:c63,63,63,29.745641917,153.470759639,600.0047104,4.957568065952303,25.578259133446963,30.535827199399268
adfe101,UserInfoManager,grpc-server,201544,201680,grpc-server:c71,71,71,2.540219363,37.960306165,600.0047104,0.4233665701235135,6.326668025604887,6.7500345957284
adfe101,UserInfoManager,grpc-server,201544,201682,grpc-server:c18,18,18,3.225789536,51.585158517,600.0047104,0.5376273686000715,8.59745892371581,9.135086292315881
adfe101,UserInfoManager,grpc-server,201544,201685,grpc-server:c19,19,19,2.598399184,42.501493939,600.0047104,0.4330631308323809,7.08352671275962,7.516589843592001
adfe101,UserInfoManager,grpc-server,201544,201686,grpc-server:c20,20,20,2.656236804,40.390438122,600.0047104,0.44270265848899576,6.731686838770524,7.17438949725952
adfe101,UserInfoManager,grpc-server,201544,201689,grpc-server:c21,21,21,1.772199896,31.127737435,600.0047104,0.29536433052642913,5.187915510571298,5.483279841097728
adfe101,UserInfoManager,grpc-server,201544,201690,grpc-server:c22,22,22,1.891447817,33.593188864,600.0047104,0.3152388279983743,5.5988208561903985,5.914059684188773
adfe101,UserInfoManager,grpc-server,201544,201691,grpc-server:c23,23,23,1.809213787,30.443969259,600.0047104,0.3015332639295226,5.0739550425702795,5.375488306499801
adfe101,UserInfoManager,grpc-server,201544,201694,grpc-server:c24,24,24,1.869256995,31.633684741,600.0047104,0.3115403867002708,5.272239399572554,5.5837797862728245
adfe101,UserInfoManager,grpc-server,201544,201695,grpc-server:c25,25,25,1.971923884,32.90204286,600.0047104,0.32865140053407155,5.483630759842781,5.812282160376853
adfe101,UserInfoManager,grpc-server,201544,201696,grpc-server:c26,26,26,1.688711445,29.074894862,600.0047104,0.2814496979322381,4.845777767747338,5.127227465679576
adfe101,UserInfoManager,grpc-server,201544,201697,grpc-server:c27,27,27,1.549356929,26.427786003,600.0047104,0.25822412760178226,4.404596421481694,4.662820549083476
adfe101,UserInfoManager,grpc-server,201544,201698,grpc-server:c28,28,28,1.333222921,23.945610963,600.0047104,0.22220207573223746,3.990903829244338,4.213105904976575
adfe101,UserInfoManager,grpc-server,201544,201699,grpc-server:c29,29,29,35.036125857,69.141944513,600.0047104,5.839308467035662,11.52356695115039,17.36287541818605
adfe101,UserInfoManager,grpc-server,201544,201700,grpc-server:c30,30,30,35.509826565,112.120380398,600.0047104,5.918257965229468,18.686583364196203,24.60484132942567
adfe101,UserInfoManager,grpc-server,201544,201701,grpc-server:c31,31,31,35.494617039,89.227529073,600.0047104,5.915723064130131,14.871138097151846,20.786861161281976
adfe101,UserInfoManager,grpc-server,201544,201702,grpc-server:c32,32,32,35.431432906,202.660909154,600.0047104,5.905192457969076,33.77655302387439,39.68174548184347
adfe101,UserInfoManager,grpc_global,201544,201621,grpc_global:c20,20,20,0.02769807,0.83908133,600.0047104,0.004616308758898704,0.13984579045064777,0.14446209920954647
adfe101,UserInfoManager,grpcpp_sync,201544,201662,grpcpp_sync:c25,25,25,0.002779539,0.122674987,600.0047104,0.000463252863156189,0.020445670654521582,0.02090892351767777
adfe101,UserInfoManager,http-server,201544,201703,http-server:c54,54,54,0.0,0.0,600.0047104,0.0,0.0,0.0
adfe101,UserInfoManager,http-server,201544,201704,http-server:c55,55,55,5.3351e-05,0.0,600.0047104,8.891763527061803e-06,0.0,8.891763527061803e-06
adfe101,UserInfoManager,http-server,201544,201705,http-server:c56,56,56,0.0,0.0,600.0047104,0.0,0.0,0.0
adfe101,UserInfoManager,http-server,201544,201706,http-server:c57,57,57,0.0,0.0,600.0047104,0.0,0.0,0.0
adfe101,UserInfoManager,jemalloc_bg,201544,201581,jemalloc_bg:c33,33,33,4.179394973,1.90020845,600.0047104,0.6965603603701308,0.31669892203566274,1.0132592824057935
adfe101,UserInfoManager,jemalloc_bg,201544,201615,jemalloc_bg:c34,34,34,3.934273926,1.686869604,600.0047104,0.6557071732615518,0.2811427268421658,0.9368499001037176
adfe101,UserInfoManager,jemalloc_bg,201544,201628,jemalloc_bg:c35,35,35,5.197140409,2.030925922,600.0047104,0.866183268050557,0.33848499633378876,1.2046682643843458
adfe101,UserInfoManager,jemalloc_bg,201544,201635,jemalloc_bg:c54,54,54,7.751880815,2.316499423,600.0047104,1.291969993007575,0.3860802061796614,1.678050199187236
adfe101,UserInfoManager,lifeguard,201544,201657,lifeguard:c68,68,68,0.033909349,1.547857866,600.0047104,0.005651513798515672,0.2579742857298742,0.2636257995283898
adfe101,UserInfoManager,rdb-batch,201544,202898,rdb-batch:c33,33,33,91.165545704,230.073290329,600.0047104,15.194138333217992,38.345247352411455,53.53938568562945
adfe101,UserInfoManager,rdb-batch,201544,202899,rdb-batch:c18,18,18,110.332236137,196.103086202,600.0047104,18.38856166036526,32.683591112354044,51.072152772719306
adfe101,UserInfoManager,rdb-batch,201544,202900,rdb-batch:c19,19,19,109.475599661,192.747876718,600.0047104,18.2457900352177,32.12439392175812,50.37018395697581
adfe101,UserInfoManager,rdb-batch,201544,202901,rdb-batch:c20,20,20,111.753710976,183.595736867,600.0047104,18.62547227362567,30.599049254897317,49.224521528522985
adfe101,UserInfoManager,rdb-batch,201544,202902,rdb-batch:c21,21,21,110.061682998,190.227601207,600.0047104,18.343469824532896,31.70435130087272,50.04782112540562
adfe101,UserInfoManager,rdb-batch,201544,202903,rdb-batch:c22,22,22,110.717224313,189.265820777,600.0047104,18.452725852633574,31.544055820965767,49.99678167359934
adfe101,UserInfoManager,rdb-batch,201544,202904,rdb-batch:c23,23,23,113.242701627,181.663453251,600.0047104,18.87363543387942,30.277004513829898,49.150639947709315
adfe101,UserInfoManager,rdb-batch,201544,202905,rdb-batch:c24,24,24,113.826775434,178.543211726,600.0047104,18.97098030415729,29.756968342293867,48.72794864645116
adfe101,UserInfoManager,rdb-batch,201544,202906,rdb-batch:c25,25,25,111.587970944,183.775627227,600.0047104,18.597849151818924,30.62903074618929,49.226879898008214
adfe101,UserInfoManager,rdb-batch,201544,202907,rdb-batch:c26,26,26,110.728068901,187.67785802,600.0047104,18.454533269777478,31.279397439210506,49.733930708987984
adfe101,UserInfoManager,rdb-batch,201544,202908,rdb-batch:c27,27,27,151.365632994,109.289027444,600.0047104,25.22740744703327,18.21469490983516,43.44210235686843
adfe101,UserInfoManager,rdb-batch,201544,202909,rdb-batch:c28,28,28,149.261536867,114.327556112,600.0047104,24.87672751227121,19.054443095252072,43.931170607523285
adfe101,UserInfoManager,rdb-batch,201544,202910,rdb-batch:c29,29,29,115.134949248,150.29235361,600.0047104,19.18900756149797,25.048528954015357,44.237536515513334
adfe101,UserInfoManager,rdb-batch,201544,202911,rdb-batch:c30,30,30,92.199484863,205.184466355,600.0047104,15.36646017354333,34.19714258879925,49.563602762342576
adfe101,UserInfoManager,rdb-batch,201544,202912,rdb-batch:c31,31,31,101.679074468,179.914431724,600.0047104,16.946379370957686,29.985503214476097,46.93188258543378
adfe101,UserInfoManager,rdb-batch,201544,202913,rdb-batch:c32,32,32,72.110789645,337.94920124,600.0047104,12.018370588611965,56.324424689049906,68.34279527766188
adfe101,UserInfoManager,task-runner,201544,201607,task-runner:c23,23,23,0.664866617,0.367225192,600.0047104,0.11081023289913158,0.061203718176676504,0.17201395107580808
adfe101,UserInfoManager,task-runner,201544,201734,task-runner:c23,"18-35,54-71",64,0.274003379,0.188227117,600.0047104,0.04566687131794891,0.03137093988387462,0.07703781120182353
adfe101,UserInfoManager,task-runner,201544,202959,task-runner:c23,"18-35,54-71",67,0.002528382,0.000710984,600.0047104,0.0004213936917785904,0.00011849640305757173,0.0005398900948361622
adfe101,UserInfoManager,task-runner,201544,202960,task-runner:c23,"18-35,54-71",25,0.0,0.0,600.0047104,0.0,0.0,0.0
adfe101,UserInfoManager,task-runner,201544,202961,task-runner:c23,"18-35,54-71",23,0.0,0.0,600.0047104,0.0,0.0,0.0
adfe101,UserInfoManager,task-runner,201544,202962,task-runner:c23,"18-35,54-71",35,0.0,0.0,600.0047104,0.0,0.0,0.0
adfe101,UserInfoManager,task-runner,201544,202963,task-runner:c23,"18-35,54-71",23,0.0,0.0,600.0047104,0.0,0.0,0.0
adfe101,UserInfoManager,task-runner,201544,202964,task-runner:c23,"18-35,54-71",25,0.0,0.0,600.0047104,0.0,0.0,0.0
adfe101,UserInfoManager,task-runner,201544,202965,task-runner:c23,"18-35,54-71",23,0.0,0.0,600.0047104,0.0,0.0,0.0
adfe101,UserInfoManager,task-runner,201544,202966,task-runner:c23,"18-35,54-71",25,0.0,0.0,600.0047104,0.0,0.0,0.0
adfe101,UserInfoManager,task-runner,201544,202967,task-runner:c23,"18-35,54-71",23,0.0,0.0,600.0047104,0.0,0.0,0.0
adfe101,UserInfoManager,task-runner,201544,202968,task-runner:c23,"18-35,54-71",26,0.0,0.0,600.0047104,0.0,0.0,0.0
adfe101,UserInfoManager,task-runner,201544,202969,task-runner:c23,"18-35,54-71",23,0.0,0.0,600.0047104,0.0,0.0,0.0
adfe101,UserInfoManager,uim-grpc-p,201544,201609,uim-grpc-p:c29,29,29,150.888448894,157.599164797,600.0047104,25.147877388063918,26.26632125803391,51.41419864609783
adfe101,UserInfoManager,uim-grpc-p,201544,201610,uim-grpc-p:c32,32,32,115.653427221,346.362630586,600.0047104,19.275419878603675,57.726651904964775,77.00207178356845
adfe101,UserInfoManager,uim-grpc-p,201544,201611,uim-grpc-p:c30,30,30,203.676058204,156.726780843,600.0047104,33.94574320395202,26.12092507382422,60.06666827777624
adfe101,UserInfoManager,uim-grpc-p,201544,201612,uim-grpc-p:c34,34,34,220.623118295,142.691472946,600.0047104,36.77023104500614,23.78172545526736,60.551956500273505
adfe101,UserInfoManager,uim-grpc-p,201544,201613,uim-grpc-p:c33,33,33,101.573989137,255.434216524,600.0047104,16.92886528662159,42.57203520180897,59.50090048843057
adfe101,UserInfoManager,uim-grpc-p,201544,201616,uim-grpc-p:c35,35,35,186.962782406,157.167985457,600.0047104,31.16021910583987,26.19445859887036,57.354677704710234
adfe101,UserInfoManager,uim-grpc-p,201544,201617,uim-grpc-p:c56,56,56,162.993362251,151.819909168,600.0047104,27.16534710908163,25.303119548309468,52.4684666573911
adfe101,UserInfoManager,uim-grpc-p,201544,201618,uim-grpc-p:c54,54,54,158.833111144,165.408431844,600.0047104,26.47197736799634,27.56785554795538,54.03983291595173
adfe101,UserInfoManager,uim-grpc-p,201544,201619,uim-grpc-p:c55,55,55,193.778949172,145.305065695,600.0047104,32.29623798166769,24.217320827053292,56.51355880872097
adfe101,UserInfoManager,uim-grpc-p,201544,201620,uim-grpc-p:c31,31,31,172.021360392,165.718590026,600.0047104,28.670001653373685,27.619548172467148,56.28954982584084
adfe102,CampaignManager,bs-grpc,78517,78581,bs-grpc:c23,23,23,0.357375029,5.87242367,600.000145664,0.059562490373149,0.9787370407220795,1.0382995310952285
adfe102,CampaignManager,bs-grpc,78517,78582,bs-grpc:c26,26,26,0.562215143,7.730118004,600.000145664,0.0937025010848648,1.2883526878889902,1.3820551889738548
adfe102,CampaignManager,bs-grpc,78517,78583,bs-grpc:c24,24,24,0.218194765,3.333352265,600.000145664,0.03636578533802374,0.555558575958526,0.5919243612965497
adfe102,CampaignManager,bs-grpc,78517,78584,bs-grpc:c25,25,25,16.494851789,100.318049052,600.000145664,2.749141297415137,16.71967078290979,19.46881208032493
adfe102,CampaignManager,bs-grpc-c,78517,78585,bs-grpc-c:c25,25,25,27.869540559,125.102498222,600.000145664,4.644922298836731,20.850411308409477,25.495333607246206
adfe102,CampaignManager,cm-grpc-p,78517,78562,cm-grpc-p:c69,69,69,125.364619119,36.026087408,600.000145664,20.894098113970156,6.004346443638132,26.898444557608286
adfe102,CampaignManager,cm-grpc-p,78517,78563,cm-grpc-p:c70,70,70,94.680327017,103.23900621,600.000145664,15.78005067185783,17.206496857721405,32.986547529579234
adfe102,CampaignManager,cm-grpc-p,78517,78564,cm-grpc-p:c71,71,71,91.666124756,110.106337827,600.000145664,15.277683750319124,18.351051849353972,33.6287355996731
adfe102,CampaignManager,cm-grpc-p,78517,78565,cm-grpc-p:c18,18,18,92.29137729,115.961141225,600.000145664,15.38189248068669,19.326852178789007,34.7087446594757
adfe102,CampaignManager,cm-grpc-p,78517,78566,cm-grpc-p:c19,19,19,84.799141682,137.308408385,600.000145664,14.133186849172452,22.88472917503135,37.0179160242038
adfe102,CampaignManager,cm-grpc-p,78517,78567,cm-grpc-p:c20,20,20,79.43582284,117.346364921,600.000145664,13.23930059251753,19.55772273873979,32.79702333125732
adfe102,CampaignManager,cm-grpc-p,78517,78568,cm-grpc-p:c21,21,21,93.892898983,113.671428208,600.000145664,15.648812698052245,18.945233435269195,34.594046133321434
adfe102,CampaignManager,cm-grpc-p,78517,78569,cm-grpc-p:c22,22,22,87.997440607,110.49171905,600.000145664,14.666236540595534,18.41528203759393,33.08151857818946
adfe102,CampaignManager,cm-grpc-p,78517,78570,cm-grpc-p:c23,23,23,84.528314827,111.800884159,600.000145664,14.088049050964038,18.633476169455545,32.721525220419586
adfe102,CampaignManager,cm-grpc-p,78517,78571,cm-grpc-p:c28,28,28,65.783172349,136.20400212,600.000145664,10.963859396433975,22.700661508884735,33.66452090531871
adfe102,CampaignManager,cm-grpc-p,78517,78572,cm-grpc-p:c26,26,26,73.363681936,117.627133353,600.000145664,12.227277354209786,19.604517466045948,31.83179482025573
adfe102,CampaignManager,cm-grpc-p,78517,78573,cm-grpc-p:c30,30,30,73.505602197,145.137347065,600.000145664,12.250930725300712,24.189551971588504,36.44048269688921
adfe102,CampaignManager,cm-grpc-p,78517,78574,cm-grpc-p:c25,25,25,84.491188888,112.293871215,600.000145664,14.081861395966236,18.715640658841533,32.79750205480777
adfe102,CampaignManager,cm-grpc-p,78517,78575,cm-grpc-p:c24,24,24,75.856799444,129.58660045,600.000145664,12.642796837999402,21.597761498306117,34.24055833630552
adfe102,CampaignManager,cm-grpc-p,78517,78576,cm-grpc-p:c29,29,29,69.163758414,138.754152948,600.000145664,11.527290270481316,23.12568654369999,34.65297681418131
adfe102,CampaignManager,cm-grpc-p,78517,78577,cm-grpc-p:c27,27,27,79.323520898,136.998962238,600.000145664,13.220583606728182,22.833154829718893,36.05373843644708
adfe102,CampaignManager,cm-logging,78517,78558,cm-logging:c29,29,29,93.947426059,232.552074534,600.000145664,15.65790054184596,38.758669679428564,54.416570221274526
adfe102,CampaignManager,cm-logging,78517,78559,cm-logging:c30,30,30,94.255880478,239.804587597,600.000145664,15.709309599198544,39.96742156314251,55.676731162341056
adfe102,CampaignManager,cm-logging,78517,78560,cm-logging:c31,31,31,97.12154764,203.411339692,600.000145664,16.186920676913978,33.901881718193835,50.08880239510781
adfe102,CampaignManager,cm-logging,78517,78561,cm-logging:c32,32,32,96.128977998,286.408003611,600.000145664,16.021492443408874,47.73465567979853,63.7561481232074
adfe102,CampaignManager,event_engine,78517,78537,event_engin:c65,65,65,14.202584148,14.668420327,600.000145664,2.367096783332024,2.4447361276499278,4.811832910981952
adfe102,CampaignManager,event_engine,78517,78538,event_engin:c63,63,63,14.535591138,29.241940322,600.000145664,2.422597934857824,4.873655537139733,7.296253471997558
adfe102,CampaignManager,event_engine,78517,78539,event_engin:c66,66,66,15.131402985,14.799082532,600.000145664,2.5218998852499586,2.4665131565297127,4.988413041779671
adfe102,CampaignManager,event_engine,78517,78540,event_engin:c67,67,67,14.507152918,15.088864374,600.000145664,2.417858232675164,2.5148101184711646,4.932668351146329
adfe102,CampaignManager,event_engine,78517,78541,event_engin:c64,64,64,14.105513966,14.249207566,600.000145664,2.3509184235930314,2.374867351112204,4.725785774705235
adfe102,CampaignManager,event_engine,78517,78542,event_engin:c68,68,68,13.732586768,37.094202918,600.000145664,2.2887639056824907,6.1823656520864825,8.471129557768974
adfe102,CampaignManager,event_engine,78517,78544,event_engin:c69,69,69,12.05073144,72.359106972,600.000145664,2.008454752400745,12.059848234190445,14.068302986591188
adfe102,CampaignManager,event_engine,78517,78545,event_engin:c70,70,70,10.63036448,119.549345197,600.000145664,1.7717269832052678,19.92488602893567,21.696613012140936
adfe102,CampaignManager,event_engine,78517,78546,event_engin:c71,71,71,10.660327318,134.581221089,600.000145664,1.7767207883262386,22.43019806937938,24.20691885770562
adfe102,CampaignManager,event_engine,78517,78548,event_engin:c18,18,18,11.22000764,142.035287447,600.000145664,1.870000819347001,23.672542160771364,25.542542980118366
adfe102,CampaignManager,event_engine,78517,78550,event_engin:c19,19,19,9.947911098,158.9215748,600.000145664,1.6579847804855081,26.48692270301482,28.144907483500326
adfe102,CampaignManager,event_engine,78517,78551,event_engin:c20,20,20,10.053930048,134.819558522,600.000145664,1.675654601195747,22.469920965235723,24.145575566431468
adfe102,CampaignManager,event_engine,78517,78552,event_engin:c21,21,21,10.272451605,135.855959012,600.000145664,1.7120748518538813,22.642654338300662,24.354729190154544
adfe102,CampaignManager,event_engine,78517,78553,event_engin:c22,22,22,10.403696469,131.48704412,600.000145664,1.7339489905434238,21.914502033076626,23.64845102362005
adfe102,CampaignManager,event_engine,78517,78554,event_engin:c23,23,23,10.589147866,126.523591256,600.000145664,1.7648575492063165,21.08726008990891,22.852117639115228
adfe102,CampaignManager,event_engine,78517,78555,event_engin:c24,24,24,9.959620333,142.340509647,600.000145664,1.6599363191783933,23.723412515088064,25.38334883426646
adfe102,CampaignManager,fast-scheduler,78517,78557,fast-schedu:c30,30,30,0.0,0.0,600.000145664,0.0,0.0,0.0
adfe102,CampaignManager,grpc-server,78517,78589,grpc-server:c57,57,57,20.619934001,34.331972055,600.000145664,3.436654832505184,5.721993953352454,9.158648785857638
adfe102,CampaignManager,grpc-server,78517,78590,grpc-server:c58,58,58,20.921172764,33.631599331,600.000145664,3.4868612808163975,5.605265194357751,9.09212647517415
adfe102,CampaignManager,grpc-server,78517,78591,grpc-server:c59,59,59,21.114610537,34.65716693,600.000145664,3.5191009018228105,5.776193086027684,9.295293987850496
adfe102,CampaignManager,grpc-server,78517,78592,grpc-server:c60,60,60,20.972396068,26.615568301,600.000145664,3.4953984960771223,4.435926973241889,7.931325469319011
adfe102,CampaignManager,grpc-server,78517,78593,grpc-server:c61,61,61,3.007632874,20.314927359,600.000145664,0.5012720239711865,3.3858204045130944,3.887092428484281
adfe102,CampaignManager,grpc-server,78517,78594,grpc-server:c62,62,62,2.815437956,18.567794693,600.000145664,0.46923954541448476,3.0946316975392807,3.5638712429537653
adfe102,CampaignManager,grpc-server,78517,78595,grpc-server:c63,63,63,2.887032209,12.115293652,600.000145664,0.4811719180176229,2.0192151184550817,2.5003870364727043
adfe102,CampaignManager,grpc-server,78517,78596,grpc-server:c64,64,64,2.930125926,5.059922583,600.000145664,0.48835420244062244,0.8433202257643377,1.3316744282049602
adfe102,CampaignManager,grpc-server,78517,78597,grpc-server:c65,65,65,1.05876924,2.794149204,600.000145664,0.17646149715985412,0.46569142094254146,0.6421529181023956
adfe102,CampaignManager,grpc-server,78517,78598,grpc-server:c66,66,66,1.287265591,2.639502771,600.000145664,0.2145442130810529,0.43991702169987823,0.6544612347809312
adfe102,CampaignManager,grpc-server,78517,78599,grpc-server:c67,67,67,1.458818764,4.01631942,600.000145664,0.243136401639632,0.6693864074908306,0.9125228091304626
adfe102,CampaignManager,grpc-server,78517,78600,grpc-server:c69,69,69,1.020445211,11.421867134,600.000145664,0.17007416054386246,1.9036440601793194,2.073718220723182
adfe102,CampaignManager,grpc-server,78517,78601,grpc-server:c68,68,68,23.172172069,26.710703178,600.000145664,3.8620277405693186,4.451782782225854,8.313810522795173
adfe102,CampaignManager,grpc-server,78517,78602,grpc-server:c70,70,70,23.761382603,89.943853267,600.000145664,3.9602294723952234,14.990638571839371,18.950868044234596
adfe102,CampaignManager,grpc-server,78517,78603,grpc-server:c71,71,71,23.765369245,94.134924786,600.000145664,3.9608939125672484,15.68915032209268,19.650044234659926
adfe102,CampaignManager,grpc-server,78517,78604,grpc-server:c18,18,18,25.050233236,101.516711987,600.000145664,4.175037859078809,16.91944789024257,21.09448574932138
adfe102,CampaignManager,grpc_global,78517,78536,grpc_global:c55,55,55,0.023691447,0.755646994,600.000145664,0.003948573541391639,0.1259411350915175,0.12988970863290913
adfe102,CampaignManager,grpcpp_sync,78517,78588,grpcpp_sync:c57,57,57,0.002748595,0.00831258,600.000145664,0.000458099055452432,0.0013854296636546224,0.0018435287191070546
adfe102,CampaignManager,http-server,78517,78605,http-server:c71,71,71,0.0,0.0,600.000145664,0.0,0.0,0.0
adfe102,CampaignManager,http-server,78517,78606,http-server:c69,69,69,4.5409e-05,0.0,600.000145664,7.5681648293180634e-06,0.0,7.5681648293180634e-06
adfe102,CampaignManager,http-server,78517,78607,http-server:c70,70,70,0.0,0.0,600.000145664,0.0,0.0,0.0
adfe102,CampaignManager,http-server,78517,78608,http-server:c18,18,18,0.0,0.0,600.000145664,0.0,0.0,0.0
adfe102,CampaignManager,jemalloc_bg,78517,78535,jemalloc_bg:c60,60,60,4.113943614,0.539029487,600.000145664,0.6856571025407396,0.08983822602300774,0.7754953285637474
adfe102,CampaignManager,jemalloc_bg,78517,78543,jemalloc_bg:c61,61,61,3.859603312,0.632594814,600.000145664,0.6432670624985777,0.10543244340381427,0.7486995059023919
adfe102,CampaignManager,jemalloc_bg,78517,78547,jemalloc_bg:c62,62,62,4.49786564,0.835193549,600.000145664,0.7496440913397384,0.13919889103955457,0.8888429823792929
adfe102,CampaignManager,jemalloc_bg,78517,78549,jemalloc_bg:c63,63,63,3.08095049,0.352119823,600.000145664,0.5134916236712602,0.0586866229191196,0.5721782465903799
adfe102,CampaignManager,lifeguard,78517,78556,lifeguard:c25,25,25,0.023323856,0.725006922,600.000145664,0.003887308389598518,0.12083445766461594,0.12472176605421445
adfe102,CampaignManager,task-runner,78517,78578,task-runner:c28,28,28,0.003406054,0.007348371,600.000145664,0.0005676755288501863,0.0012247282026686518,0.001792403731518838
adfe102,CampaignManager,task-runner,78517,78579,task-runner:c29,29,29,4.504952787,4.286997962,600.000145664,0.7508252822196435,0.7144994868719112,1.4653247690915547
adfe102,CampaignManager,task-runner,78517,78586,task-runner:c30,30,30,0.388737661,6.041692322,600.000145664,0.06478959443748086,1.0069484758730953,1.071738070310576
adfe102,CampaignManager,task-runner,78517,80324,task-runner:c31,31,31,0.003903647,0.002458736,600.000145664,0.0006506076753831393,0.00040978923384743504,0.0010603969092305742
adfe102,CampaignManager,task-runner,78517,153190,task-runner:c32,32,32,180.208814724,126.618879499,600.000145664,30.034795162352662,21.103141459886672,51.13793662223933
adfe102,ChannelServer,cs-grpc-p,86262,86285,cs-grpc-p:c70,70,70,207.271573839,63.369241387,600.000145664,34.545253919833556,10.561537667106963,45.10679158694052
adfe102,ChannelServer,cs-grpc-p,86262,86286,cs-grpc-p:c71,71,71,213.777723522,62.890499119,600.000145664,35.62961193708035,10.481747308477933,46.111359245558276
adfe102,ChannelServer,cs-grpc-p,86262,86287,cs-grpc-p:c31,31,31,137.312321513,151.944599099,600.000145664,22.885381362873016,25.324093701818693,48.20947506469171
adfe102,ChannelServer,cs-grpc-p,86262,86288,cs-grpc-p:c19,19,19,233.686976827,60.380331613,600.000145664,38.94782001567457,10.063386159044864,49.01120617471944
adfe102,ChannelServer,cs-grpc-p,86262,86289,cs-grpc-p:c20,20,20,216.331435602,52.866043544,600.000145664,36.0552305137515,8.81100511825625,44.86623563200776
adfe102,ChannelServer,cs-grpc-p,86262,86290,cs-grpc-p:c21,21,21,198.670979913,78.30408473,600.000145664,33.11182194683261,13.050677619976826,46.16249956680944
adfe102,ChannelServer,cs-grpc-p,86262,86291,cs-grpc-p:c22,22,22,197.993828328,73.296629798,600.000145664,32.998963376731666,12.21610200058953,45.215065377321196
adfe102,ChannelServer,cs-grpc-p,86262,86292,cs-grpc-p:c23,23,23,146.208741998,136.618622684,600.000145664,24.36811775040416,22.769764919441606,47.137882669845766
adfe102,ChannelServer,cs-grpc-p,86262,86293,cs-grpc-p:c24,24,24,152.187086198,151.474712731,600.000145664,25.36450820850713,25.245779326164666,50.61028753467179
adfe102,ChannelServer,cs-grpc-p,86262,86294,cs-grpc-p:c25,25,25,134.621070485,150.478501258,600.000145664,22.436839633766986,25.079744120973587,47.51658375474057
adfe102,ChannelServer,cs-grpc-p,86262,86295,cs-grpc-p:c26,26,26,160.519073714,124.829534142,600.000145664,26.75317245737648,20.804917306120878,47.55808976349735
adfe102,ChannelServer,cs-grpc-p,86262,86296,cs-grpc-p:c27,27,27,143.077667323,141.828911237,600.000145664,23.846272097927702,23.638146134121804,47.4844182320495
adfe102,ChannelServer,cs-grpc-p,86262,86297,cs-grpc-p:c28,28,28,160.584699104,142.61739094,600.000145664,26.76411001972113,23.7695593860515,50.53366940577263
adfe102,ChannelServer,cs-grpc-p,86262,86298,cs-grpc-p:c29,29,29,129.431826952,182.627676775,600.000145664,21.571965921568594,30.437938739646818,52.00990466121541
adfe102,ChannelServer,cs-grpc-p,86262,86299,cs-grpc-p:c30,30,30,117.918507399,183.579442113,600.000145664,19.653079795256307,30.59656625746962,50.24964605272593
adfe102,ChannelServer,cs-grpc-p,86262,86300,cs-grpc-p:c18,18,18,203.786453476,72.429525093,600.000145664,33.9644006670159,12.071584584841172,46.03598525185708
adfe102,ChannelServer,event_engine,86262,86302,event_engin:c34,34,34,10.308669224,36.914218766,600.000145664,1.7181111202217696,6.152368300702373,7.870479420924142
adfe102,ChannelServer,event_engine,86262,86303,event_engin:c35,35,35,10.612431692,43.575986444,600.000145664,1.7687381859308682,7.262662644152514,9.031400830083383
adfe102,ChannelServer,event_engine,86262,86304,event_engin:c54,54,54,11.06948268,40.124666794,600.000145664,1.8449133321042406,6.687442842133876,8.532356174238117
adfe102,ChannelServer,event_engine,86262,86305,event_engin:c55,55,55,9.768556622,66.743423586,600.000145664,1.6280923750759204,11.123901230413418,12.75199360548934
adfe102,ChannelServer,event_engine,86262,86308,event_engin:c56,56,56,10.240727391,76.202929443,600.000145664,1.7067874841375132,12.700485157160884,14.407272641298396
adfe102,ChannelServer,event_engine,86262,86310,event_engin:c57,57,57,11.306984178,46.890266493,600.000145664,1.8844969054944045,7.815042518216078,9.699539423710482
adfe102,ChannelServer,event_engine,86262,86311,event_engin:c58,58,58,11.115634953,44.725703101,600.000145664,1.8526053757368175,7.454282040465768,9.306887416202587
adfe102,ChannelServer,event_engine,86262,86312,event_engin:c59,59,59,11.339862666,43.310641998,600.000145664,1.8899766521640682,7.218438580555604,9.108415232719674
adfe102,ChannelServer,event_engine,86262,86313,event_engin:c60,60,60,10.80006354,31.710774052,600.000145664,1.800010153005535,5.285127725578592,7.085137878584128
adfe102,ChannelServer,event_engine,86262,86314,event_engin:c61,61,61,11.541994703,46.554345649,600.000145664,1.9236653168186921,7.759055724474845,9.682721041293538
adfe102,ChannelServer,event_engine,86262,86315,event_engin:c62,62,62,10.989322364,46.963314271,600.000145664,1.8315532826810377,7.8272171449270695,9.658770427608108
adfe102,ChannelServer,event_engine,86262,86316,event_engin:c63,63,63,11.240662345,29.620218013,600.000145664,1.8734432693445993,4.936701803667114,6.810145073011714
adfe102,ChannelServer,event_engine,86262,86317,event_engin:c64,64,64,10.71681252,13.776826507,600.000145664,1.7861349863740557,2.2961371937257864,4.082272180099842
adfe102,ChannelServer,event_engine,86262,86318,event_engin:c65,65,65,11.339052803,16.566018016,600.000145664,1.8898416750301703,2.761002332368927,4.6508440073990975
adfe102,ChannelServer,event_engine,86262,86319,event_engin:c66,66,66,10.864250733,14.32788567,600.000145664,1.8107080159083793,2.3879803652620466,4.1986883811704265
adfe102,ChannelServer,event_engine,86262,86320,event_engin:c67,67,67,9.944970802,13.885753659,600.000145664,1.6574947312711459,2.314291714651686,3.9717864459228323
adfe102,ChannelServer,fast-scheduler,86262,86282,fast-schedu:c24,24,24,0.0,0.0,600.000145664,0.0,0.0,0.0
adfe102,ChannelServer,grpc-server,86262,86323,grpc-server:c56,56,56,1.384447518,18.036864207,600.000145664,0.23074119698219048,3.0061433046885693,3.23688450167076
adfe102,ChannelServer,grpc-server,86262,86324,grpc-server:c57,57,57,1.680058048,12.30158838,600.000145664,0.28000960668780106,2.0502642322505182,2.3302738389383193
adfe102,ChannelServer,grpc-server,86262,86325,grpc-server:c58,58,58,1.073491448,8.756819097,600.000145664,0.17891519789749435,1.4594694951797258,1.63838469307722
adfe102,ChannelServer,grpc-server,86262,86326,grpc-server:c59,59,59,1.531305954,11.444648332,600.000145664,0.25521759703997327,1.907440925590875,2.1626585226308483
adfe102,ChannelServer,grpc-server,86262,86327,grpc-server:c60,60,60,8.614965533,19.327993823,600.000145664,1.435827240252768,3.221331521779942,4.65715876203271
adfe102,ChannelServer,grpc-server,86262,86328,grpc-server:c61,61,61,8.774060938,25.280898996,600.000145664,1.4623431346487494,4.213482143078895,5.675825277727645
adfe102,ChannelServer,grpc-server,86262,86329,grpc-server:c62,62,62,8.540353291,26.339898311,600.000145664,1.4233918696050778,4.389981986062773,5.813373855667852
adfe102,ChannelServer,grpc-server,86262,86330,grpc-server:c63,63,63,8.944976098,17.209701353,600.000145664,1.490828987733144,2.8682828624907417,4.359111850223886
adfe102,ChannelServer,grpc-server,86262,86331,grpc-server:c64,64,64,23.048180195,16.365626602,600.000145664,3.841362433252971,2.7276037714772072,6.568966204730178
adfe102,ChannelServer,grpc-server,86262,86332,grpc-server:c65,65,65,23.708297475,16.348172358,600.000145664,3.951381953209832,2.7246947315167778,6.676076684726609
adfe102,ChannelServer,grpc-server,86262,86333,grpc-server:c66,66,66,23.797222652,15.369258755,600.000145664,3.9662028124450557,2.5615425039591213,6.527745316404177
adfe102,ChannelServer,grpc-server,86262,86334,grpc-server:c67,67,67,23.928043473,16.508097395,600.000145664,3.988006277318423,2.7513488978791902,6.739355175197613
adfe102,ChannelServer,grpc-server,86262,86335,grpc-server:c68,68,68,9.868559061,23.120161809,600.000145664,1.6447594441962672,3.853359366007102,5.498118810203369
adfe102,ChannelServer,grpc-server,86262,86336,grpc-server:c69,69,69,9.517599545,40.298248175,600.000145664,1.586266205730199,6.716373065277057,8.302639271007257
adfe102,ChannelServer,grpc-server,86262,86337,grpc-server:c70,70,70,10.938670981,92.189204927,600.000145664,1.823111387563838,15.364863757654142,17.187975145217983
adfe102,ChannelServer,grpc-server,86262,86338,grpc-server:c71,71,71,11.131406082,97.864600177,600.000145664,1.8552338965986828,16.310762736348426,18.16599663294711
adfe102,ChannelServer,grpc_global,86262,86301,grpc_global:c62,62,62,0.02215672,0.400390448,600.000145664,0.003692785770156756,0.06673172513264998,0.07042451090280674
adfe102,ChannelServer,grpcpp_sync,86262,86322,grpcpp_sync:c22,22,22,0.001958082,0.045367201,600.000145664,0.0003263469207716702,0.007561198331009344,0.007887545251781014
adfe102,ChannelServer,grpcpp_sync,86262,86605,grpcpp_sync:c23,23,23,0.001776353,0.031672381,600.000145664,0.00029605876145816093,0.0052787288851320596,0.00557478764659022
adfe102,ChannelServer,http-server,86262,86339,http-server:c20,20,20,3.843e-05,6.8365e-05,600.000145664,6.404998445037178e-06,1.1394163900467516e-05,1.7799162345504695e-05
adfe102,ChannelServer,http-server,86262,86340,http-server:c21,21,21,0.0,0.0,600.000145664,0.0,0.0,0.0
adfe102,ChannelServer,http-server,86262,86341,http-server:c22,22,22,0.0,0.0,600.000145664,0.0,0.0,0.0
adfe102,ChannelServer,http-server,86262,86342,http-server:c23,23,23,0.0,0.0,600.000145664,0.0,0.0,0.0
adfe102,ChannelServer,jemalloc_bg,86262,86280,jemalloc_bg:c34,34,34,0.330565097,0.053007117,600.000145664,0.055094169457938165,0.008834517355214773,0.06392868681315295
adfe102,ChannelServer,jemalloc_bg,86262,86306,jemalloc_bg:c35,35,35,0.229062323,0.24923241,600.000145664,0.03817704456496497,0.04153872491550529,0.07971576948047025
adfe102,ChannelServer,jemalloc_bg,86262,86307,jemalloc_bg:c54,54,54,0.268590689,0.122138756,600.000145664,0.04476510396555983,0.020356454391329045,0.06512155835688888
adfe102,ChannelServer,jemalloc_bg,86262,86309,jemalloc_bg:c55,55,55,0.247933894,0.226075354,600.000145664,0.041322305634712786,0.03767921651915768,0.07900152215387046
adfe102,ChannelServer,lifeguard,86262,86321,lifeguard:c33,33,33,0.024864418,1.714513602,600.000145664,0.004144068660597304,0.28575219762698645,0.28989626628758375
adfe102,ChannelServer,task-runner,86262,86281,task-runner:c54,54,54,0.0,0.0,600.000145664,0.0,0.0,0.0
adfe102,ChannelServer,task-runner,86262,86283,task-runner:c55,55,55,3.043947784,0.448069379,600.000145664,0.5073245075018049,0.07467821170345496,0.5820027192052599
adfe102,FCGIActionServer,bid-request,78831,79770,bid-request:c14,14,14,0.482277552,4.207269289,600.000145664,0.08037957248598325,0.7012113779312431,0.7815909504172264
adfe102,FCGIActionServer,bid-request,78831,79771,bid-request:c51,51,51,0.493562979,5.196981728,600.000145664,0.08226047652934991,0.8661634110519548,0.9484238875813048
adfe102,FCGIActionServer,bid-request,78831,79774,bid-request:c29,29,29,0.350150907,2.871624907,600.000145664,0.058358470332119626,0.47860403497436976,0.5369625053064894
adfe102,FCGIActionServer,bid-request,78831,79775,bid-request:c15,15,15,0.451083994,6.938639552,600.000145664,0.07518064741481029,1.156439644580626,1.2316202919954362
adfe102,FCGIActionServer,bid-request,78831,79778,bid-request:c6,6,6,0.449159039,4.243357183,600.000145664,0.0748598216593649,0.7072260254710471,0.7820858471304118
adfe102,FCGIActionServer,bid-request,78831,79779,bid-request:c71,71,71,0.346554336,3.238402695,600.000145664,0.05775904197764485,0.5397336514670623,0.5974926934447072
adfe102,FCGIActionServer,bid-request,78831,79780,bid-request:c7,7,7,0.464794712,3.008546049,600.000145664,0.07746576652671097,0.5014242197675708,0.5788899862942817
adfe102,FCGIActionServer,bid-request,78831,79781,bid-request:c67,67,67,0.342556467,0.749771908,600.000145664,0.05709273063940747,0.12496195432923647,0.18205468496864394
adfe102,FCGIActionServer,bid-request,78831,79784,bid-request:c42,42,42,0.469768797,3.355566109,600.000145664,0.07829478049211516,0.5592608823930381,0.6375556628851532
adfe102,FCGIActionServer,bid-request,78831,79787,bid-request:c49,49,49,0.459725792,1.556949857,600.000145664,0.07662094673181069,0.25949157983569754,0.33611252656750823
adfe102,FCGIActionServer,bid-request,78831,79789,bid-request:c24,24,24,0.322924911,3.228116344,600.000145664,0.053820805433743665,0.5380192600499375,0.5918400654836812
adfe102,FCGIActionServer,bid-request,78831,79791,bid-request:c68,68,68,0.336204486,2.466060706,600.000145664,0.05603406739642268,0.4110100178843946,0.46704408528081726
adfe102,FCGIActionServer,bid-request,78831,79793,bid-request:c33,33,33,0.33815611,4.808947147,600.000145664,0.05635933798412232,0.8014909965860257,0.857850334570148
adfe102,FCGIActionServer,bid-request,78831,79796,bid-request:c20,20,20,0.33344676,3.909460545,600.000145664,0.05557444650800637,0.651576599314577,0.7071510458225835
adfe102,FCGIActionServer,bid-request,78831,79798,bid-request:c18,18,18,0.357204777,3.548620846,600.000145664,0.059534115046704444,0.5914366640816163,0.6509707791283207
adfe102,FCGIActionServer,bid-request,78831,79799,bid-request:c31,31,31,0.302345475,3.363613772,600.000145664,0.05039090026643317,0.5606021592340784,0.6109930595005116
adfe102,FCGIActionServer,bid-request,78831,79801,bid-request:c56,56,56,0.340134626,3.676018108,600.000145664,0.056689090570733854,0.6126695359268411,0.669358626497575
adfe102,FCGIActionServer,bid-request,78831,79804,bid-request:c36,36,36,0.457628899,6.076457145,600.000145664,0.07627146464998895,1.0127426116331004,1.0890140762830893
adfe102,FCGIActionServer,bid-request,78831,79805,bid-request:c66,66,66,0.346271689,0.332624296,600.000145664,0.05771193415574804,0.05543736920795175,0.11314930336369979
adfe102,FCGIActionServer,bid-request,78831,79806,bid-request:c48,48,48,0.498880729,1.873758624,600.000145664,0.08314676798084865,0.31229302818358057,0.3954397961644292
adfe102,FCGIActionServer,bid-request,78831,79807,bid-request:c27,27,27,0.329832287,3.38665922,600.000145664,0.05497203448758928,0.5644430663016087,0.6194151007891979
adfe102,FCGIActionServer,bid-request,78831,79809,bid-request:c50,50,50,0.465933577,3.210264009,600.000145664,0.07765557731396332,0.5350438716056158,0.6126994489195791
adfe102,FCGIActionServer,bid-request,78831,79810,bid-request:c22,22,22,0.361583572,3.605634542,600.000145664,0.060263914036195375,0.6009389444413826,0.6612028584775781
adfe102,FCGIActionServer,bid-request,78831,79811,bid-request:c32,32,32,0.328244413,6.16890089,600.000145664,0.05470738888517151,1.0281498987259552,1.0828572876111269
adfe102,FCGIActionServer,bid-request,78831,79812,bid-request:c34,34,34,0.35794892,2.239156235,600.000145664,0.059658138849928107,0.37319261523211816,0.43285075408204626
adfe102,FCGIActionServer,bid-request,78831,79813,bid-request:c45,45,45,0.480179476,5.109109227,600.000145664,0.08002989323754271,0.8515179977741373,0.93154789101168
adfe102,FCGIActionServer,bid-request,78831,79814,bid-request:c47,47,47,0.453077852,3.037049838,600.000145664,0.07551295700080106,0.5061748501142443,0.5816878071150454
adfe102,FCGIActionServer,bid-request,78831,79815,bid-request:c30,30,30,0.341125048,3.392914171,600.000145664,0.05685416086399252,0.5654855578818528,0.6223397187458454
adfe102,FCGIActionServer,bid-request,78831,79816,bid-request:c54,54,54,0.37254862,1.280949738,600.000145664,0.06209142159252527,0.21349157116993964,0.2755829927624649
adfe102,FCGIActionServer,bid-request,78831,79817,bid-request:c60,60,60,0.353383298,1.261429609,600.000145664,0.05889720203466327,0.2102382171264339,0.2691354191610972
adfe102,FCGIActionServer,bid-request,78831,79818,bid-request:c52,52,52,0.49585404,6.265432238,600.000145664,0.08264231993664851,1.0442384528200834,1.126880772756732
adfe102,FCGIActionServer,bid-request,78831,79819,bid-request:c41,41,41,0.48853779,4.229463374,600.000145664,0.08142294523268018,0.704910391199888,0.7863333364325681
adfe102,FCGIActionServer,bid-request,78831,79820,bid-request:c61,61,61,0.363991204,1.503888543,600.000145664,0.06066518593877726,0.25064802964934235,0.31131321558811964
adfe102,FCGIActionServer,bid-request,78831,79821,bid-request:c69,69,69,0.326163521,2.900610556,600.000145664,0.05436057363603567,0.4834349753015463,0.537795548937582
adfe102,FCGIActionServer,bid-request,78831,79822,bid-request:c46,46,46,0.519832871,4.27980601,600.000145664,0.08663879079974529,0.7133008284962469,0.7999396192959921
adfe102,FCGIActionServer,bid-request,78831,79823,bid-request:c17,17,17,0.461232624,3.968070024,600.000145664,0.0768720853375076,0.6613448434431078,0.7382169287806155
adfe102,FCGIActionServer,bid-request,78831,79825,bid-request:c58,58,58,0.338431972,1.596232874,600.000145664,0.056405314972960335,0.2660387477462198,0.3224440627191801
adfe102,FCGIActionServer,bid-request,78831,79826,bid-request:c8,8,8,0.464334126,8.560898775,600.000145664,0.07738900221201397,1.4268161161070954,1.5042051183191094
adfe102,FCGIActionServer,bid-request,78831,79827,bid-request:c10,10,10,0.453749279,4.105760711,600.000145664,0.07562486147363363,0.6842932857051713,0.759918147178805
adfe102,FCGIActionServer,bid-request,78831,79828,bid-request:c1,1,1,0.457713809,4.452406803,600.000145664,0.07628561631321998,0.7420676203457702,0.8183532366589903
adfe102,FCGIActionServer,bid-request,78831,79829,bid-request:c11,11,11,0.442319896,2.436121889,600.000145664,0.07371996476942509,0.40602021626245205,0.4797401810318771
adfe102,FCGIActionServer,bid-request,78831,79830,bid-request:c26,26,26,0.34399501,2.716986501,600.000145664,0.057332487747867505,0.45283097356471513,0.5101634613125826
adfe102,FCGIActionServer,bid-request,78831,79831,bid-request:c59,59,59,0.351824718,1.811411274,600.000145664,0.058637438764393535,0.30190180570629227,0.36053924447068586
adfe102,FCGIActionServer,bid-request,78831,79832,bid-request:c3,3,3,0.468978428,5.294009959,600.000145664,0.07816305235742857,0.8823347789593112,0.9604978313167398
adfe102,FCGIActionServer,bid-request,78831,79833,bid-request:c57,57,57,0.360967248,1.622069334,600.000145664,0.060161193394466544,0.2703448233674861,0.3305060167619526
adfe102,FCGIActionServer,bid-request,78831,79834,bid-request:c55,55,55,0.335687754,3.746822216,600.000145664,0.0559479454173308,0.624470217728617,0.6804181631459478
adfe102,FCGIActionServer,bid-request,78831,79835,bid-request:c53,53,53,0.474571778,2.537167606,600.000145664,0.07909527713110925,0.4228611650072521,0.5019564421383613
adfe102,FCGIActionServer,bid-request,78831,79836,bid-request:c44,44,44,0.473141237,4.104258667,600.000145664,0.0788568536889921,0.6840429450992808,0.7628997987882729
adfe102,FCGIActionServer,bid-request,78831,79837,bid-request:c5,5,5,0.462400559,3.392291585,600.000145664,0.0770667411235837,0.5653817935737107,0.6424485346972943
adfe102,FCGIActionServer,bid-request,78831,79838,bid-request:c9,9,9,0.465313406,2.674882193,600.000145664,0.07755221550572347,0.4458135906016819,0.5233658061074054
adfe102,FCGIActionServer,bid-request,78831,79839,bid-request:c19,19,19,0.305706114,4.612337097,600.000145664,0.050951006630454286,0.7687226628746368,0.819673669505091
adfe102,FCGIActionServer,bid-request,78831,79840,bid-request:c43,43,43,0.466778509,4.141920793,600.000145664,0.0777963992797755,0.6903199645753878,0.7681163638551634
adfe102,FCGIActionServer,bid-request,78831,79841,bid-request:c70,70,70,0.330513508,2.599737094,600.000145664,0.055085571293358906,0.4332894104755522,0.48837498176891103
adfe102,FCGIActionServer,bid-request,78831,79842,bid-request:c13,13,13,0.484916298,5.386867429,600.000145664,0.08081936337921375,0.8978110202020926,0.9786303835813064
adfe102,FCGIActionServer,bid-request,78831,79843,bid-request:c37,37,37,0.482811592,3.407013885,600.000145664,0.08046857913104148,0.5678355096446805,0.648304088775722
adfe102,FCGIActionServer,bid-request,78831,79844,bid-request:c64,64,64,0.339277588,0.329881657,600.000145664,0.05654625093874484,0.05498026281892499,0.11152651375766984
adfe102,FCGIActionServer,bid-request,78831,79845,bid-request:c16,16,16,0.435709041,4.892558538,600.000145664,0.07261815587024824,0.8154262250362573,0.8880443809065055
adfe102,FCGIActionServer,bid-request,78831,79846,bid-request:c0,0,0,0.488933974,2.539240723,600.000145664,0.08148897588331636,0.4232066844233692,0.5046956603066856
adfe102,FCGIActionServer,bid-request,78831,79847,bid-request:c35,35,35,0.340108324,2.767698047,600.000145664,0.05668470690513142,0.4612828958461471,0.5179676027512785
adfe102,FCGIActionServer,bid-request,78831,79848,bid-request:c63,63,63,0.389872795,1.301818181,600.000145664,0.06497878339155083,0.21696964415888959,0.2819484275504404
adfe102,FCGIActionServer,bid-request,78831,79849,bid-request:c39,39,39,0.481201039,4.931106655,600.000145664,0.08020015369620802,0.8218509096431819,0.9020510633393899
adfe102,FCGIActionServer,bid-request,78831,79850,bid-request:c12,12,12,0.440984043,4.48692703,600.000145664,0.07349732265680999,0.7478209901156722,0.8213183127724821
adfe102,FCGIActionServer,bid-request,78831,79852,bid-request:c65,65,65,0.356362499,0.533767357,600.000145664,0.05939373541411821,0.08896120456925849,0.1483549399833767
adfe102,FCGIActionServer,bid-request,78831,79853,bid-request:c40,40,40,0.484068488,3.936963204,600.000145664,0.08067806174685135,0.6561603747017586,0.73683843644861
adfe102,FCGIAdServer,bid-request,78807,79670,bid-request:c49,49,49,0.0,0.0,600.000145664,0.0,0.0,0.0
adfe102,FCGIAdServer,bid-request,78807,79671,bid-request:c66,66,66,0.0,0.0,600.000145664,0.0,0.0,0.0
adfe102,FCGIAdServer,bid-request,78807,79672,bid-request:c68,68,68,0.0,0.0,600.000145664,0.0,0.0,0.0
adfe102,FCGIAdServer,bid-request,78807,79680,bid-request:c48,48,48,0.0,0.0,600.000145664,0.0,0.0,0.0
adfe102,FCGIAdServer,bid-request,78807,79681,bid-request:c70,70,70,0.0,0.0,600.000145664,0.0,0.0,0.0
adfe102,FCGIAdServer,bid-request,78807,79682,bid-request:c23,23,23,0.0,0.0,600.000145664,0.0,0.0,0.0
adfe102,FCGIAdServer,bid-request,78807,79688,bid-request:c11,11,11,0.000218447,0.000132862,600.000145664,3.6407824494484424e-05,2.2143661290776202e-05,5.8551485785260626e-05
adfe102,FCGIAdServer,bid-request,78807,79754,bid-request:c37,37,37,0.0,0.0,600.000145664,0.0,0.0,0.0
adfe102,FCGIAdServer,bid-request,78807,79772,bid-request:c0,0,0,0.0,0.0,600.000145664,0.0,0.0,0.0
adfe102,FCGIAdServer,bid-request,78807,79773,bid-request:c35,35,35,0.0,0.0,600.000145664,0.0,0.0,0.0
adfe102,FCGIAdServer,bid-request,78807,79776,bid-request:c46,46,46,0.0,0.0,600.000145664,0.0,0.0,0.0
adfe102,FCGIAdServer,bid-request,78807,79782,bid-request:c19,19,19,0.0,0.0,600.000145664,0.0,0.0,0.0
adfe102,FCGIAdServer,bid-request,78807,79785,bid-request:c30,30,30,0.0,0.0,600.000145664,0.0,0.0,0.0
adfe102,FCGIAdServer,bid-request,78807,79786,bid-request:c38,38,38,0.0,0.0,600.000145664,0.0,0.0,0.0
adfe102,FCGIAdServer,bid-request,78807,79788,bid-request:c69,69,69,0.0,0.0,600.000145664,0.0,0.0,0.0
adfe102,FCGIAdServer,bid-request,78807,79792,bid-request:c25,25,25,0.0,0.0,600.000145664,0.0,0.0,0.0
adfe102,FCGIAdServer,bid-request,78807,79794,bid-request:c24,24,24,0.0,0.0,600.000145664,0.0,0.0,0.0
adfe102,FCGIAdServer,bid-request,78807,79800,bid-request:c34,34,34,0.0,0.0,600.000145664,0.0,0.0,0.0
adfe102,FCGIAdServer,bid-request,78807,79803,bid-request:c20,20,20,0.0,0.0,600.000145664,0.0,0.0,0.0
adfe102,FCGIAdServer,bid-request,78807,79808,bid-request:c62,62,62,0.0,0.0,600.000145664,0.0,0.0,0.0
adfe102,FCGIAdServer,bid-request,78807,79851,bid-request:c27,27,27,0.000163188,1.389e-05,600.000145664,2.7197993397052485e-05,2.31499943797987e-06,2.9512992835032352e-05
adfe102,FCGIAdServer,bid-request,78807,79856,bid-request:c40,40,40,0.0,0.0,600.000145664,0.0,0.0,0.0
adfe102,FCGIAdServer,bid-request,78807,79859,bid-request:c17,17,17,0.0,0.0,600.000145664,0.0,0.0,0.0
adfe102,FCGIAdServer,bid-request,78807,79860,bid-request:c4,4,4,0.0,0.0,600.000145664,0.0,0.0,0.0
adfe102,FCGIAdServer,bid-request,78807,79861,bid-request:c45,45,45,0.0,0.0,600.000145664,0.0,0.0,0.0
adfe102,FCGIAdServer,bid-request,78807,79862,bid-request:c47,47,47,0.0,0.0,600.000145664,0.0,0.0,0.0
adfe102,FCGIAdServer,bid-request,78807,79863,bid-request:c6,6,6,0.0,0.0,600.000145664,0.0,0.0,0.0
adfe102,FCGIAdServer,bid-request,78807,79866,bid-request:c43,43,43,0.0,0.0,600.000145664,0.0,0.0,0.0
adfe102,FCGIAdServer,bid-request,78807,79869,bid-request:c55,55,55,0.0,0.0,600.000145664,0.0,0.0,0.0
adfe102,FCGIAdServer,bid-request,78807,79871,bid-request:c14,14,14,0.0,0.0,600.000145664,0.0,0.0,0.0
adfe102,FCGIAdServer,bid-request,78807,79872,bid-request:c50,50,50,0.0,0.0,600.000145664,0.0,0.0,0.0
adfe102,FCGIAdServer,bid-request,78807,79878,bid-request:c26,26,26,0.0,0.0,600.000145664,0.0,0.0,0.0
adfe102,FCGIAdServer,bid-request,78807,79906,bid-request:c29,29,29,0.0,0.0,600.000145664,0.0,0.0,0.0
adfe102,FCGIAdServer,bid-request,78807,79907,bid-request:c63,63,63,0.0,0.0,600.000145664,0.0,0.0,0.0
adfe102,FCGIAdServer,bid-request,78807,79908,bid-request:c21,21,21,0.0,0.0,600.000145664,0.0,0.0,0.0
adfe102,FCGIAdServer,bid-request,78807,79909,bid-request:c39,39,39,0.0,0.0,600.000145664,0.0,0.0,0.0
adfe102,FCGIAdServer,bid-request,78807,79910,bid-request:c59,59,59,0.0,0.0,600.000145664,0.0,0.0,0.0
adfe102,FCGIAdServer,bid-request,78807,79911,bid-request:c52,52,52,0.0,0.0,600.000145664,0.0,0.0,0.0
adfe102,FCGIAdServer,bid-request,78807,79912,bid-request:c3,3,3,0.0,0.0,600.000145664,0.0,0.0,0.0
adfe102,FCGIAdServer,bid-request,78807,79913,bid-request:c61,61,61,0.0,0.0,600.000145664,0.0,0.0,0.0
adfe102,FCGIAdServer,bid-request,78807,79914,bid-request:c58,58,58,0.0,0.0,600.000145664,0.0,0.0,0.0
adfe102,FCGIAdServer,bid-request,78807,79915,bid-request:c67,67,67,0.0,0.0,600.000145664,0.0,0.0,0.0
adfe102,FCGIAdServer,bid-request,78807,79916,bid-request:c13,13,13,0.0,0.0,600.000145664,0.0,0.0,0.0
adfe102,FCGIAdServer,bid-request,78807,79917,bid-request:c53,53,53,0.0,0.0,600.000145664,0.0,0.0,0.0
adfe102,FCGIAdServer,bid-request,78807,79918,bid-request:c9,9,9,0.0,0.0,600.000145664,0.0,0.0,0.0
adfe102,FCGIAdServer,bid-request,78807,79919,bid-request:c18,18,18,0.0,0.0,600.000145664,0.0,0.0,0.0
adfe102,FCGIAdServer,bid-request,78807,79920,bid-request:c16,16,16,0.0,0.0,600.000145664,0.0,0.0,0.0
adfe102,FCGIAdServer,bid-request,78807,79939,bid-request:c64,64,64,0.0,0.0,600.000145664,0.0,0.0,0.0
adfe102,FCGIAdServer,bid-request,78807,79955,bid-request:c33,33,33,0.0,0.0,600.000145664,0.0,0.0,0.0
adfe102,FCGIAdServer,bid-request,78807,79958,bid-request:c2,2,2,0.0,0.0,600.000145664,0.0,0.0,0.0
adfe102,FCGIAdServer,bid-request,78807,79959,bid-request:c12,12,12,0.0,0.0,600.000145664,0.0,0.0,0.0
adfe102,FCGIAdServer,bid-request,78807,79960,bid-request:c42,42,42,0.0,0.0,600.000145664,0.0,0.0,0.0
adfe102,FCGIAdServer,bid-request,78807,79961,bid-request:c32,32,32,0.0,0.0,600.000145664,0.0,0.0,0.0
adfe102,FCGIAdServer,bid-request,78807,79962,bid-request:c22,22,22,0.0,0.0,600.000145664,0.0,0.0,0.0
adfe102,FCGIAdServer,bid-request,78807,79963,bid-request:c54,54,54,0.0,0.0,600.000145664,0.0,0.0,0.0
adfe102,FCGIAdServer,bid-request,78807,79964,bid-request:c27,27,27,0.0,0.0,600.000145664,0.0,0.0,0.0
adfe102,FCGIAdServer,bid-request,78807,79965,bid-request:c65,65,65,0.0,0.0,600.000145664,0.0,0.0,0.0
adfe102,FCGIAdServer,bid-request,78807,79966,bid-request:c7,7,7,0.0,0.0,600.000145664,0.0,0.0,0.0
adfe102,FCGIAdServer,bid-request,78807,79967,bid-request:c28,28,28,0.0,0.0,600.000145664,0.0,0.0,0.0
adfe102,FCGIAdServer,bid-request,78807,79968,bid-request:c60,60,60,0.0,0.0,600.000145664,0.0,0.0,0.0
adfe102,FCGIAdServer,bid-request,78807,79969,bid-request:c56,56,56,0.0,0.0,600.000145664,0.0,0.0,0.0
adfe102,FCGIAdServer,bid-request,78807,79970,bid-request:c31,31,31,0.0,0.0,600.000145664,0.0,0.0,0.0
adfe102,FCGIAdServer,bid-request,78807,79971,bid-request:c36,36,36,0.0,0.0,600.000145664,0.0,0.0,0.0
adfe102,FCGIAdServer,bid-request,78807,79972,bid-request:c51,51,51,0.0,0.0,600.000145664,0.0,0.0,0.0
adfe102,FCGIAdServer,bid-request,78807,79973,bid-request:c5,5,5,0.0,0.0,600.000145664,0.0,0.0,0.0
adfe102,FCGIAdServer,bid-request,78807,79974,bid-request:c8,8,8,0.0,0.0,600.000145664,0.0,0.0,0.0
adfe102,FCGIAdServer,bid-request,78807,79975,bid-request:c71,71,71,0.0,0.0,600.000145664,0.0,0.0,0.0
adfe102,FCGIAdServer,bid-request,78807,79976,bid-request:c41,41,41,0.0,0.0,600.000145664,0.0,0.0,0.0
adfe102,FCGIAdServer,bid-request,78807,79977,bid-request:c15,15,15,0.0,0.0,600.000145664,0.0,0.0,0.0
adfe102,FCGIAdServer,bid-request,78807,79978,bid-request:c10,10,10,0.0,0.0,600.000145664,0.0,0.0,0.0
adfe102,FCGIAdServer,bid-request,78807,79979,bid-request:c1,1,1,0.0,0.0,600.000145664,0.0,0.0,0.0
adfe102,FCGIAdServer,bid-request,78807,79981,bid-request:c57,57,57,0.0,0.0,600.000145664,0.0,0.0,0.0
adfe102,FCGIAdServer,bid-request,78807,79982,bid-request:c49,49,49,0.0,0.0,600.000145664,0.0,0.0,0.0
adfe102,FCGIAdServer,bid-request,78807,79983,bid-request:c44,44,44,0.0,0.0,600.000145664,0.0,0.0,0.0
adfe102,FCGIAdServer,bid-request,78807,79984,bid-request:c66,66,66,0.0,0.0,600.000145664,0.0,0.0,0.0
adfe102,FCGIAdServer,bid-request,78807,79985,bid-request:c68,68,68,0.0,0.0,600.000145664,0.0,0.0,0.0
adfe102,FCGIAdServer,bid-request,78807,79986,bid-request:c48,48,48,0.0,0.0,600.000145664,0.0,0.0,0.0
adfe102,FCGIAdServer,bid-request,78807,79987,bid-request:c23,23,23,0.0,0.0,600.000145664,0.0,0.0,0.0
adfe102,FCGIAdServer,bid-request,78807,79988,bid-request:c52,52,52,0.0,0.0,600.000145664,0.0,0.0,0.0
adfe102,FCGIAdServer,bid-request,78807,79989,bid-request:c70,70,70,0.0,0.0,600.000145664,0.0,0.0,0.0
adfe102,FCGIAdServer,bid-request,78807,79990,bid-request:c11,11,11,0.000173545,0.000389216,600.000145664,2.8924159644652017e-05,6.486931758479287e-05,9.379347722944489e-05
adfe102,FCGIAdServer,bid-request,78807,79991,bid-request:c35,35,35,0.0,0.0,600.000145664,0.0,0.0,0.0
adfe102,FCGIAdServer,bid-request,78807,79992,bid-request:c46,46,46,0.0,0.0,600.000145664,0.0,0.0,0.0
adfe102,FCGIAdServer,bid-request,78807,79993,bid-request:c37,37,37,0.0,0.0,600.000145664,0.0,0.0,0.0
adfe102,FCGIAdServer,bid-request,78807,79994,bid-request:c19,19,19,0.0,0.0,600.000145664,0.0,0.0,0.0
adfe102,FCGIAdServer,bid-request,78807,79995,bid-request:c0,0,0,0.0,0.0,600.000145664,0.0,0.0,0.0
adfe102,FCGIAdServer,bid-request,78807,79996,bid-request:c38,38,38,0.0,0.0,600.000145664,0.0,0.0,0.0
adfe102,FCGIAdServer,bid-request,78807,79997,bid-request:c69,69,69,0.0,0.0,600.000145664,0.0,0.0,0.0
adfe102,FCGIAdServer,bid-request,78807,79998,bid-request:c25,25,25,0.0,0.0,600.000145664,0.0,0.0,0.0
adfe102,FCGIAdServer,bid-request,78807,79999,bid-request:c24,24,24,0.0,0.0,600.000145664,0.0,0.0,0.0
adfe102,FCGIAdServer,bid-request,78807,80000,bid-request:c34,34,34,0.0,0.0,600.000145664,0.0,0.0,0.0
adfe102,FCGIAdServer,bid-request,78807,80001,bid-request:c20,20,20,0.0,0.0,600.000145664,0.0,0.0,0.0
adfe102,FCGIAdServer,bid-request,78807,80002,bid-request:c30,30,30,0.0,0.0,600.000145664,0.0,0.0,0.0
adfe102,FCGIAdServer,bid-request,78807,80003,bid-request:c62,62,62,0.0,0.0,600.000145664,0.0,0.0,0.0
adfe102,FCGIAdServer,bid-request,78807,80004,bid-request:c40,40,40,0.0,0.0,600.000145664,0.0,0.0,0.0
adfe102,FCGIAdServer,bid-request,78807,80005,bid-request:c17,17,17,0.0,0.0,600.000145664,0.0,0.0,0.0
adfe102,FCGIAdServer,bid-request,78807,80006,bid-request:c14,14,14,0.0,0.0,600.000145664,0.0,0.0,0.0
adfe102,FCGIAdServer,bid-request,78807,80007,bid-request:c4,4,4,0.0,0.0,600.000145664,0.0,0.0,0.0
adfe102,FCGIAdServer,bid-request,78807,80008,bid-request:c45,45,45,0.0,0.0,600.000145664,0.0,0.0,0.0
adfe102,FCGIAdServer,bid-request,78807,80009,bid-request:c47,47,47,0.0,0.0,600.000145664,0.0,0.0,0.0
adfe102,FCGIAdServer,bid-request,78807,80010,bid-request:c6,6,6,0.0,0.0,600.000145664,0.0,0.0,0.0
adfe102,FCGIAdServer,bid-request,78807,80011,bid-request:c43,43,43,0.0,0.0,600.000145664,0.0,0.0,0.0
adfe102,FCGIAdServer,bid-request,78807,80012,bid-request:c55,55,55,0.0,0.0,600.000145664,0.0,0.0,0.0
adfe102,FCGIAdServer,bid-request,78807,80013,bid-request:c50,50,50,0.0,0.0,600.000145664,0.0,0.0,0.0
adfe102,FCGIAdServer,bid-request,78807,80014,bid-request:c26,26,26,0.0,0.0,600.000145664,0.0,0.0,0.0
adfe102,FCGIAdServer,bid-request,78807,80015,bid-request:c29,29,29,0.0,0.0,600.000145664,0.0,0.0,0.0
adfe102,FCGIAdServer,bid-request,78807,80016,bid-request:c63,63,63,0.0,0.0,600.000145664,0.0,0.0,0.0
adfe102,FCGIAdServer,bid-request,78807,80017,bid-request:c21,21,21,0.0,0.0,600.000145664,0.0,0.0,0.0
adfe102,FCGIAdServer,bid-request,78807,80018,bid-request:c39,39,39,0.0,0.0,600.000145664,0.0,0.0,0.0
adfe102,FCGIAdServer,bid-request,78807,80019,bid-request:c59,59,59,0.0,0.0,600.000145664,0.0,0.0,0.0
adfe102,FCGIAdServer,bid-request,78807,80020,bid-request:c3,3,3,0.0,0.0,600.000145664,0.0,0.0,0.0
adfe102,FCGIAdServer,bid-request,78807,80022,bid-request:c61,61,61,0.0,0.0,600.000145664,0.0,0.0,0.0
adfe102,FCGIAdServer,bid-request,78807,80023,bid-request:c58,58,58,0.0,0.0,600.000145664,0.0,0.0,0.0
adfe102,FCGIAdServer,bid-request,78807,80024,bid-request:c67,67,67,0.0,0.0,600.000145664,0.0,0.0,0.0
adfe102,FCGIAdServer,bid-request,78807,80025,bid-request:c13,13,13,0.0,0.0,600.000145664,0.0,0.0,0.0
adfe102,FCGIAdServer,bid-request,78807,80026,bid-request:c53,53,53,0.0,0.0,600.000145664,0.0,0.0,0.0
adfe102,FCGIAdServer,bid-request,78807,80027,bid-request:c9,9,9,0.0,0.0,600.000145664,0.0,0.0,0.0
adfe102,FCGIAdServer,bid-request,78807,80028,bid-request:c18,18,18,0.00024983,0.0,600.000145664,4.1638323224658806e-05,0.0,4.1638323224658806e-05
adfe102,FCGIAdServer,bid-request,78807,80029,bid-request:c16,16,16,0.000188017,0.009054369,600.000145664,3.133615905908288e-05,0.0015090611336401984,0.0015403972926992815
adfe102,FCGIAdServer,bid-request,78807,80030,bid-request:c64,64,64,0.0,0.0,600.000145664,0.0,0.0,0.0
adfe102,FCGIAdServer,bid-request,78807,80031,bid-request:c33,33,33,0.0,0.0,600.000145664,0.0,0.0,0.0
adfe102,FCGIAdServer,bid-request,78807,80032,bid-request:c2,2,2,0.000307519,0.00562908,600.000145664,5.125315422376757e-05,0.0009381797722349695,0.0009894329264587371
adfe102,FCGIAdServer,bid-request,78807,80033,bid-request:c12,12,12,0.000164169,0.000284798,600.000145664,2.7361493357359053e-05,4.746632180977617e-05,7.482781516713522e-05
adfe102,FCGIAdServer,bid-request,78807,80034,bid-request:c42,42,42,0.0,0.0,600.000145664,0.0,0.0,0.0
adfe102,FCGIAdServer,bid-request,78807,80035,bid-request:c32,32,32,0.000176331,0.0,600.000145664,2.9388492865257627e-05,0.0,2.9388492865257627e-05
adfe102,FCGIAdServer,bid-request,78807,80036,bid-request:c22,22,22,0.000282676,0.002531204,600.000145664,4.7112655228970316e-05,0.0004218672309152195,0.0004689798861441897
adfe102,FCGIAdServer,bid-request,78807,80037,bid-request:c54,54,54,0.000221707,0.0,600.000145664,3.695115769591094e-05,0.0,3.695115769591094e-05
adfe102,FCGIAdServer,bid-request,78807,80038,bid-request:c44,44,44,0.0,0.0,600.000145664,0.0,0.0,0.0
adfe102,FCGIRtbServer,bid-request,78853,79136,bid-request:c0,0,0,387.473838575,49.292487152,600.000145664,64.57895741778458,8.215412530850248,72.79436994863482
adfe102,FCGIRtbServer,bid-request,78853,79137,bid-request:c1,1,1,437.194147197,43.565286451,600.000145664,72.86567350965755,7.260879312418793,80.12655282207635
adfe102,FCGIRtbServer,bid-request,78853,79138,bid-request:c2,2,2,366.564968146,85.732315853,600.000145664,61.094146525637065,14.28871583991416,75.38286236555123
adfe102,FCGIRtbServer,bid-request,78853,79139,bid-request:c3,3,3,323.578805656,109.089553017,600.000145664,53.929787849952305,18.181587755495336,72.11137560544763
adfe102,FCGIRtbServer,bid-request,78853,79140,bid-request:c5,5,5,279.484429338,120.185268849,600.000145664,46.580726914441655,20.030873278538124,66.61160019297978
adfe102,FCGIRtbServer,bid-request,78853,79141,bid-request:c4,4,4,269.061494284,122.639865134,600.000145664,44.843571493843335,20.43997256005306,65.2835440538964
adfe102,FCGIRtbServer,bid-request,78853,79142,bid-request:c9,9,9,289.60482673,164.570351522,600.000145664,48.26745940361466,27.428385261452817,75.69584466506747
adfe102,FCGIRtbServer,bid-request,78853,79144,bid-request:c6,6,6,364.605694461,126.052099506,600.000145664,60.76760099074695,21.008678150653175,81.77627914140012
adfe102,FCGIRtbServer,bid-request,78853,79146,bid-request:c7,7,7,217.027637685,202.43794334,600.000145664,36.17126416608163,33.73964903224627,69.91091319832789
adfe102,FCGIRtbServer,bid-request,78853,79148,bid-request:c8,8,8,356.161145715,112.388622548,600.000145664,59.360176541432075,18.731432543841017,78.09160908527309
adfe102,FCGIRtbServer,bid-request,78853,79152,bid-request:c10,10,10,359.29373677,122.342101237,600.000145664,59.88227492384718,20.39034525593458,80.27262017978177
adfe102,FCGIRtbServer,bid-request,78853,79153,bid-request:c12,12,12,220.961072363,238.82839052,600.000145664,36.82683645325949,39.804722089808266,76.63155854306775
adfe102,FCGIRtbServer,bid-request,78853,79154,bid-request:c11,11,11,266.706271271,180.256768798,600.000145664,44.451034420307536,30.042787506079,74.49382192638654
adfe102,FCGIRtbServer,bid-request,78853,79155,bid-request:c36,36,36,135.498541807,414.721185451,600.000145664,22.58308481859589,69.12018079462997,91.70326561322585
adfe102,FCGIRtbServer,bid-request,78853,79156,bid-request:c15,15,15,267.054463323,290.223312748,600.000145664,44.50906641488558,48.37054038158934,92.87960679647492
adfe102,FCGIRtbServer,bid-request,78853,79157,bid-request:c13,13,13,148.968558717,373.502411185,600.000145664,24.828087091902535,62.25038675143277,87.07847384333532
adfe102,FCGIRtbServer,bid-request,78853,79158,bid-request:c14,14,14,148.528783207,373.531979975,600.000145664,24.754791191363495,62.25531488190302,87.01010607326651
adfe102,FCGIRtbServer,bid-request,78853,79159,bid-request:c16,16,16,184.28238743,359.503474515,600.000145664,30.71372378186023,59.91723120619405,90.63095498805428
adfe102,FCGIRtbServer,bid-request,78853,79160,bid-request:c17,17,17,136.214071083,411.512851116,600.000145664,22.702339668977324,68.58545853527961,91.28779820425694
adfe102,FCGIRtbServer,bid-request,78853,79161,bid-request:c53,53,53,344.569628063,73.700306861,600.000145664,57.42825740178386,12.283381494755863,69.71163889653972
adfe102,FCGIRtbServer,event_engine,78853,78988,event_engin:c36,36,36,16.16477635,282.212847217,600.000145664,2.6941287376040526,47.0354631172105,49.72959185481455
adfe102,FCGIRtbServer,event_engine,78853,78989,event_engin:c37,37,37,23.397769763,214.371355389,600.000145664,3.8996273471078036,35.72855055756069,39.62817790466849
adfe102,FCGIRtbServer,event_engine,78853,78990,event_engin:c38,38,38,22.782277998,202.848278037,600.000145664,3.7970454111786287,33.80803813180989,37.60508354298852
adfe102,FCGIRtbServer,event_engine,78853,78991,event_engin:c39,39,39,18.607873574,253.652915538,600.000145664,3.1013115094176005,42.275475659641856,45.376787169059455
adfe102,FCGIRtbServer,event_engine,78853,78992,event_engin:c40,40,40,21.905282578,217.002958618,600.000145664,3.65087954333047,36.16715098924686,39.81803053257734
adfe102,FCGIRtbServer,event_engine,78853,78998,event_engin:c41,41,41,19.885936828,233.574679777,600.000145664,3.314322000037667,38.929103845218364,42.24342584525603
adfe102,FCGIRtbServer,event_engine,78853,79000,event_engin:c42,42,42,22.77802826,204.937265836,600.000145664,3.7963371216839157,34.156202680451486,37.952539802135405
adfe102,FCGIRtbServer,event_engine,78853,79001,event_engin:c43,43,43,22.375941797,230.797840789,600.000145664,3.7293227274532237,38.46629745957541,42.19562018702864
adfe102,FCGIRtbServer,event_engine,78853,79002,event_engin:c44,44,44,22.070434686,232.736246217,600.000145664,3.678404887981384,38.789364952476575,42.46776984045796
adfe102,FCGIRtbServer,event_engine,78853,79004,event_engin:c45,45,45,19.053591239,250.53649754,600.000145664,3.1755977688828776,41.75607278607236,44.93167055495523
adfe102,FCGIRtbServer,event_engine,78853,79013,event_engin:c46,46,46,22.331755644,223.80669599,600.000145664,3.72195837040776,37.30110694261926,41.023065313027026
adfe102,FCGIRtbServer,event_engine,78853,79014,event_engin:c47,47,47,28.554127325,152.789836713,600.000145664,4.759020065470168,25.464966603285173,30.223986668755344
adfe102,FCGIRtbServer,event_engine,78853,79015,event_engin:c48,48,48,32.49037233,94.761137166,600.000145664,5.415060740367654,15.79351902675474,21.208579767122394
adfe102,FCGIRtbServer,event_engine,78853,79017,event_engin:c49,49,49,34.270264201,83.545344515,600.000145664,5.711709313515958,13.924220705403858,19.63593001891982
adfe102,FCGIRtbServer,event_engine,78853,79018,event_engin:c50,50,50,28.058592737,152.211030553,600.000145664,4.676430987520594,25.36849893337162,30.044929920892216
adfe102,FCGIRtbServer,event_engine,78853,79019,event_engin:c51,51,51,22.971308594,224.535785222,600.000145664,3.828550502863366,37.4226217851187,41.251172287982065
adfe102,FCGIRtbServer,fast-scheduler,78853,78956,fast-schedul:c0,0,0,27.511967915,213.939131489,600.000145664,4.585326872638244,35.65651325838275,40.241840131021
adfe102,FCGIRtbServer,fast-scheduler,78853,78957,fast-schedu:c53,53,53,27.938788549,213.024856208,600.000145664,4.65646362770147,35.50413408187636,40.16059770957783
adfe102,FCGIRtbServer,fast-scheduler,78853,78958,fast-schedul:c1,1,1,26.249713012,319.66404331,600.000145664,4.374951106545203,53.27732761735225,57.65227872389745
adfe102,FCGIRtbServer,fast-scheduler,78853,78959,fast-schedul:c2,2,2,25.11235183,439.051148167,600.000145664,4.185390955565353,73.17517359618586,77.36056455175121
adfe102,FCGIRtbServer,fast-scheduler,78853,78960,fast-schedul:c3,3,3,27.104339086,332.615724685,600.000145664,4.517388750965142,55.43594065579857,59.953329406763714
adfe102,FCGIRtbServer,fast-scheduler,78853,78961,fast-schedul:c8,8,8,24.884975463,433.972945093,600.000145664,4.1474949035988375,72.32880662266119,76.47630152626003
adfe102,FCGIRtbServer,fast-scheduler,78853,78962,fast-schedul:c5,5,5,28.014356396,250.275766114,600.000145664,4.669058265810494,41.71261755895546,46.381675824765956
adfe102,FCGIRtbServer,fast-scheduler,78853,78963,fast-schedul:c4,4,4,27.317244516,238.64174878,600.000145664,4.55287298068385,39.77361514069354,44.32648812137739
adfe102,FCGIRtbServer,fast-scheduler,78853,78964,fast-schedul:c6,6,6,26.272987688,310.24514024,600.000145664,4.378830218270125,51.707510820128576,56.0863410383987
adfe102,FCGIRtbServer,fast-scheduler,78853,78966,fast-schedul:c7,7,7,27.40427718,232.476666624,600.000145664,4.567378421162316,38.74610169747974,43.313480118642055
adfe102,FCGIRtbServer,fcgi-accept,78853,79322,fcgi-accept:c8,8,8,48.393556229,464.656850579,600.000145664,8.065590746722982,77.44278962878916,85.50838037551213
adfe102,FCGIRtbServer,fcgi-accept,78853,79324,fcgi-accept:c6,6,6,87.313050565,360.191243436,600.000145664,14.55217156128747,60.031859331865405,74.58403089315287
adfe102,FCGIRtbServer,fcgi-accept,78853,79325,fcgi-accept:c9,9,9,125.830369036,272.495276798,600.000145664,20.971723081291547,45.415868440571565,66.38759152186311
adfe102,FCGIRtbServer,fcgi-accept,78853,79326,fcgi-accept:c7,7,7,107.502224878,279.080603076,600.000145664,17.91703312988881,46.51342255378136,64.43045568367017
adfe102,FCGIRtbServer,fcgi-accept,78853,79328,fcgi-accept:c11,11,11,132.517084805,263.268268508,600.000145664,22.086175438898902,43.878034098916736,65.96420953781563
adfe102,FCGIRtbServer,fcgi-accept,78853,79330,fcgi-accept:c12,12,12,72.760498092,374.023920781,600.000145664,12.126746737949272,62.33730499633134,74.46405173428062
adfe102,FCGIRtbServer,fcgi-accept,78853,79331,fcgi-accept:c13,13,13,61.961767828,432.664808094,600.000145664,10.326958797556456,72.11078384242464,82.4377426399811
adfe102,FCGIRtbServer,fcgi-accept,78853,79332,fcgi-accept:c10,10,10,88.316399227,357.926658238,600.000145664,14.719396297689762,59.6544285571622,74.37382485485196
adfe102,FCGIRtbServer,fcgi-accept,78853,79335,fcgi-accept:c14,14,14,98.280486087,384.121487531,600.000145664,16.380077037854097,64.02023237942812,80.40030941728222
adfe102,FCGIRtbServer,fcgi-accept,78853,79336,fcgi-accept:c16,16,16,88.266781372,408.977400223,600.000145664,14.711126657197411,68.16288348903623,82.87401014623364
adfe102,FCGIRtbServer,fcgi-accept,78853,79338,fcgi-accept:c17,17,17,95.723526485,384.884909529,600.000145664,15.953917207647674,64.14746934820504,80.10138655585271
adfe102,FCGIRtbServer,fcgi-accept,78853,79355,fcgi-accept:c15,15,15,68.480413522,457.439218847,600.000145664,11.41339948279763,76.2398512988305,87.65325078162813
adfe102,FCGIRtbServer,fcgi-accept,78853,79390,fcgi-accept:c36,36,36,66.731564103,439.004236457,600.000145664,11.121924650393279,73.16735497975067,84.28927963014395
adfe102,FCGIRtbServer,fcgi-accept,78853,79393,fcgi-accept:c37,37,37,108.865924229,354.235437993,600.000145664,18.144316299877183,59.03922533235047,77.18354163222764
adfe102,FCGIRtbServer,fcgi-accept,78853,79394,fcgi-accept:c38,38,38,110.746285824,355.041168143,600.000145664,18.45770982296026,59.17351365808218,77.63122348104244
adfe102,FCGIRtbServer,fcgi-accept,78853,79398,fcgi-accept:c39,39,39,78.953716231,397.910588543,600.000145664,13.15894951052463,66.31841532349058,79.47736483401522
adfe102,FCGIRtbServer,grpc-asio-p,78853,79126,grpc-asio-p:c50,50,50,92.668088399,174.470684897,600.000145664,15.444677650277457,29.078440423363425,44.52311807364088
adfe102,FCGIRtbServer,grpc-asio-p,78853,79127,grpc-asio-p:c42,42,42,68.072009221,249.999005549,600.000145664,11.345332115822572,41.66649080932047,53.011822925143036
adfe102,FCGIRtbServer,grpc-asio-p,78853,79128,grpc-asio-p:c45,45,45,54.057034818,297.44627101,600.000145664,9.009503615732775,49.57436646633247,58.583870082065246
adfe102,FCGIRtbServer,grpc-asio-p,78853,79129,grpc-asio-p:c43,43,43,65.791755708,271.539863551,600.000145664,10.965289955920007,45.256632938063035,56.221922893983034
adfe102,FCGIRtbServer,grpc-asio-p,78853,79130,grpc-asio-p:c44,44,44,63.162817964,275.080611134,600.000145664,10.527133771625977,45.846757391963216,56.37389116358919
adfe102,FCGIRtbServer,grpc-asio-p,78853,79131,grpc-asio-p:c48,48,48,119.464768375,118.032513164,600.000145664,19.910789895357834,19.672080751476717,39.58287064683455
adfe102,FCGIRtbServer,grpc-asio-p,78853,79132,grpc-asio-p:c46,46,46,65.907463297,271.93205791,600.000145664,10.984574549404888,45.321998648693985,56.306573198098874
adfe102,FCGIRtbServer,grpc-asio-p,78853,79133,grpc-asio-p:c47,47,47,92.688119696,169.210723034,600.000145664,15.448016198966947,28.201780325693118,43.64979652466007
adfe102,FCGIRtbServer,grpc-asio-p,78853,79134,grpc-asio-p:c49,49,49,126.625243031,102.117583457,600.000145664,21.104202048295853,17.019593110929982,38.123795159225836
adfe102,FCGIRtbServer,grpc-asio-p,78853,79135,grpc-asio-p:c41,41,41,53.24801276,276.318409615,600.000145664,8.874666638800932,46.053057088712485,54.927723727513424
adfe102,FCGIRtbServer,grpc-common,78853,79110,grpc-common:c12,12,12,93.136460571,238.513874493,600.000145664,15.52273965999275,39.75230276470095,55.2750424246937
adfe102,FCGIRtbServer,grpc-common,78853,79111,grpc-common:c13,13,13,97.000021248,299.938614213,600.000145664,16.16666628316454,49.989756899320085,66.15642318248463
adfe102,FCGIRtbServer,grpc-common,78853,79112,grpc-common:c14,14,14,77.401477686,250.306855944,600.000145664,12.90024314916497,41.71779919603083,54.6180423451958
adfe102,FCGIRtbServer,grpc-common,78853,79113,grpc-common:c15,15,15,44.793909163,290.565758236,600.000145664,7.465649714706,48.42761461573324,55.89326433043924
adfe102,FCGIRtbServer,grpc-common,78853,79114,grpc-common:c16,16,16,77.906065662,278.079099692,600.000145664,12.984341124748225,46.34650536363774,59.33084648838596
adfe102,FCGIRtbServer,grpc-common,78853,79115,grpc-common:c17,17,17,77.089365086,254.643105828,600.000145664,12.848224395127069,42.440507334576566,55.288731729703635
adfe102,FCGIRtbServer,grpc-common,78853,79116,grpc-common:c37,37,37,86.670056452,226.378073737,600.000145664,14.445005901804434,37.72966979640896,52.1746756982134
adfe102,FCGIRtbServer,grpc-common,78853,79117,grpc-common:c36,36,36,81.250357112,334.349103726,600.000145664,13.541722897764126,55.72483709249555,69.26655999025968
adfe102,FCGIRtbServer,grpc-common,78853,79118,grpc-common:c38,38,38,98.21468697,235.16904828,600.000145664,16.369110521016474,39.19483186454002,55.563942385556494
adfe102,FCGIRtbServer,grpc-common,78853,79119,grpc-common:c39,39,39,89.844003768,289.913379225,600.000145664,14.973996992712836,48.318884806963275,63.2928817996761
adfe102,FCGIRtbServer,grpc-common,78853,79120,grpc-common:c40,40,40,67.012624175,188.385452382,600.000145664,11.1687679843543,31.397567774507813,42.56633575886211
adfe102,FCGIRtbServer,grpc-common,78853,79121,grpc-common:c41,41,41,96.750046874,241.926046519,600.000145664,16.125003897612388,40.32099796430359,56.446001861915974
adfe102,FCGIRtbServer,grpc-common,78853,79122,grpc-common:c42,42,42,107.76550115,221.848768771,600.000145664,17.960912497902736,36.97478581867466,54.935698316577394
adfe102,FCGIRtbServer,grpc-common,78853,79123,grpc-common:c43,43,43,57.947552104,170.011898528,600.000145664,9.657923005980505,28.335309542275784,37.99323254825629
adfe102,FCGIRtbServer,grpc-common,78853,79124,grpc-common:c44,44,44,97.872306762,221.967188564,600.000145664,16.312047166869935,36.99452244604981,53.30656961291974
adfe102,FCGIRtbServer,grpc-common,78853,79125,grpc-common:c45,45,45,80.336817245,220.782364193,600.000145664,13.38946629022797,36.79705176549042,50.18651805571839
adfe102,FCGIRtbServer,grpc_global,78853,78986,grpc_global:c40,40,40,0.03396191,0.615034806,600.000145664,0.005660316959159317,0.10250577611433105,0.10816609307349036
adfe102,FCGIRtbServer,http-server,78853,79104,http-server:c47,47,47,0.0,0.0,600.000145664,0.0,0.0,0.0
adfe102,FCGIRtbServer,http-server,78853,79105,http-server:c48,48,48,0.0,0.0,600.000145664,0.0,0.0,0.0
adfe102,FCGIRtbServer,http-server,78853,79106,http-server:c49,49,49,0.0,0.0,600.000145664,0.0,0.0,0.0
adfe102,FCGIRtbServer,http-server,78853,79107,http-server:c50,50,50,0.000116239,0.000273924,600.000145664,1.937316196337956e-05,4.565398891642893e-05,6.50271508798085e-05
adfe102,FCGIRtbServer,jemalloc_bg,78853,78923,jemalloc_bg:c16,16,16,9.957877048,3.538554903,600.000145664,1.6596457717489306,0.58975900732224,2.2494047790711704
adfe102,FCGIRtbServer,jemalloc_bg,78853,78976,jemalloc_bg:c17,17,17,7.456289073,2.574589011,600.000145664,1.2427145438020477,0.4290980643264326,1.6718126081284805
adfe102,FCGIRtbServer,jemalloc_bg,78853,79009,jemalloc_bg:c36,36,36,8.791950549,4.941328363,600.000145664,1.4653247357582295,0.8235545272295889,2.2888792629878183
adfe102,FCGIRtbServer,jemalloc_bg,78853,79022,jemalloc_bg:c37,37,37,7.122386163,1.847616025,600.000145664,1.1870640723124983,0.30793592940803466,1.495000001720533
adfe102,FCGIRtbServer,lifeguard,78853,79020,lifeguard:c36,36,36,0.038147858,1.448678781,600.000145664,0.0063579747897866004,0.24144640488325148,0.24780437967303806
adfe102,FCGIRtbServer,task-runner,78853,79108,task-runner:c37,37,37,0.008776256,0.021071005,600.000145664,0.001462708978226599,0.003511833314087187,0.004974542292313786
adfe102,FCGIRtbServer,task-runner,78853,79163,task-runner:c38,38,38,0.002974834,0.065816088,600.000145664,0.0004958055462983015,0.010969345336935468,0.01146515088323377
adfe102,FCGIRtbServer,task-runner,78853,79185,task-runner:c39,39,39,40.181932267,74.848116407,600.000145664,6.696987085316788,12.47468303931295,19.17167012462974
adfe102,FCGIRtbServer,task-runner,78853,79251,task-runner:c40,40,40,0.002970223,0.057182948,600.000145664,0.0004950370464848727,0.009530489019584745,0.010025526066069618
adfe102,FCGIRtbServer,task-runner,78853,79252,task-runner:c41,41,41,0.003091919,0.083931208,600.000145664,0.0005153197082274501,0.013988531270624301,0.014503850978851754
adfe102,FCGIRtbServer,task-runner,78853,79316,task-runner:c42,42,42,0.002889774,0.047580116,600.000145664,0.0004816288830733506,0.007930017408136574,0.008411646291209924
adfe102,FCGIRtbServer,task-runner,78853,79319,task-runner:c43,43,43,0.082527521,0.210471213,600.000145664,0.01375458349408725,0.035078526983869075,0.04883311047795632
adfe102,FCGIRtbServer,task-runner,78853,80212,task-runner:c44,44,44,0.084352107,0.246549575,600.000145664,0.01405868108692713,0.04109158585739206,0.05515026694431919
adfe102,FCGIRtbServer,task-runner,78853,80213,task-runner:c45,45,45,0.081886968,0.207896112,600.000145664,0.013647824686672107,0.03464934358806336,0.04829716827473547
adfe102,FCGITrackServer,bid-request,78829,79247,bid-request:c8,8,8,0.813352581,8.038439369,600.000145664,0.1355587305899551,1.3397395695802923,1.4752983001702473
adfe102,FCGITrackServer,bid-request,78829,79248,bid-request:c53,53,53,0.847050361,2.612591527,600.000145664,0.14117502589313505,0.4354318154554334,0.5766068413485684
adfe102,FCGITrackServer,bid-request,78829,79249,bid-request:c47,47,47,0.844586966,3.049878362,600.000145664,0.14076446015947613,0.5083129369285072,0.6490773970879834
adfe102,FCGITrackServer,bid-request,78829,79250,bid-request:c59,59,59,0.58796875,2.066006396,600.000145664,0.09799476787615022,0.3443343157381437,0.44232908361429396
adfe102,FCGITrackServer,bid-request,78829,79253,bid-request:c45,45,45,0.865751129,4.972444811,600.000145664,0.14429181980312727,0.8287406006372152,0.9730324204403425
adfe102,FCGITrackServer,bid-request,78829,79254,bid-request:c35,35,35,0.584964584,3.432750735,600.000145664,0.09749407366437209,0.5721249836033107,0.6696190572676828
adfe102,FCGITrackServer,bid-request,78829,79255,bid-request:c37,37,37,0.78317159,3.350855859,600.000145664,0.13052856664447812,0.5584758409169586,0.6890044075614365
adfe102,FCGITrackServer,bid-request,78829,79256,bid-request:c44,44,44,0.822828531,4.12693768,600.000145664,0.1371380552065372,0.6878227796816377,0.8249608348881748
adfe102,FCGITrackServer,bid-request,78829,79257,bid-request:c1,1,1,0.816214464,4.464535327,600.000145664,0.13603571097415698,0.74408904052169,0.880124751495847
adfe102,FCGITrackServer,bid-request,78829,79258,bid-request:c3,3,3,0.834863868,5.403531196,600.000145664,0.13914394421956086,0.9005883140278397,1.0397322582474005
adfe102,FCGITrackServer,bid-request,78829,79259,bid-request:c28,28,28,0.539806654,3.83796521,600.000145664,0.08996775382489518,0.6396607130407699,0.729628466865665
adfe102,FCGITrackServer,bid-request,78829,79260,bid-request:c67,67,67,0.597884615,0.521804578,600.000145664,0.09964741164159906,0.086967408553299,0.18661482019489806
adfe102,FCGITrackServer,bid-request,78829,79261,bid-request:c38,38,38,0.799102698,3.273843559,600.000145664,0.1331837506665369,0.5456404606997132,0.6788242113662502
adfe102,FCGITrackServer,bid-request,78829,79262,bid-request:c71,71,71,0.588676691,2.868225224,600.000145664,0.09811275801417203,0.4780374212785951,0.5761501792927671
adfe102,FCGITrackServer,bid-request,78829,79263,bid-request:c15,15,15,0.78721806,7.102974515,600.000145664,0.13120297814741566,1.1838287984312699,1.3150317765786856
adfe102,FCGITrackServer,bid-request,78829,79264,bid-request:c69,69,69,0.560814082,2.665450906,600.000145664,0.09346899097488816,0.444241709816626,0.5377107007915142
adfe102,FCGITrackServer,bid-request,78829,79265,bid-request:c25,25,25,0.535758738,2.663585788,600.000145664,0.08929310132201615,0.4439308568920928,0.533223958214109
adfe102,FCGITrackServer,bid-request,78829,79266,bid-request:c4,4,4,0.855359203,3.019816023,600.000145664,0.1425598325569409,0.5033025483115626,0.6458623808685036
adfe102,FCGITrackServer,bid-request,78829,79267,bid-request:c32,32,32,0.544111029,6.223417828,600.000145664,0.09068514948406398,1.0372360528534126,1.1279212023374765
adfe102,FCGITrackServer,bid-request,78829,79268,bid-request:c60,60,60,0.569667959,1.356578189,600.000145664,0.09494463678330738,0.2260963099431785,0.32104094672648587
adfe102,FCGITrackServer,bid-request,78829,79269,bid-request:c57,57,57,0.598620551,2.078656376,600.000145664,0.09977006761182146,0.34644264522629753,0.446212712838119
adfe102,FCGITrackServer,bid-request,78829,79270,bid-request:c11,11,11,0.816052291,2.406736772,600.000145664,0.13600868214738554,0.4011226979514389,0.5371313800988244
adfe102,FCGITrackServer,bid-request,78829,79271,bid-request:c2,2,2,0.877350723,8.642318134,600.000145664,0.1462250850004487,1.4403860059793547,1.5866110909798035
adfe102,FCGITrackServer,bid-request,78829,79272,bid-request:c22,22,22,0.5354519,3.54456912,600.000145664,0.08924196166776482,0.5907613765788914,0.6800033382466563
adfe102,FCGITrackServer,bid-request,78829,79273,bid-request:c40,40,40,0.83835689,3.824059426,600.000145664,0.13972611441155877,0.6373430829367619,0.7770691973483207
adfe102,FCGITrackServer,bid-request,78829,79274,bid-request:c68,68,68,0.603804528,1.746925786,600.000145664,0.10063406356873295,0.29115422698218446,0.3917882905509174
adfe102,FCGITrackServer,bid-request,78829,79275,bid-request:c24,24,24,0.530195614,3.312645588,600.000145664,0.08836591421377912,0.5521074639630306,0.6404733781768097
adfe102,FCGITrackServer,bid-request,78829,79276,bid-request:c13,13,13,0.783395884,5.007806809,600.000145664,0.13056594896873602,0.8346342655397239,0.9652002145084598
adfe102,FCGITrackServer,bid-request,78829,79277,bid-request:c7,7,7,0.757476006,2.898006343,600.000145664,0.12624597035084495,0.4830009399069185,0.6092469102577635
adfe102,FCGITrackServer,bid-request,78829,79278,bid-request:c21,21,21,0.596078317,3.556101022,600.000145664,0.0993463620480192,0.5926833597789518,0.692029721826971
adfe102,FCGITrackServer,bid-request,78829,79279,bid-request:c52,52,52,0.823982912,6.432094832,600.000145664,0.13733045199316174,1.072015545076546,1.2093459970697078
adfe102,FCGITrackServer,bid-request,78829,79280,bid-request:c10,10,10,0.789041447,4.257935863,600.000145664,0.13150687590697072,0.7096558048811614,0.8411626807881321
adfe102,FCGITrackServer,bid-request,78829,79281,bid-request:c34,34,34,0.577814789,3.408378995,600.000145664,0.09630244145366862,0.5680630279227785,0.6643654693764471
adfe102,FCGITrackServer,bid-request,78829,79282,bid-request:c54,54,54,0.64116418,1.821337549,600.000145664,0.10686067072374543,0.30355618447131993,0.4104168551950654
adfe102,FCGITrackServer,bid-request,78829,79283,bid-request:c5,5,5,0.827068876,3.464519604,600.000145664,0.13784477920163013,0.5774197938178719,0.7152645730195021
adfe102,FCGITrackServer,bid-request,78829,79284,bid-request:c30,30,30,0.516828972,3.16354606,600.000145664,0.08613814108795637,0.527257548662594,0.6133956897505505
adfe102,FCGITrackServer,bid-request,78829,79285,bid-request:c61,61,61,0.586778465,1.931028705,600.000145664,0.09779638709097845,0.3218380393663064,0.4196344264572848
adfe102,FCGITrackServer,bid-request,78829,79286,bid-request:c56,56,56,0.556836471,3.813606538,600.000145664,0.09280605596916444,0.635600935359709,0.7284069913288733
adfe102,FCGITrackServer,bid-request,78829,79287,bid-request:c43,43,43,0.907616977,4.390560349,600.000145664,0.15126945944247577,0.7317598805148813,0.883029339957357
adfe102,FCGITrackServer,bid-request,78829,79288,bid-request:c39,39,39,0.855531481,4.710145056,600.000145664,0.14258854554997016,0.7850239854171103,0.9276125309670804
adfe102,FCGITrackServer,bid-request,78829,79289,bid-request:c48,48,48,0.866236553,2.167246032,600.000145664,0.14437272378348595,0.36120758430843075,0.5055803080919167
adfe102,FCGITrackServer,bid-request,78829,79290,bid-request:c33,33,33,0.555427759,5.430577203,600.000145664,0.0925712706928307,0.9050959807668317,0.9976672514596625
adfe102,FCGITrackServer,bid-request,78829,79291,bid-request:c14,14,14,0.856095037,4.559732399,600.000145664,0.14268247152716745,0.7599552153364725,0.90263768686364
adfe102,FCGITrackServer,bid-request,78829,79292,bid-request:c41,41,41,0.823371215,4.190317837,600.000145664,0.13722850251791235,0.6983861366171363,0.8356146391350486
adfe102,FCGITrackServer,bid-request,78829,79293,bid-request:c58,58,58,0.593752618,2.018221033,600.000145664,0.09895874564212212,0.33637009050497857,0.4353288361471007
adfe102,FCGITrackServer,bid-request,78829,79294,bid-request:c6,6,6,0.799374849,4.246318107,600.000145664,0.13322910915552508,0.7077195126845749,0.8409486218400999
adfe102,FCGITrackServer,bid-request,78829,79295,bid-request:c62,62,62,0.604273192,2.085576632,600.000145664,0.10071217421643643,0.34759602094628866,0.4483081951627251
adfe102,FCGITrackServer,bid-request,78829,79296,bid-request:c12,12,12,0.82066298,4.637725903,600.000145664,0.13677713012749354,0.7729541295140161,0.9097312596415096
adfe102,FCGITrackServer,bid-request,78829,79297,bid-request:c23,23,23,0.581227214,3.135529483,600.000145664,0.09687117881559434,0.5225881202962067,0.6194592991118011
adfe102,FCGITrackServer,bid-request,78829,79298,bid-request:c50,50,50,0.841537141,3.317709305,600.000145664,0.14025615611621212,0.5529514165914747,0.6932075727076868
adfe102,FCGITrackServer,bid-request,78829,79299,bid-request:c31,31,31,0.541241125,3.66043958,600.000145664,0.0902068322668533,0.6100731152238495,0.7002799474907029
adfe102,FCGITrackServer,bid-request,78829,79300,bid-request:c27,27,27,0.545332374,4.101666204,600.000145664,0.09088870693464565,0.6836108680375108,0.7744995749721565
adfe102,FCGITrackServer,bid-request,78829,79301,bid-request:c55,55,55,0.588081224,3.647623336,600.000145664,0.09801351353826594,0.6079370750757565,0.7059505886140225
adfe102,FCGITrackServer,bid-request,78829,79302,bid-request:c36,36,36,0.839935108,5.922898522,600.000145664,0.13998915068103393,0.9871495140130887,1.1271386646941226
adfe102,FCGITrackServer,bid-request,78829,79303,bid-request:c20,20,20,0.539459013,4.543776254,600.000145664,0.08990981367229484,0.7572958584820935,0.8472056721543882
adfe102,FCGITrackServer,bid-request,78829,79304,bid-request:c18,18,18,0.617780198,5.071958711,600.000145664,0.10296334133657975,0.8453262466106627,0.9482895879472424
adfe102,FCGITrackServer,bid-request,78829,79305,bid-request:c46,46,46,0.843966764,4.36185669,600.000145664,0.14066109318457087,0.7269759385096282,0.8676370316941991
adfe102,FCGITrackServer,bid-request,78829,79306,bid-request:c19,19,19,0.542330431,5.259156088,600.000145664,0.09038838322277758,0.876525801869576,0.9669141850923536
adfe102,FCGITrackServer,bid-request,78829,79307,bid-request:c70,70,70,0.569911602,2.703526967,600.000145664,0.0949852439401157,0.45058771844265094,0.5455729623827666
adfe102,FCGITrackServer,bid-request,78829,79308,bid-request:c16,16,16,0.78639095,5.041917796,600.000145664,0.13106512651421567,0.8403194286595179,0.9713845551737335
adfe102,FCGITrackServer,bid-request,78829,79309,bid-request:c66,66,66,0.617517595,0.37994673,600.000145664,0.10291957418053858,0.06332443962651471,0.16624401380705328
adfe102,FCGITrackServer,bid-request,78829,79310,bid-request:c26,26,26,0.549606267,3.105936203,600.000145664,0.09160102226171449,0.517655908160283,0.6092569304219975
adfe102,FCGITrackServer,bid-request,78829,79311,bid-request:c9,9,9,0.84306395,2.516016164,600.000145664,0.14051062422110072,0.4193359255297529,0.5598465497508537
adfe102,FCGITrackServer,bid-request,78829,79312,bid-request:c29,29,29,0.519429101,3.281297786,600.000145664,0.08657149581608273,0.5468828315647654,0.6334543273808481
adfe102,FCGIUserBindServer,bid-request,78811,79496,bid-request:c53,53,53,3.648629754,16.958042536,600.000145664,0.6081048113683679,2.8263397365067475,3.434444547875116
adfe102,FCGIUserBindServer,bid-request,78811,79497,bid-request:c2,2,2,3.345802511,56.54180848,600.000145664,0.5576336164547615,9.423632458860002,9.981266075314764
adfe102,FCGIUserBindServer,bid-request,78811,79498,bid-request:c35,35,35,3.013426555,11.249787315,600.000145664,0.5022376372367614,1.8749640973087163,2.3772017345454777
adfe102,FCGIUserBindServer,bid-request,78811,79499,bid-request:c39,39,39,3.609234499,31.56418581,600.000145664,0.6015389371290538,5.2606963578432095,5.862235294972264
adfe102,FCGIUserBindServer,bid-request,78811,79500,bid-request:c58,58,58,3.078716822,9.38423487,600.000145664,0.5131193457616393,1.5640387652930954,2.077158111054735
adfe102,FCGIUserBindServer,bid-request,78811,79501,bid-request:c68,68,68,3.176204848,8.469751118,600.000145664,0.5293673461503915,1.4116248436284646,1.9409921897788562
adfe102,FCGIUserBindServer,bid-request,78811,79502,bid-request:c57,57,57,2.946677159,9.02105457,600.000145664,0.49111274060425625,1.503508729988174,1.9946214705924301
adfe102,FCGIUserBindServer,bid-request,78811,79503,bid-request:c54,54,54,3.154464165,7.180756535,600.000145664,0.525743899863401,1.1967924652840372,1.7225363651474381
adfe102,FCGIUserBindServer,bid-request,78811,79504,bid-request:c24,24,24,2.576178963,20.558938122,600.000145664,0.42936305626209964,3.426488855139879,3.8558519114019787
adfe102,FCGIUserBindServer,bid-request,78811,79505,bid-request:c18,18,18,2.943558705,23.468778506,600.000145664,0.49059299839710246,3.9114621347346326,4.402055133131736
adfe102,FCGIUserBindServer,bid-request,78811,79506,bid-request:c31,31,31,2.611490781,19.946201274,600.000145664,0.43524835783330534,3.3243660719325674,3.7596144297658727
adfe102,FCGIUserBindServer,bid-request,78811,79507,bid-request:c48,48,48,3.778936234,12.909591224,600.000145664,0.6298225527625462,2.1515980149827114,2.7814205677452577
adfe102,FCGIUserBindServer,bid-request,78811,79508,bid-request:c52,52,52,3.374326974,40.583357654,600.000145664,0.5623876924672653,6.763891300240896,7.326278992708161
adfe102,FCGIUserBindServer,bid-request,78811,79509,bid-request:c22,22,22,2.702090071,19.980318595,600.000145664,0.4503482358341243,3.330052290718772,3.780400526552896
adfe102,FCGIUserBindServer,bid-request,78811,79510,bid-request:c47,47,47,3.931468345,21.571449238,600.000145664,0.6552445650907595,3.595240666838106,4.250485231928866
adfe102,FCGIUserBindServer,bid-request,78811,79511,bid-request:c11,11,11,3.455140251,15.96365888,600.000145664,0.5758565686973813,2.660609167408377,3.2364657361057585
adfe102,FCGIUserBindServer,bid-request,78811,79512,bid-request:c42,42,42,3.70770744,21.390113699,600.000145664,0.617951089977954,3.5650180843420096,4.182969174319964
adfe102,FCGIUserBindServer,bid-request,78811,79513,bid-request:c0,0,0,3.672935224,15.902864878,600.000145664,0.6121557220515815,2.65047683620157,3.262632558253152
adfe102,FCGIUserBindServer,bid-request,78811,79514,bid-request:c21,21,21,2.788962011,19.836136236,600.000145664,0.4648268889857601,3.3060219033860423,3.7708487923718024
adfe102,FCGIUserBindServer,bid-request,78811,79515,bid-request:c40,40,40,3.583758742,25.269292285,600.000145664,0.5972929786598593,4.211547691715195,4.808840670375054
adfe102,FCGIUserBindServer,bid-request,78811,79516,bid-request:c13,13,13,3.389318858,32.521576699,600.000145664,0.5648863391939938,5.420261467271723,5.985147806465717
adfe102,FCGIUserBindServer,bid-request,78811,79517,bid-request:c46,46,46,3.506713128,27.686237818,600.000145664,0.5844520461106286,4.614371849420231,5.19882389553086
adfe102,FCGIUserBindServer,bid-request,78811,79518,bid-request:c66,66,66,3.033257085,2.310091219,600.000145664,0.5055427247677076,0.3850151096952651,0.8905578344629727
adfe102,FCGIUserBindServer,bid-request,78811,79519,bid-request:c19,19,19,2.563826668,26.65071191,600.000145664,0.42730434092856745,4.441784239986568,4.869088580915134
adfe102,FCGIUserBindServer,bid-request,78811,79520,bid-request:c63,63,63,3.007446962,6.436403947,600.000145664,0.5012410386453756,1.0727337307355231,1.5739747693808988
adfe102,FCGIUserBindServer,bid-request,78811,79521,bid-request:c50,50,50,3.576934211,20.469027457,600.000145664,0.5961555571026615,3.41150374794453,4.007659305047192
adfe102,FCGIUserBindServer,bid-request,78811,79522,bid-request:c60,60,60,2.995283301,7.303754672,600.000145664,0.4992137623042109,1.2172921498072604,1.7165059121114716
adfe102,FCGIUserBindServer,bid-request,78811,79523,bid-request:c28,28,28,2.516247532,21.71649981,600.000145664,0.4193744868537246,3.6194157563023723,4.038790243156097
adfe102,FCGIUserBindServer,bid-request,78811,79524,bid-request:c29,29,29,2.652539474,19.018796344,600.000145664,0.44208980500571776,3.1697986211240896,3.611888426129807
adfe102,FCGIUserBindServer,bid-request,78811,79525,bid-request:c65,65,65,3.10475049,2.897420899,600.000145664,0.5174582893749262,0.48290336593060684,1.000361655305533
adfe102,FCGIUserBindServer,bid-request,78811,79526,bid-request:c59,59,59,3.055334759,9.16748042,600.000145664,0.5092223362077294,1.5279130323967933,2.037135368604523
adfe102,FCGIUserBindServer,bid-request,78811,79527,bid-request:c6,6,6,3.554208274,27.334205579,600.000145664,0.5923679018555366,4.555699823830901,5.148067725686438
adfe102,FCGIUserBindServer,bid-request,78811,79528,bid-request:c33,33,33,2.797099241,18.910299524,600.000145664,0.46618309365650973,3.1517158221807775,3.617898915837287
adfe102,FCGIUserBindServer,bid-request,78811,79529,bid-request:c41,41,41,3.568755574,26.905955815,600.000145664,0.5947924512669206,4.484324880492168,5.079117331759089
adfe102,FCGIUserBindServer,bid-request,78811,79530,bid-request:c7,7,7,3.698075973,19.305391189,600.000145664,0.6163458458676645,3.217564417027828,3.8339102628954924
adfe102,FCGIUserBindServer,bid-request,78811,79531,bid-request:c32,32,32,2.689623868,39.201637121,600.000145664,0.44827053583853443,6.533604600648366,6.9818751364869005
adfe102,FCGIUserBindServer,bid-request,78811,79532,bid-request:c62,62,62,3.040150563,9.794485268,600.000145664,0.5066916374887822,1.6324138150267902,2.1391054525155724
adfe102,FCGIUserBindServer,bid-request,78811,79533,bid-request:c51,51,51,3.561902607,33.720905259,600.000145664,0.5936502903775401,5.620149512077569,6.213799802455109
adfe102,FCGIUserBindServer,bid-request,78811,79534,bid-request:c56,56,56,2.893411031,17.126786131,600.000145664,0.48223505475952166,2.8544636621790085,3.33669871693853
adfe102,FCGIUserBindServer,bid-request,78811,79535,bid-request:c71,71,71,2.780687982,18.294155247,600.000145664,0.46344788448721225,3.0490251342780046,3.5124730187652173
adfe102,FCGIUserBindServer,bid-request,78811,79536,bid-request:c38,38,38,3.651463951,21.205942578,600.000145664,0.6085771774203567,3.5343229049606473,4.142900082381004
adfe102,FCGIUserBindServer,bid-request,78811,79537,bid-request:c61,61,61,3.08274028,8.841440829,600.000145664,0.5137899219321747,1.4735731137557433,1.987363035687918
adfe102,FCGIUserBindServer,bid-request,78811,79538,bid-request:c12,12,12,3.382699035,28.872590495,600.000145664,0.5637830356285132,4.812097247584444,5.3758802832129575
adfe102,FCGIUserBindServer,bid-request,78811,79539,bid-request:c49,49,49,3.633394971,9.944373722,600.000145664,0.6055656814848009,1.6573952179619715,2.2629608994467727
adfe102,FCGIUserBindServer,bid-request,78811,79540,bid-request:c20,20,20,2.796600762,22.229678639,600.000145664,0.466100013843346,3.7049455403713547,4.171045554214701
adfe102,FCGIUserBindServer,bid-request,78811,79541,bid-request:c25,25,25,2.697623936,16.108396397,600.000145664,0.44960388018150066,2.684732081051977,3.1343359612334774
adfe102,FCGIUserBindServer,bid-request,78811,79542,bid-request:c30,30,30,2.576172791,20.66206416,600.000145664,0.4293620275956827,3.4436765239671714,3.873038551562854
adfe102,FCGIUserBindServer,bid-request,78811,79543,bid-request:c45,45,45,3.524563925,32.576490942,600.000145664,0.5874271782216792,5.429413838883105,6.016841017104784
adfe102,FCGIUserBindServer,bid-request,78811,79544,bid-request:c8,8,8,3.158147705,50.366118453,600.000145664,0.5263578230476901,8.394351037575417,8.920708860623106
adfe102,FCGIUserBindServer,bid-request,78811,79545,bid-request:c10,10,10,3.491603469,26.386015271,600.000145664,0.5819337702219988,4.397668144196779,4.979601914418778
adfe102,FCGIUserBindServer,bid-request,78811,79546,bid-request:c9,9,9,3.591387061,16.151370701,600.000145664,0.5985643648512006,2.6918944633131416,3.290458828164342
adfe102,FCGIUserBindServer,bid-request,78811,79547,bid-request:c3,3,3,3.530900864,33.734305929,600.000145664,0.5884833344652726,5.622382956535349,6.210866291000621
adfe102,FCGIUserBindServer,bid-request,78811,79548,bid-request:c43,43,43,3.652233944,26.701391819,600.000145664,0.6087055095558678,4.450230889435947,5.058936398991814
adfe102,FCGIUserBindServer,bid-request,78811,79549,bid-request:c44,44,44,3.857804918,27.775017953,600.000145664,0.6429673302380113,4.629168534994657,5.272135865232669
adfe102,FCGIUserBindServer,bid-request,78811,79550,bid-request:c55,55,55,2.887600946,16.282578312,600.000145664,0.48126670749461054,2.713762393170858,3.1950291006654683
adfe102,FCGIUserBindServer,bid-request,78811,79551,bid-request:c17,17,17,3.555075908,25.230581778,600.000145664,0.5925125074870968,4.205095942114841,4.797608449601938
adfe102,FCGIUserBindServer,bid-request,78811,79552,bid-request:c23,23,23,2.711835663,17.588331735,600.000145664,0.4519725007731294,2.9313879108371856,3.3833604116103153
adfe102,FCGIUserBindServer,bid-request,78811,79553,bid-request:c67,67,67,2.980375338,3.026710482,600.000145664,0.49672910240742,0.5044516245325976,1.0011807269400177
adfe102,FCGIUserBindServer,bid-request,78811,79554,bid-request:c4,4,4,3.556121803,20.636431816,600.000145664,0.592686823278111,3.4394044676709794,4.032091290949091
adfe102,FCGIUserBindServer,bid-request,78811,79555,bid-request:c27,27,27,2.615203318,22.101605329,600.000145664,0.4358671138497546,3.6835999938868174,4.119467107736572
adfe102,FCGIUserBindServer,bid-request,78811,79556,bid-request:c64,64,64,3.04421985,1.950808974,600.000145664,0.5073698518241299,0.32513475006595294,0.8325046018900828
adfe102,FCGIUserBindServer,bid-request,78811,79557,bid-request:c70,70,70,2.689306523,17.194825338,600.000145664,0.44821764501804157,2.865803527259325,3.3140211722773665
adfe102,FCGIUserBindServer,bid-request,78811,79558,bid-request:c69,69,69,2.850089451,12.544157736,600.000145664,0.4750147931790753,2.0906924484356253,2.5657072416147004
adfe102,FCGIUserBindServer,bid-request,78811,79559,bid-request:c16,16,16,3.439751172,31.793066481,600.000145664,0.5732917228200575,5.298843127082192,5.872134849902249
adfe102,UserBindServer,event_engine,50989,51071,event_engine:c3,3,3,8.848990347,190.458995938,600.000145664,1.474831366450273,31.74315828327432,33.21798964972459
adfe102,UserBindServer,event_engine,50989,51073,event_engine:c4,4,4,9.778584382,119.078943316,600.000145664,1.6297636680035084,19.84648573446917,21.47624940247268
adfe102,UserBindServer,event_engine,50989,51075,event_engine:c5,5,5,9.163341624,117.872606639,600.000145664,1.527223233230925,19.645429670446887,21.172652903677815
adfe102,UserBindServer,event_engine,50989,51076,event_engine:c6,6,6,9.069491286,165.130940006,600.000145664,1.5115815140283173,27.521816652770166,29.03339816679848
adfe102,UserBindServer,event_engine,50989,51077,event_engine:c7,7,7,9.368219853,109.083506278,600.000145664,1.5613695964410985,18.180579965906666,19.741949562347767
adfe102,UserBindServer,event_engine,50989,51078,event_engine:c8,8,8,6.790816485,286.593949858,600.000145664,1.131802472728541,47.7656467134414,48.897449186169936
adfe102,UserBindServer,event_engine,50989,51079,event_engine:c9,9,9,10.157770028,99.64543048,600.000145664,1.692961260327485,16.607567714792093,18.30052897511958
adfe102,UserBindServer,event_engine,50989,51080,event_engin:c13,13,13,7.054023689,172.362529181,600.000145664,1.1756703294119286,28.72708122266407,29.902751552075994
adfe102,UserBindServer,event_engine,50989,51081,event_engin:c12,12,12,8.009356505,159.964395074,600.000145664,1.3348924267570492,26.660726039820002,27.995618466577056
adfe102,UserBindServer,event_engine,50989,51082,event_engin:c11,11,11,9.089777247,90.547373693,600.000145664,1.5149625067075023,15.091225285086267,16.60618779179377
adfe102,UserBindServer,event_engine,50989,51083,event_engin:c10,10,10,9.49654873,162.966617209,600.000145664,1.5827577374152948,27.16109627417679,28.743854011592084
adfe102,UserBindServer,event_engine,50989,51084,event_engin:c14,14,14,8.55247942,172.023391722,600.000145664,1.4254128906144279,28.670558326552985,30.095971217167417
adfe102,UserBindServer,event_engine,50989,51085,event_engin:c15,15,15,7.020989263,255.984354572,600.000145664,1.1701645930819078,42.66404873764001,43.834213330721916
adfe102,UserBindServer,event_engine,50989,51086,event_engin:c16,16,16,8.814543104,198.930956718,600.000145664,1.469090160677418,33.15515140381338,34.624241564490795
adfe102,UserBindServer,event_engine,50989,51087,event_engin:c17,17,17,8.574008816,143.849760374,600.000145664,1.4290011224099675,23.974954241853776,25.40395536426374
adfe102,UserBindServer,event_engine,50989,51088,event_engin:c36,36,36,7.774696996,217.764957222,600.000145664,1.2957825180852254,36.29415072574805,37.58993324383327
adfe102,UserBindServer,fast-scheduler,50989,51042,fast-schedu:c44,44,44,41.171816389,246.696916951,600.000145664,6.861967732263887,41.11614284326362,47.9781105755275
adfe102,UserBindServer,grpc-server,50989,51157,grpc-server:c52,52,52,13.164662506,141.676250473,600.000145664,2.1941098849952962,23.61270267963213,25.806812564627425
adfe102,UserBindServer,grpc-server,50989,51158,grpc-server:c53,53,53,11.730564765,56.470469827,600.000145664,1.9550936528553968,9.411742686246523,11.36683633910192
adfe102,UserBindServer,grpc-server,50989,51160,grpc-server:c0,0,0,11.145767048,51.830553651,600.000145664,1.8576273903509397,8.638423511321129,10.496050901672069
adfe102,UserBindServer,grpc-server,50989,51164,grpc-server:c1,1,1,12.403029749,106.026526683,600.000145664,2.067171122979309,17.671083490432157,19.738254613411467
adfe102,UserBindServer,grpc-server,50989,51166,grpc-server:c2,2,2,24.24164158,230.868996394,600.000145664,4.0402726157962165,38.478156724196296,42.518429339992515
adfe102,UserBindServer,grpc-server,50989,51168,grpc-server:c3,3,3,19.234130918,117.389787556,600.000145664,3.2056877080778428,19.564959842816148,22.77064755089399
adfe102,UserBindServer,grpc-server,50989,51170,grpc-server:c4,4,4,17.07054733,65.132517821,600.000145664,2.845090530954555,10.855417001427563,13.700507532382117
adfe102,UserBindServer,grpc-server,50989,51174,grpc-server:c5,5,5,17.507041649,71.272030804,600.000145664,2.9178395664596954,11.878668916842619,14.796508483302315
adfe102,UserBindServer,grpc-server,50989,51180,grpc-server:c6,6,6,12.599977815,97.445094729,600.000145664,2.0999957926770216,16.24084517865588,18.3408409713329
adfe102,UserBindServer,grpc-server,50989,51183,grpc-server:c7,7,7,11.523289497,62.112615966,600.000145664,1.9205477832422129,10.35210014778614,12.272647931028354
adfe102,UserBindServer,grpc-server,50989,51188,grpc-server:c8,8,8,12.924905433,178.782449013,600.000145664,2.154150382529731,29.797067601566575,31.95121798409631
adfe102,UserBindServer,grpc-server,50989,51192,grpc-server:c9,9,9,11.256428203,54.153195024,600.000145664,1.8760709117066778,9.025530312841921,10.9016012245486
adfe102,UserBindServer,grpc-server,50989,51196,grpc-server:c10,10,10,11.197500378,88.111721323,600.000145664,1.8662496099243613,14.685283321971484,16.551532931895846
adfe102,UserBindServer,grpc-server,50989,51198,grpc-server:c11,11,11,9.121216128,49.541473432,600.000145664,1.5202023189354157,8.256910234109046,9.777112553044462
adfe102,UserBindServer,grpc-server,50989,51199,grpc-server:c12,12,12,11.012446762,96.808882693,600.000145664,1.8354073480787068,16.134809865065094,17.970217213143798
adfe102,UserBindServer,grpc-server,50989,51203,grpc-server:c13,13,13,11.312398654,119.462756283,600.000145664,1.8853993179419897,19.91045454677258,21.79585386471457
adfe102,UserBindServer,grpc_global,50989,51063,grpc_global:c15,15,15,0.032249395,1.223592561,600.000145664,0.005374897861784796,0.20393204399073792,0.2093069418525227
adfe102,UserBindServer,http-server,50989,51209,http-server:c1,1,1,0.0,0.0,600.000145664,0.0,0.0,0.0
adfe102,UserBindServer,http-server,50989,51214,http-server:c2,2,2,0.0,0.0,600.000145664,0.0,0.0,0.0
adfe102,UserBindServer,http-server,50989,51215,http-server:c3,3,3,8.8018e-05,0.005087135,600.000145664,1.4669663105263656e-05,0.0008478556274965965,0.0008625252906018601
adfe102,UserBindServer,http-server,50989,51218,http-server:c4,4,4,0.0,0.0,600.000145664,0.0,0.0,0.0
adfe102,UserBindServer,jemalloc_bg,50989,51040,jemalloc_bg_:c1,1,1,0.438927805,0.174988134,600.000145664,0.07315461640667659,0.029164681919592955,0.10231929832626954
adfe102,UserBindServer,jemalloc_bg,50989,51048,jemalloc_bg_:c2,2,2,0.508105412,0.321494457,600.000145664,0.08468421477426423,0.053582396491623,0.13826661126588724
adfe102,UserBindServer,jemalloc_bg,50989,51059,jemalloc_bg_:c3,3,3,0.654406539,0.196555536,600.000145664,0.10906773002126362,0.032759248046928154,0.14182697806819178
adfe102,UserBindServer,jemalloc_bg,50989,51062,jemalloc_bg_:c4,4,4,0.689499476,0.084481891,600.000145664,0.11491655143465909,0.014080311748342449,0.12899686318300155
adfe102,UserBindServer,lifeguard,50989,51090,lifeguard:c36,36,36,0.050455848,2.261244131,600.000145664,0.008409305958444762,0.376873930338393,0.38528323629683775
adfe102,UserBindServer,rdb-batch,50989,51050,rdb-batch:c13,13,13,155.702127834,351.042031259,600.000145664,25.950348338947432,58.506991005896104,84.45733934484355
adfe102,UserBindServer,rdb-batch,50989,51051,rdb-batch:c14,14,14,214.315847113,296.977832063,600.000145664,35.71929918047334,49.496293327453216,85.21559250792656
adfe102,UserBindServer,rdb-batch,50989,51053,rdb-batch:c15,15,15,184.734329957,340.960734577,600.000145664,30.789047518073637,56.826775300141,87.61582281821464
adfe102,UserBindServer,rdb-batch,50989,51055,rdb-batch:c16,16,16,191.153094054,332.307662513,600.000145664,31.85884127452291,55.38459697293011,87.24343824745301
adfe102,UserBindServer,rdb-batch,50989,51056,rdb-batch:c17,17,17,135.577538686,386.454373554,600.000145664,22.5962509618995,64.40904662220106,87.00529758410055
adfe102,UserBindServer,rdb-batch,50989,51060,rdb-batch:c36,36,36,115.922119784,400.455563286,600.000145664,19.3203486068679,66.74257767768194,86.06292628454985
adfe102,UserBindServer,rdb-batch,50989,51061,rdb-batch:c37,37,37,194.07508836,293.695525412,600.000145664,32.345840207292554,48.94924235176261,81.29508255905516
adfe102,UserBindServer,rdb-batch,50989,51064,rdb-batch:c38,38,38,189.965579197,304.170460795,600.000145664,31.660922179739053,50.695064491756874,82.35598667149593
adfe102,UserBindServer,rdb-batch,50989,51065,rdb-batch:c39,39,39,138.857507693,346.30641226,600.000145664,23.142912330351365,57.717721364343056,80.86063369469441
adfe102,UserBindServer,rdb-batch,50989,51066,rdb-batch:c40,40,40,307.92263137,159.504128113,600.000145664,51.32042610243575,26.584014898276756,77.90444100071251
adfe102,UserBindServer,rdb-batch,50989,51067,rdb-batch:c41,41,41,178.057707283,282.738616705,600.000145664,29.676277342557896,47.12309134393671,76.7993686864946
adfe102,UserBindServer,rdb-batch,50989,51068,rdb-batch:c42,42,42,220.360993837,265.278146937,600.000145664,36.72682338987333,44.21301375575927,80.9398371456326
adfe102,UserBindServer,rdb-batch,50989,51069,rdb-batch:c43,43,43,351.873457961,112.658641504,600.000145664,58.64556208925474,18.776435692248786,77.42199778150352
adfe102,UserBindServer,rdb-batch,50989,51070,rdb-batch:c44,44,44,297.274252105,178.596454188,600.000145664,49.54569665579274,29.766068471592337,79.31176512738507
adfe102,UserBindServer,rdb-batch,50989,51072,rdb-batch:c45,45,45,278.652233656,162.529556992,600.000145664,46.442027667780806,27.08825292236121,73.53028059014201
adfe102,UserBindServer,rdb-batch,50989,51074,rdb-batch:c46,46,46,380.105630292,67.44194209,600.000145664,63.35092300208525,11.24032095281648,74.59124395490173
adfe102,UserBindServer,task-runner,50989,51043,task-runner:c49,49,49,0.108333785,0.006474098,600.000145664,0.018055626449908716,0.001079016071377005,0.01913464252128572
adfe102,UserBindServer,task-runner,50989,51230,task-runner:c49,"0-17,36-53",11,0.17833689,0.108196642,600.000145664,0.02972280778409488,0.018032769288791158,0.04775557707288604
adfe102,UserBindServer,task-runner,50989,52865,task-runner:c49,"0-17,36-53",52,0.00296071,0.003334421,600.000145664,0.0004934515468697898,0.0005557366984152826,0.0010491882452850724
adfe102,UserBindServer,task-runner,50989,52866,task-runner:c49,"0-17,36-53",49,0.0,0.0,600.000145664,0.0,0.0,0.0
adfe102,UserBindServer,task-runner,50989,52867,task-runner:c49,"0-17,36-53",49,0.0,0.0,600.000145664,0.0,0.0,0.0
adfe102,UserBindServer,task-runner,50989,52868,task-runner:c49,"0-17,36-53",49,0.0,0.0,600.000145664,0.0,0.0,0.0
adfe102,UserBindServer,task-runner,50989,52869,task-runner:c49,"0-17,36-53",49,0.0,0.0,600.000145664,0.0,0.0,0.0
adfe102,UserBindServer,task-runner,50989,52870,task-runner:c49,"0-17,36-53",49,0.0,0.0,600.000145664,0.0,0.0,0.0
adfe102,UserBindServer,task-runner,50989,52871,task-runner:c49,"0-17,36-53",49,0.0,0.0,600.000145664,0.0,0.0,0.0
adfe102,UserBindServer,task-runner,50989,52872,task-runner:c49,"0-17,36-53",49,0.0,0.0,600.000145664,0.0,0.0,0.0
adfe102,UserBindServer,task-runner,50989,52873,task-runner:c49,"0-17,36-53",49,0.0,0.0,600.000145664,0.0,0.0,0.0
adfe102,UserBindServer,task-runner,50989,52874,task-runner:c49,"0-17,36-53",49,0.0,0.0,600.000145664,0.0,0.0,0.0
adfe102,UserBindServer,task-runner,50989,52875,task-runner:c49,"0-17,36-53",49,0.0,0.0,600.000145664,0.0,0.0,0.0
adfe102,UserBindServer,ub-grpc-p,50989,51045,ub-grpc-p:c17,17,17,92.896459592,402.80627007,600.000145664,15.482739506537055,67.13436204656715,82.6171015531042
adfe102,UserBindServer,ub-grpc-p,50989,51046,ub-grpc-p:c36,36,36,68.186331034,446.277311237,600.000145664,11.364385746696858,74.37953381546598,85.74391956216284
adfe102,UserBindServer,ub-grpc-p,50989,51047,ub-grpc-p:c37,37,37,99.618526481,373.530202709,600.000145664,16.603083716047355,62.255018670974934,78.85810238702229
adfe102,UserBindServer,ub-grpc-p,50989,51049,ub-grpc-p:c39,39,39,81.318195197,405.643804157,600.000145664,13.553029242519248,67.60728427958757,81.16031352210682
adfe102,UserBindServer,ub-grpc-p,50989,51052,ub-grpc-p:c41,41,41,81.73787239,388.479042583,600.000145664,13.622975424371512,64.74649137844513,78.36946680281665
adfe102,UserBindServer,ub-grpc-p,50989,51054,ub-grpc-p:c40,40,40,93.850501883,375.344964979,600.000145664,15.641746516434392,62.55747897587897,78.19922549231336
adfe102,UserBindServer,ub-grpc-p,50989,51057,ub-grpc-p:c42,42,42,112.260179542,368.897542685,600.000145664,18.710025381371437,61.48290885442261,80.19293423579404
adfe102,UserBindServer,ub-grpc-p,50989,51058,ub-grpc-p:c38,38,38,109.358492951,372.269502635,600.000145664,18.226411066946763,62.04490204298565,80.27131310993241
adfe102,UserInfoManager,event_engine,51013,51109,event_engin:c19,19,19,7.519299417,130.975105027,600.000145664,1.2532162652525098,21.829178871624148,23.082395136876656
adfe102,UserInfoManager,event_engine,51013,51111,event_engin:c20,20,20,7.867161294,113.224289099,600.000145664,1.3111932306772487,18.8707102685281,20.181903499205347
adfe102,UserInfoManager,event_engine,51013,51114,event_engin:c21,21,21,7.035849485,99.10069582,600.000145664,1.1726412961472972,16.516778626833265,17.68941992298056
adfe102,UserInfoManager,event_engine,51013,51119,event_engin:c22,22,22,7.509344619,103.191435429,600.000145664,1.251557132655303,17.19856839614622,18.450125528801525
adfe102,UserInfoManager,event_engine,51013,51121,event_engin:c23,23,23,6.780425274,88.169243737,600.000145664,1.1300706046489923,14.694870388643999,15.82494099329299
adfe102,UserInfoManager,event_engine,51013,51145,event_engin:c24,24,24,7.545398508,119.827350127,600.000145664,1.257566112696483,19.971220172686973,21.228786285383457
adfe102,UserInfoManager,event_engine,51013,51147,event_engin:c25,25,25,7.994339571,88.739872772,600.000145664,1.3323896050313342,14.789975204721753,16.122364809753087
adfe102,UserInfoManager,event_engine,51013,51148,event_engin:c26,26,26,7.216642296,96.169761661,600.000145664,1.2027734239986867,16.028289718925343,17.23106314292403
adfe102,UserInfoManager,event_engine,51013,51149,event_engin:c27,27,27,7.553548181,125.097490735,600.000145664,1.2589243912000625,20.849576727445427,22.10850111864549
adfe102,UserInfoManager,event_engine,51013,51150,event_engin:c28,28,28,7.087447546,118.617434047,600.000145664,1.1812409708928586,19.769567541642857,20.950808512535716
adfe102,UserInfoManager,event_engine,51013,51151,event_engin:c29,29,29,7.421093884,110.883135614,600.000145664,1.2368486803927896,18.48051811575635,19.71736679614914
adfe102,UserInfoManager,event_engine,51013,51152,event_engin:c30,30,30,6.967132128,115.533520668,600.000145664,1.16118840609442,19.25558210325815,20.416770509352567
adfe102,UserInfoManager,event_engine,51013,51153,event_engin:c31,31,31,7.593198469,110.886717133,600.000145664,1.2655327709290574,18.481115035444766,19.746647806373822
adfe102,UserInfoManager,event_engine,51013,51154,event_engin:c32,32,32,7.123116948,219.332895378,600.000145664,1.1871858697829292,36.5554736883058,37.74265955808873
adfe102,UserInfoManager,event_engine,51013,51155,event_engin:c33,33,33,8.018489769,46.503810544,600.000145664,1.3364146370541639,7.7506332090196075,9.08704784607377
adfe102,UserInfoManager,event_engine,51013,51156,event_engin:c34,34,34,9.283537118,31.868396182,600.000145664,1.5472558107008827,5.311398074200851,6.858653884901734
adfe102,UserInfoManager,fast-scheduler,51013,51091,fast-schedu:c64,64,64,29.54415137,19.610453627,600.000145664,4.924024032911605,3.2684081443509934,8.1924321772626
adfe102,UserInfoManager,grpc-server,51013,51171,grpc-server:c34,34,34,8.938405798,27.605452199,600.000145664,1.4897339379989927,4.600907582855663,6.090641520854656
adfe102,UserInfoManager,grpc-server,51013,51173,grpc-server:c35,35,35,9.118733499,29.703727848,600.000145664,1.5197885475358683,4.9506201061214545,6.470408653657324
adfe102,UserInfoManager,grpc-server,51013,51176,grpc-server:c54,54,54,9.862225699,25.940583158,600.000145664,1.6437038841191958,4.323429476719948,5.967133360839143
adfe102,UserInfoManager,grpc-server,51013,51179,grpc-server:c55,55,55,7.438710833,42.752825308,600.000145664,1.2397848378466356,7.125469154792769,8.365253992639405
adfe102,UserInfoManager,grpc-server,51013,51184,grpc-server:c56,56,56,1.736725577,20.591341653,600.000145664,0.2894541925615742,3.4318894423287603,3.7213436348903346
adfe102,UserInfoManager,grpc-server,51013,51190,grpc-server:c57,57,57,1.950601177,13.632032918,600.000145664,0.32510011724102755,2.272004934751122,2.5971050519921492
adfe102,UserInfoManager,grpc-server,51013,51194,grpc-server:c58,58,58,2.067946306,15.361318131,600.000145664,0.344657633992984,2.560219066947083,2.904876700940067
adfe102,UserInfoManager,grpc-server,51013,51201,grpc-server:c59,59,59,2.035371365,13.739772931,600.000145664,0.3392284784777049,2.289961599225056,2.629190077702761
adfe102,UserInfoManager,grpc-server,51013,51205,grpc-server:c60,60,60,7.734905079,20.558817059,600.000145664,1.2891505335286277,3.426468677978111,4.715619211506739
adfe102,UserInfoManager,grpc-server,51013,51210,grpc-server:c61,61,61,7.98592159,27.531797344,600.000145664,1.330986608538611,4.588631776669235,5.919618385207846
adfe102,UserInfoManager,grpc-server,51013,51212,grpc-server:c62,62,62,7.692468203,28.783825406,600.000145664,1.282077722579051,4.797303069676076,6.079380792255127
adfe102,UserInfoManager,grpc-server,51013,51216,grpc-server:c63,63,63,8.14504905,18.22738806,600.000145664,1.3575078454332954,3.0378972724795528,4.395405117912849
adfe102,UserInfoManager,grpc-server,51013,51219,grpc-server:c64,64,64,18.794937964,14.847101183,600.000145664,3.1324889001818947,2.474516263086772,5.607005163268666
adfe102,UserInfoManager,grpc-server,51013,51222,grpc-server:c65,65,65,19.293958204,14.83129477,600.000145664,3.2156589199904317,2.4718818615596674,5.6875407815501
adfe102,UserInfoManager,grpc-server,51013,51223,grpc-server:c66,66,66,19.699267177,14.018160452,600.000145664,3.283210399090734,2.336359508127548,5.619569907218282
adfe102,UserInfoManager,grpc-server,51013,51224,grpc-server:c67,67,67,19.731407636,15.508831236,600.000145664,3.2885671409569266,2.5848045784783764,5.873371719435303
adfe102,UserInfoManager,grpc_global,51013,51106,grpc_global:c20,20,20,0.020693792,0.60747538,600.000145664,0.003448964496016726,0.10124587208686882,0.10469483658288553
adfe102,UserInfoManager,grpcpp_sync,51013,51163,grpcpp_sync:c63,63,63,0.002193415,0.009689847,600.000145664,0.00036556907791624306,0.0016149741079273525,0.0019805431858435957
adfe102,UserInfoManager,http-server,51013,51225,http-server:c69,69,69,0.0,0.0,600.000145664,0.0,0.0,0.0
adfe102,UserInfoManager,http-server,51013,51226,http-server:c70,70,70,6.6858e-05,0.002117445,600.000145664,1.1142997294777403e-05,0.0003529074143234907,0.00036405041161826805
adfe102,UserInfoManager,http-server,51013,51227,http-server:c71,71,71,0.0,0.0,600.000145664,0.0,0.0,0.0
adfe102,UserInfoManager,http-server,51013,51228,http-server:c18,18,18,0.0,0.0,600.000145664,0.0,0.0,0.0
adfe102,UserInfoManager,jemalloc_bg,51013,51041,jemalloc_bg:c29,29,29,3.374019807,1.527892566,600.000145664,0.562336497979694,0.25464869917808647,0.8169851971577805
adfe102,UserInfoManager,jemalloc_bg,51013,51097,jemalloc_bg:c30,30,30,3.735372659,1.723065116,600.000145664,0.6225619586918915,0.28717744961430663,0.909739408306198
adfe102,UserInfoManager,jemalloc_bg,51013,51113,jemalloc_bg:c31,31,31,3.332381969,1.565860318,600.000145664,0.5553968599977863,0.26097665630849387,0.8163735163062801
adfe102,UserInfoManager,jemalloc_bg,51013,51115,jemalloc_bg:c32,32,32,8.15389233,5.0778129,600.000145664,1.3589817250754768,0.8463019445404559,2.2052836696159326
adfe102,UserInfoManager,lifeguard,51013,51161,lifeguard:c61,61,61,0.036490555,0.947848973,600.000145664,0.00608175769017808,0.15797479048126686,0.16405654817144494
adfe102,UserInfoManager,rdb-batch,51013,52387,rdb-batch:c54,54,54,174.918450568,29.869208299,600.000145664,29.153068017079168,4.978200174592416,34.13126819167158
adfe102,UserInfoManager,rdb-batch,51013,52388,rdb-batch:c21,21,21,80.884504753,220.900166607,600.000145664,13.480747519400655,36.81668549639054,50.29743301579119
adfe102,UserInfoManager,rdb-batch,51013,52389,rdb-batch:c22,22,22,83.32825646,215.748696354,600.000145664,13.888039371687722,35.958107329330424,49.84614670101814
adfe102,UserInfoManager,rdb-batch,51013,52390,rdb-batch:c23,23,23,64.293057192,242.097929682,600.000145664,10.715506930560665,40.349645151182145,51.065152081742816
adfe102,UserInfoManager,rdb-batch,51013,52391,rdb-batch:c24,24,24,54.277276881,264.988860947,600.000145664,9.046210617321295,44.16479943579776,53.211010053119054
adfe102,UserInfoManager,rdb-batch,51013,52392,rdb-batch:c25,25,25,62.298415833,244.861668778,600.000145664,10.383066784768266,40.81026822202182,51.193335006790086
adfe102,UserInfoManager,rdb-batch,51013,52393,rdb-batch:c26,26,26,64.458320409,242.531747867,600.000145664,10.74305079337375,40.421948164462236,51.164998957835984
adfe102,UserInfoManager,rdb-batch,51013,52394,rdb-batch:c27,27,27,49.963953002,274.775931241,600.000145664,8.327323478681254,45.79597742212457,54.12330090080582
adfe102,UserInfoManager,rdb-batch,51013,52395,rdb-batch:c28,28,28,54.700094301,265.381939436,600.000145664,9.116680170213167,44.23031250139293,53.346992671606095
adfe102,UserInfoManager,rdb-batch,51013,52396,rdb-batch:c29,29,29,56.962237127,267.406531901,600.000145664,9.493703883015195,44.56774449697344,54.06144837998864
adfe102,UserInfoManager,rdb-batch,51013,52397,rdb-batch:c30,30,30,49.725654721,281.752260061,600.000145664,8.287607108156664,46.95869860984688,55.24630571800354
adfe102,UserInfoManager,rdb-batch,51013,52398,rdb-batch:c31,31,31,59.224311009,251.919846254,600.000145664,9.870716105153349,41.98663084909901,51.85734695425236
adfe102,UserInfoManager,rdb-batch,51013,52399,rdb-batch:c32,32,32,46.374669908,343.584816234,600.000145664,7.729109774911589,57.264122136798186,64.99323191170978
adfe102,UserInfoManager,rdb-batch,51013,52400,rdb-batch:c33,33,33,161.942576511,50.773526825,600.000145664,26.990422865945074,8.462252416424107,35.45267528236918
adfe102,UserInfoManager,rdb-batch,51013,52401,rdb-batch:c34,34,34,170.03941818,32.358807951,600.000145664,28.339896149828945,5.393133349191039,33.733029499019985
adfe102,UserInfoManager,rdb-batch,51013,52402,rdb-batch:c35,35,35,171.182030733,33.581653964,600.000145664,28.530331529096312,5.596940968545318,34.127272497641634
adfe102,UserInfoManager,task-runner,51013,51092,task-runner:c64,64,64,0.407313928,0.053084603,600.000145664,0.067885638185844,0.00884743168541285,0.07673306987125685
adfe102,UserInfoManager,task-runner,51013,51229,task-runner:c64,"18-35,54-71",34,0.202674577,0.016259855,600.000145664,0.033779087966004887,0.002709975175423627,0.03648906314142851
adfe102,UserInfoManager,task-runner,51013,52419,task-runner:c64,"18-35,54-71",58,0.001924319,0.0,600.000145664,0.00032071975547112925,0.0,0.00032071975547112925
adfe102,UserInfoManager,task-runner,51013,52420,task-runner:c64,"18-35,54-71",64,0.0,0.0,600.000145664,0.0,0.0,0.0
adfe102,UserInfoManager,task-runner,51013,52421,task-runner:c64,"18-35,54-71",64,0.0,0.0,600.000145664,0.0,0.0,0.0
adfe102,UserInfoManager,task-runner,51013,52422,task-runner:c64,"18-35,54-71",64,0.0,0.0,600.000145664,0.0,0.0,0.0
adfe102,UserInfoManager,task-runner,51013,52423,task-runner:c64,"18-35,54-71",64,0.0,0.0,600.000145664,0.0,0.0,0.0
adfe102,UserInfoManager,task-runner,51013,52424,task-runner:c64,"18-35,54-71",64,0.0,0.0,600.000145664,0.0,0.0,0.0
adfe102,UserInfoManager,task-runner,51013,52425,task-runner:c64,"18-35,54-71",64,0.0,0.0,600.000145664,0.0,0.0,0.0
adfe102,UserInfoManager,task-runner,51013,52426,task-runner:c64,"18-35,54-71",64,0.0,0.0,600.000145664,0.0,0.0,0.0
adfe102,UserInfoManager,task-runner,51013,52427,task-runner:c64,"18-35,54-71",64,0.0,0.0,600.000145664,0.0,0.0,0.0
adfe102,UserInfoManager,task-runner,51013,52428,task-runner:c64,"18-35,54-71",64,0.0,0.0,600.000145664,0.0,0.0,0.0
adfe102,UserInfoManager,task-runner,51013,52429,task-runner:c64,"18-35,54-71",64,0.0,0.0,600.000145664,0.0,0.0,0.0
adfe102,UserInfoManager,uim-grpc-p,51013,51094,uim-grpc-p:c23,23,23,114.867357799,225.538385709,600.000145664,19.144554985379237,37.58972182571793,56.734276811097175
adfe102,UserInfoManager,uim-grpc-p,51013,51095,uim-grpc-p:c24,24,24,139.500773661,227.515974913,600.000145664,23.250123298990065,37.91931994636697,61.16944324535704
adfe102,UserInfoManager,uim-grpc-p,51013,51096,uim-grpc-p:c25,25,25,104.644904758,238.488889349,600.000145664,17.440813225502303,39.74813857504524,57.188951800547535
adfe102,UserInfoManager,uim-grpc-p,51013,51098,uim-grpc-p:c27,27,27,164.709263658,220.330125721,600.000145664,27.45153727849879,36.72167870512232,64.1732159836211
adfe102,UserInfoManager,uim-grpc-p,51013,51099,uim-grpc-p:c28,28,28,146.104789474,219.718524984,600.000145664,24.35079233394364,36.61974527370237,60.970537607646015
adfe102,UserInfoManager,uim-grpc-p,51013,51100,uim-grpc-p:c32,32,32,138.790861049,297.728048703,600.000145664,23.131804559048035,49.621329403764456,72.75313396281248
adfe102,UserInfoManager,uim-grpc-p,51013,51102,uim-grpc-p:c29,29,29,91.519296276,263.723346571,600.000145664,15.253212342926796,43.9538804243366,59.207092767263404
adfe102,UserInfoManager,uim-grpc-p,51013,51103,uim-grpc-p:c30,30,30,120.358345045,275.823296147,600.000145664,20.059719304201746,45.97053819741254,66.03025750161429
adfe102,UserInfoManager,uim-grpc-p,51013,51104,uim-grpc-p:c31,31,31,137.863836957,225.492759916,600.000145664,22.977300581224146,37.58211752873072,60.55941810995486
adfe102,UserInfoManager,uim-grpc-p,51013,51105,uim-grpc-p:c26,26,26,119.479299957,220.223117309,600.000145664,19.913211825103186,36.70384397411878,56.61705579922197
adfe200,CampaignManager,bs-grpc,290566,290630,bs-grpc:c29,29,29,3.688390532,10.993992241,600.000080384,0.614731672975682,1.8323317946830684,2.4470634676587504
adfe200,CampaignManager,bs-grpc,290566,290631,bs-grpc:c30,30,30,6.002257108,35.146273877,600.000080384,1.0003760506429527,5.857711528056194,6.8580875786991475
adfe200,CampaignManager,bs-grpc,290566,290632,bs-grpc:c31,31,31,5.911265156,24.675254143,600.000080384,0.9852107273413682,4.112541806195733,5.097752533537101
adfe200,CampaignManager,bs-grpc,290566,290633,bs-grpc:c32,32,32,10.02469204,28.42862334,600.000080384,1.670781782826462,4.738103255220513,6.408885038046976
adfe200,CampaignManager,bs-grpc-c,290566,290634,bs-grpc-c:c55,55,55,32.788307376,58.695755615,600.000080384,5.464717163873626,9.782624625222503,15.247341789096131
adfe200,CampaignManager,cm-grpc-p,290566,290611,cm-grpc-p:c55,55,55,104.0267912,38.773160142,600.000080384,17.337796210530982,6.462192491238532,23.799988701769514
adfe200,CampaignManager,cm-grpc-p,290566,290612,cm-grpc-p:c56,56,56,101.836887254,30.571699006,600.000080384,16.9728122684291,5.095282485034688,22.068094753463786
adfe200,CampaignManager,cm-grpc-p,290566,290613,cm-grpc-p:c57,57,57,99.706178661,37.166090696,600.000080384,16.617694217172115,6.194347619455935,22.812041836628048
adfe200,CampaignManager,cm-grpc-p,290566,290614,cm-grpc-p:c69,69,69,72.832664409,87.490869404,600.000080384,12.138775775227748,14.581809613759694,26.720585388987438
adfe200,CampaignManager,cm-grpc-p,290566,290615,cm-grpc-p:c58,58,58,99.993597729,35.275873859,600.000080384,16.665597388754367,5.879311522162371,22.544908910916735
adfe200,CampaignManager,cm-grpc-p,290566,290616,cm-grpc-p:c59,59,59,93.304969483,51.130985638,600.000080384,15.55082616377065,8.521829797968723,24.072655961739372
adfe200,CampaignManager,cm-grpc-p,290566,290617,cm-grpc-p:c60,60,60,88.961972462,46.686841785,600.000080384,14.8269934239116,7.781139255034837,22.60813267894644
adfe200,CampaignManager,cm-grpc-p,290566,290618,cm-grpc-p:c61,61,61,87.748779609,54.26878555,600.000080384,14.624794642167512,9.044796379905147,23.66959102207266
adfe200,CampaignManager,cm-grpc-p,290566,290619,cm-grpc-p:c62,62,62,86.814850462,48.625994025,600.000080384,14.469139805187776,8.104331251735728,22.573471056923506
adfe200,CampaignManager,cm-grpc-p,290566,290620,cm-grpc-p:c63,63,63,74.054139846,81.007507501,600.000080384,12.342354987453561,13.501249441359274,25.84360442881284
adfe200,CampaignManager,cm-grpc-p,290566,290621,cm-grpc-p:c64,64,64,74.689628105,79.840128198,600.000080384,12.44826968309715,13.306686250258888,25.754955933356037
adfe200,CampaignManager,cm-grpc-p,290566,290622,cm-grpc-p:c65,65,65,78.230346233,83.502124918,600.000080384,13.03838929203686,13.917018955157246,26.955408247194107
adfe200,CampaignManager,cm-grpc-p,290566,290623,cm-grpc-p:c66,66,66,78.24707076,85.447887801,600.000080384,13.041176712830085,14.241312725543864,27.282489438373947
adfe200,CampaignManager,cm-grpc-p,290566,290624,cm-grpc-p:c67,67,67,77.556298087,81.898250753,600.000080384,12.926047949420935,13.649706630136636,26.575754579557575
adfe200,CampaignManager,cm-grpc-p,290566,290625,cm-grpc-p:c68,68,68,80.208884276,79.421216525,600.000080384,13.368145588358308,13.236867647446052,26.60501323580436
adfe200,CampaignManager,cm-grpc-p,290566,290626,cm-grpc-p:c54,54,54,105.464991391,34.888394613,600.000080384,17.577496210250906,5.814731656481017,23.392227866731925
adfe200,CampaignManager,cm-logging,290566,290607,cm-logging:c59,59,59,100.269781567,126.390951862,600.000080384,16.711628022254153,21.065155821497523,37.77678384375168
adfe200,CampaignManager,cm-logging,290566,290608,cm-logging:c60,60,60,98.47360844,120.854982646,600.000080384,16.412265874527368,20.14249440910955,36.55476028363692
adfe200,CampaignManager,cm-logging,290566,290609,cm-logging:c61,61,61,95.175708316,127.561577947,600.000080384,15.862615927499135,21.260260142858748,37.12287607035788
adfe200,CampaignManager,cm-logging,290566,290610,cm-logging:c62,62,62,96.646304202,122.206792228,600.000080384,16.1077152089957,20.367795975925148,36.47551118492085
adfe200,CampaignManager,event_engine,290566,290586,event_engin:c54,54,54,13.301170995,54.057532981,600.000080384,2.2168615354996706,9.009587623122181,11.22644915862185
adfe200,CampaignManager,event_engine,290566,290587,event_engin:c55,55,55,11.033009824,50.501010779,600.000080384,1.8388347243118492,8.416834002202027,10.255668726513875
adfe200,CampaignManager,event_engine,290566,290588,event_engin:c56,56,56,12.346569419,46.577752265,600.000080384,2.0577612941481935,7.762957670804018,9.820718964952212
adfe200,CampaignManager,event_engine,290566,290589,event_engin:c57,57,57,12.703335207,52.87576019,600.000080384,2.1172222508486778,8.812625517676517,10.929847768525194
adfe200,CampaignManager,event_engine,290566,290590,event_engin:c58,58,58,11.714268416,50.798142348,600.000080384,1.9523778077667704,8.466355923734076,10.418733731500847
adfe200,CampaignManager,event_engine,290566,290592,event_engin:c59,59,59,11.973479415,51.702227364,600.000080384,1.9955796351455444,8.617036739546865,10.61261637469241
adfe200,CampaignManager,event_engine,290566,290594,event_engin:c60,60,60,11.340347714,53.02992328,600.000080384,1.8900576991160032,8.83831936256756,10.728377061683563
adfe200,CampaignManager,event_engine,290566,290596,event_engin:c61,61,61,10.795944703,55.561596712,600.000080384,1.7993238761052492,9.260264878038113,11.059588754143363
adfe200,CampaignManager,event_engine,290566,290597,event_engin:c62,62,62,12.697977308,56.124497603,600.000080384,2.116329267801647,9.354081680635831,11.470410948437477
adfe200,CampaignManager,event_engine,290566,290598,event_engin:c63,63,63,12.315099013,93.13969992,600.000080384,2.052516227184226,15.523281240294269,17.575797467478495
adfe200,CampaignManager,event_engine,290566,290599,event_engin:c64,64,64,11.526563514,95.528741131,600.000080384,1.9210936616246785,15.921454722116305,17.842548383740983
adfe200,CampaignManager,event_engine,290566,290600,event_engin:c65,65,65,10.987569079,94.108517324,600.000080384,1.8312612678264903,15.684750785994988,17.516012053821477
adfe200,CampaignManager,event_engine,290566,290601,event_engin:c66,66,66,11.281645644,96.501133492,600.000080384,1.8802740220934218,16.083520093903868,17.96379411599729
adfe200,CampaignManager,event_engine,290566,290602,event_engin:c67,67,67,11.347919181,97.146999684,600.000080384,1.8913196101136074,16.19116444481573,18.08248405492934
adfe200,CampaignManager,event_engine,290566,290603,event_engin:c68,68,68,11.583976921,101.055431334,600.000080384,1.9306625615093678,16.842569632544805,18.773232194054174
adfe200,CampaignManager,event_engine,290566,290604,event_engin:c69,69,69,11.370416525,106.314155313,600.000080384,1.8950691669446,17.719023511623355,19.614092678567957
adfe200,CampaignManager,fast-scheduler,290566,290606,fast-schedu:c30,30,30,0.0,0.0,600.000080384,0.0,0.0,0.0
adfe200,CampaignManager,grpc-server,290566,290638,grpc-server:c58,58,58,17.712239204,33.846215297,600.000080384,2.952039471838765,5.641035127085054,8.593074598923819
adfe200,CampaignManager,grpc-server,290566,290639,grpc-server:c59,59,59,18.743567206,42.524426128,600.000080384,3.123927449143693,7.087403405143608,10.2113308542873
adfe200,CampaignManager,grpc-server,290566,290640,grpc-server:c60,60,60,18.604136082,39.65598681,600.000080384,3.1006889315903683,6.609330249525995,9.710019181116364
adfe200,CampaignManager,grpc-server,290566,290641,grpc-server:c61,61,61,17.873387332,43.073284744,600.000080384,2.9788974895738405,7.178879828888206,10.157777318462047
adfe200,CampaignManager,grpc-server,290566,290642,grpc-server:c62,62,62,9.662040102,29.049163312,600.000080384,1.610339801257409,4.841526570031213,6.451866371288623
adfe200,CampaignManager,grpc-server,290566,290643,grpc-server:c63,63,63,10.165753914,49.490324455,600.000080384,1.6942920920100408,8.248386304102858,9.9426783961129
adfe200,CampaignManager,grpc-server,290566,290644,grpc-server:c64,64,64,10.282785007,50.564998142,600.000080384,1.7137972715635335,8.427498561273259,10.141295832836793
adfe200,CampaignManager,grpc-server,290566,290645,grpc-server:c65,65,65,10.137760193,51.973196414,600.000080384,1.6896264724684427,8.662198241829762,10.351824714298203
adfe200,CampaignManager,grpc-server,290566,290646,grpc-server:c66,66,66,0.974766445,9.812903265,600.000080384,0.16246105240121794,1.6354836583888026,1.7979447107900206
adfe200,CampaignManager,grpc-server,290566,290647,grpc-server:c67,67,67,1.027765369,10.134545212,600.000080384,0.17129420521781102,1.689090642373563,1.8603848475913742
adfe200,CampaignManager,grpc-server,290566,290648,grpc-server:c68,68,68,0.810161156,8.665989751,600.000080384,0.13502684124333733,1.4443314316647704,1.5793582729081077
adfe200,CampaignManager,grpc-server,290566,290649,grpc-server:c69,69,69,1.094163062,13.42721941,600.000080384,0.18236048590189116,2.2378696018518167,2.4202300877537075
adfe200,CampaignManager,grpc-server,290566,290650,grpc-server:c70,70,70,16.982290348,63.817150186,600.000080384,2.8303813454710434,10.636190272700802,13.466571618171846
adfe200,CampaignManager,grpc-server,290566,290651,grpc-server:c71,71,71,17.114762933,60.939946161,600.000080384,2.852460106679745,10.156656332778896,13.00911643945864
adfe200,CampaignManager,grpc-server,290566,290652,grpc-server:c18,18,18,18.299478048,69.421867882,600.000080384,3.0499125993930427,11.5703097635537,14.620222362946741
adfe200,CampaignManager,grpc-server,290566,290653,grpc-server:c19,19,19,17.403203924,71.44005835,600.000080384,2.9005335987391785,11.906674796489755,14.807208395228935
adfe200,CampaignManager,grpc_global,290566,290585,grpc_global:c27,27,27,0.023828821,0.165203455,600.000080384,0.003971469634595642,0.02753390547785757,0.031505375112453216
adfe200,CampaignManager,grpcpp_sync,290566,290637,grpcpp_sync:c25,25,25,0.00266475,0.00168832,600.000080384,0.0004441249404991013,0.00028138662896836205,0.0007255115694674634
adfe200,CampaignManager,http-server,290566,290654,http-server:c56,56,56,0.0,0.0,600.000080384,0.0,0.0,0.0
adfe200,CampaignManager,http-server,290566,290655,http-server:c35,35,35,7.4446e-05,9.5904e-05,600.000080384,1.2407665004370426e-05,1.5983997858570525e-05,2.8391662862940955e-05
adfe200,CampaignManager,http-server,290566,290656,http-server:c55,55,55,0.0,0.0,600.000080384,0.0,0.0,0.0
adfe200,CampaignManager,http-server,290566,290657,http-server:c54,54,54,0.0,0.0,600.000080384,0.0,0.0,0.0
adfe200,CampaignManager,jemalloc_bg,290566,290584,jemalloc_bg:c63,63,63,3.757358674,1.26844954,600.000080384,0.6262263617690336,0.21140822834360162,0.8376345901126351
adfe200,CampaignManager,jemalloc_bg,290566,290591,jemalloc_bg:c64,64,64,3.862673652,1.214772933,600.000080384,0.6437788557508007,0.20246212837547378,0.8462409841262746
adfe200,CampaignManager,jemalloc_bg,290566,290593,jemalloc_bg:c65,65,65,4.155806313,1.330412895,600.000080384,0.692634292705475,0.22173545279336226,0.9143697454988373
adfe200,CampaignManager,jemalloc_bg,290566,290595,jemalloc_bg:c66,66,66,2.977640773,1.129852355,600.000080384,0.4962733956792656,0.18830870060498903,0.6845820962842546
adfe200,CampaignManager,lifeguard,290566,290605,lifeguard:c35,35,35,0.024584584,0.942373109,600.000080384,0.004097430117720295,0.1570621637911917,0.161159593908912
adfe200,CampaignManager,task-runner,290566,290627,task-runner:c27,27,27,0.004811506,0.002767583,600.000080384,0.0008019175592310983,0.0004612637715362883,0.0012631813307673865
adfe200,CampaignManager,task-runner,290566,290628,task-runner:c28,28,28,6.690704478,1.764736712,600.000080384,1.1151172636040232,0.29412274592872867,1.4092400095327517
adfe200,CampaignManager,task-runner,290566,290635,task-runner:c29,29,29,0.425278449,1.489816768,600.000080384,0.07087973200400603,0.24830276140071805,0.3191824934047241
adfe200,CampaignManager,task-runner,290566,292163,task-runner:c30,30,30,163.809260372,15.586774735,600.000080384,27.301539737655048,2.597795441131352,29.8993351787864
adfe200,CampaignManager,task-runner,290566,293769,task-runner:c31,31,31,51.486748728,4.964450683,600.000080384,8.581123638358262,0.8274083363160138,9.408531974674277
adfe200,ChannelServer,cs-grpc-p,58846,58871,cs-grpc-p:c63,63,63,164.7390575,59.590257229,600.000080384,27.456505904893717,9.931708207582613,37.38821411247633
adfe200,ChannelServer,cs-grpc-p,58846,58872,cs-grpc-p:c66,66,66,176.657196649,56.42874514,600.000080384,29.44286216360828,9.404789596675656,38.84765176028394
adfe200,ChannelServer,cs-grpc-p,58846,58873,cs-grpc-p:c65,65,65,169.218995829,61.108134694,600.000080384,28.20316219302835,10.184687751190099,38.38784994421845
adfe200,ChannelServer,cs-grpc-p,58846,58874,cs-grpc-p:c67,67,67,173.121030163,55.53024589,600.000080384,28.85350116156694,9.255039741738143,38.108540903305084
adfe200,ChannelServer,cs-grpc-p,58846,58875,cs-grpc-p:c24,24,24,199.622695436,25.14051695,600.000080384,33.27044478198094,4.190085596973599,37.460530378954545
adfe200,ChannelServer,cs-grpc-p,58846,58876,cs-grpc-p:c68,68,68,181.328349136,41.333544175,600.000080384,30.221387473806647,6.888923106234675,37.11031058004132
adfe200,ChannelServer,cs-grpc-p,58846,58877,cs-grpc-p:c69,69,69,183.064110249,44.144761116,600.000080384,30.51068095388237,7.357459200296666,37.86814015417904
adfe200,ChannelServer,cs-grpc-p,58846,58878,cs-grpc-p:c70,70,70,190.196949197,40.753685555,600.000080384,31.699487285947356,6.792280015848939,38.4917673017963
adfe200,ChannelServer,cs-grpc-p,58846,58879,cs-grpc-p:c71,71,71,192.496230744,36.882780408,600.000080384,32.08270082577363,6.147129244448605,38.229830070222235
adfe200,ChannelServer,cs-grpc-p,58846,58880,cs-grpc-p:c18,18,18,190.892374863,46.476243678,600.000080384,31.815391548085945,7.746039575237258,39.561431123323196
adfe200,ChannelServer,cs-grpc-p,58846,58881,cs-grpc-p:c19,19,19,189.241897713,49.803144022,600.000080384,31.540312059939257,8.300522891617947,39.840834951557206
adfe200,ChannelServer,cs-grpc-p,58846,58882,cs-grpc-p:c20,20,20,194.476063572,35.37225614,600.000080384,32.41267291956617,5.895375233510262,38.30804815307643
adfe200,ChannelServer,cs-grpc-p,58846,58883,cs-grpc-p:c21,21,21,186.810934477,53.039743652,600.000080384,31.135151574886628,8.83995609101495,39.975107665901575
adfe200,ChannelServer,cs-grpc-p,58846,58884,cs-grpc-p:c22,22,22,194.324048078,49.222802902,600.000080384,32.38733700729384,8.203799384576318,40.59113639187015
adfe200,ChannelServer,cs-grpc-p,58846,58885,cs-grpc-p:c23,23,23,196.587706851,32.399481365,600.000080384,32.76461341891552,5.399912837389011,38.16452625630454
adfe200,ChannelServer,cs-grpc-p,58846,58886,cs-grpc-p:c64,64,64,166.97315609,60.017968378,600.000080384,27.828855620008785,10.0029933895323,37.83184900954108
adfe200,ChannelServer,event_engine,58846,58888,event_engin:c35,35,35,9.470182038,40.993834599,600.000080384,1.5783634615413857,6.832304851153345,8.41066831269473
adfe200,ChannelServer,event_engine,58846,58889,event_engin:c54,54,54,9.255367192,40.079878653,600.000080384,1.5425609920046286,6.679978880560963,8.22253987256559
adfe200,ChannelServer,event_engine,58846,58890,event_engin:c55,55,55,9.998252487,48.737958982,600.000080384,1.666375191250161,8.122992075402342,9.789367266652503
adfe200,ChannelServer,event_engine,58846,58891,event_engin:c56,56,56,9.786055238,42.399136431,600.000080384,1.6310089878216225,7.0665217917745204,8.697530779596143
adfe200,ChannelServer,event_engine,58846,58894,event_engin:c57,57,57,9.88762449,46.300230803,600.000080384,1.647937194220361,7.716704100000762,9.364641294221125
adfe200,ChannelServer,event_engine,58846,58895,event_engin:c58,58,58,9.600801813,45.7165596,600.000080384,1.6001334211247917,7.619425579200157,9.21955900032495
adfe200,ChannelServer,event_engine,58846,58897,event_engin:c59,59,59,10.642877125,52.547200377,600.000080384,1.7738126165230776,8.757865556179558,10.531678172702637
adfe200,ChannelServer,event_engine,58846,58899,event_engin:c60,60,60,9.816721228,52.319398466,600.000080384,1.6361199854702184,8.719898576099455,10.356018561569673
adfe200,ChannelServer,event_engine,58846,58900,event_engin:c61,61,61,10.008123302,54.386915381,600.000080384,1.66802032686309,9.064484682434106,10.732505009297196
adfe200,ChannelServer,event_engine,58846,58902,event_engin:c62,62,62,8.920559488,46.543114405,600.000080384,1.4867597154805117,7.757184694910776,9.243944410391288
adfe200,ChannelServer,event_engine,58846,58903,event_engin:c63,63,63,9.031620815,84.590892244,600.000080384,1.5052699341673026,14.098480151846285,15.603750086013587
adfe200,ChannelServer,event_engine,58846,58904,event_engin:c64,64,64,8.332252783,80.256796793,600.000080384,1.388708611116745,13.376131006788475,14.76483961790522
adfe200,ChannelServer,event_engine,58846,58905,event_engin:c65,65,65,9.51224721,93.222008649,600.000080384,1.5853743226021175,15.536999359956406,17.12237368255852
adfe200,ChannelServer,event_engine,58846,58906,event_engin:c66,66,66,9.191386575,89.963820976,600.000080384,1.5318975572665778,14.993968153874773,16.525865711141353
adfe200,ChannelServer,event_engine,58846,58907,event_engin:c67,67,67,8.514796258,87.451294455,600.000080384,1.4191325195407525,14.575213789810025,15.994346309350776
adfe200,ChannelServer,event_engine,58846,58908,event_engin:c68,68,68,9.245680744,99.380695328,600.000080384,1.5409465842209162,16.563447002273126,18.104393586494044
adfe200,ChannelServer,fast-scheduler,58846,58868,fast-schedu:c31,31,31,0.0,0.0,600.000080384,0.0,0.0,0.0
adfe200,ChannelServer,grpc-server,58846,58911,grpc-server:c26,26,26,20.57595891,29.949035476,600.000080384,3.4293260255617612,4.991505243938071,8.420831269499832
adfe200,ChannelServer,grpc-server,58846,58912,grpc-server:c28,28,28,21.213097708,35.796034451,600.000080384,3.5355158110018285,5.966004942547764,9.501520753549594
adfe200,ChannelServer,grpc-server,58846,58913,grpc-server:c27,27,27,21.362184967,33.376128362,600.000080384,3.560363684172876,5.562687315081572,9.123050999254447
adfe200,ChannelServer,grpc-server,58846,58914,grpc-server:c29,29,29,20.221468266,26.672715039,600.000080384,3.3702442594771425,4.445451910927989,7.815696170405132
adfe200,ChannelServer,grpc-server,58846,58915,grpc-server:c30,30,30,14.964907732,89.94879941,600.000080384,2.4941509545169493,14.991464559876855,17.485615514393803
adfe200,ChannelServer,grpc-server,58846,58916,grpc-server:c31,31,31,15.372289297,40.683257503,600.000080384,2.562047872920573,6.780542008754852,9.342589881675426
adfe200,ChannelServer,grpc-server,58846,58917,grpc-server:c32,32,32,16.074110138,23.764246842,600.000080384,2.6790179974163624,3.9607072763708437,6.639725273787206
adfe200,ChannelServer,grpc-server,58846,58918,grpc-server:c33,33,33,15.457506999,30.087760166,600.000080384,2.57625082135109,5.014626022507169,7.59087684385826
adfe200,ChannelServer,grpc-server,58846,58919,grpc-server:c34,34,34,2.14018755,21.703974149,600.000080384,0.3566978772119964,3.617328540207771,3.9740264174197675
adfe200,ChannelServer,grpc-server,58846,58920,grpc-server:c55,55,55,2.597473845,16.455865037,600.000080384,0.4329122495013029,2.7426438053922007,3.1755560548935033
adfe200,ChannelServer,grpc-server,58846,58921,grpc-server:c35,35,35,2.570252462,17.630254398,600.000080384,0.4283753529424594,2.938375339336061,3.366750692278521
adfe200,ChannelServer,grpc-server,58846,58922,grpc-server:c58,58,58,2.91466169,16.911970024,600.000080384,0.48577688325218504,2.8186612930412176,3.3044381762934028
adfe200,ChannelServer,grpc-server,58846,58923,grpc-server:c54,54,54,0.190236218,2.096073192,600.000080384,0.031706032085570525,0.34934548519702086,0.38105151728259135
adfe200,ChannelServer,grpc-server,58846,58924,grpc-server:c56,56,56,0.177479866,1.378764894,600.000080384,0.02957997370373899,0.229794118213716,0.25937409191745503
adfe200,ChannelServer,grpc-server,58846,58925,grpc-server:c57,57,57,0.183490919,2.04299441,600.000080384,0.03058181573618554,0.3404990227155443,0.3710808384517298
adfe200,ChannelServer,grpc-server,58846,58926,grpc-server:c59,59,59,0.0,0.0,600.000080384,0.0,0.0,0.0
adfe200,ChannelServer,grpc_global,58846,58887,grpc_global:c64,64,64,0.024479741,0.411806016,600.000080384,0.0040799562867279895,0.06863432680483046,0.07271428309155845
adfe200,ChannelServer,grpcpp_sync,58846,58910,grpcpp_sync:c32,32,32,0.002485243,0.017207569,600.000080384,0.0004142071111739593,0.002867927782440822,0.0032821348936147815
adfe200,ChannelServer,grpcpp_sync,58846,64603,grpcpp_sync:c33,33,33,0.002024963,0.013797337,600.000080384,0.0003374937881181656,0.002299555858587503,0.002637049646705669
adfe200,ChannelServer,http-server,58846,58927,http-server:c70,70,70,5.8633e-05,0.000598416,600.000080384,9.7721653574571e-06,9.973598663803742e-05,0.00010950815199549453
adfe200,ChannelServer,http-server,58846,58928,http-server:c71,71,71,0.0,0.0,600.000080384,0.0,0.0,0.0
adfe200,ChannelServer,http-server,58846,58929,http-server:c18,18,18,0.0,0.0,600.000080384,0.0,0.0,0.0
adfe200,ChannelServer,http-server,58846,58930,http-server:c19,19,19,0.0,0.0,600.000080384,0.0,0.0,0.0
adfe200,ChannelServer,jemalloc_bg,58846,58866,jemalloc_bg:c60,60,60,0.2655191,0.098570264,600.000080384,0.044253177404587646,0.016428375132369156,0.0606815525369568
adfe200,ChannelServer,jemalloc_bg,58846,58892,jemalloc_bg:c61,61,61,0.105786495,0.100665642,600.000080384,0.017631080137905424,0.016777604752248366,0.034408684890153786
adfe200,ChannelServer,jemalloc_bg,58846,58893,jemalloc_bg:c62,62,62,0.318797511,0.221923866,600.000080384,0.05313291138160675,0.03698730604468732,0.09012021742629407
adfe200,ChannelServer,jemalloc_bg,58846,58896,jemalloc_bg:c63,63,63,0.106385941,0.057061834,600.000080384,0.01773098779118713,0.009510304392539486,0.027241292183726618
adfe200,ChannelServer,lifeguard,58846,58909,lifeguard:c57,57,57,0.023826404,0.458519698,600.000080384,0.003971066801316277,0.07641993942843264,0.08039100622974893
adfe200,ChannelServer,task-runner,58846,58867,task-runner:c66,66,66,0.0,0.0,600.000080384,0.0,0.0,0.0
adfe200,ChannelServer,task-runner,58846,58869,task-runner:c67,67,67,2.749993127,1.062803683,600.000080384,0.4583321264290506,0.17713392343544448,0.6354660498644951
adfe200,FCGIActionServer,bid-request,290869,291600,bid-request:c58,58,58,0.292313613,1.845881273,600.000080384,0.04871892897296269,0.307646837616861,0.3563657665898237
adfe200,FCGIActionServer,bid-request,290869,291601,bid-request:c49,49,49,0.419431882,2.021821266,600.000080384,0.06990530430122004,0.3369701658549836,0.4068754701562037
adfe200,FCGIActionServer,bid-request,290869,291609,bid-request:c46,46,46,0.439184485,1.286308244,600.000080384,0.07319740436016642,0.21438467861150332,0.28758208297166976
adfe200,FCGIActionServer,bid-request,290869,291612,bid-request:c44,44,44,0.425317685,1.482691714,600.000080384,0.07088627133646327,0.24711525255981256,0.31800152389627584
adfe200,FCGIActionServer,bid-request,290869,291614,bid-request:c63,63,63,0.33335183,1.618468597,600.000080384,0.055558630889958355,0.26974473002806604,0.32530336091802436
adfe200,FCGIActionServer,bid-request,290869,291615,bid-request:c65,65,65,0.364665915,1.946453147,600.000080384,0.060777644357416394,0.3244088143712031,0.3851864587286195
adfe200,FCGIActionServer,bid-request,290869,291618,bid-request:c20,20,20,0.311899372,3.789468972,600.000080384,0.05198322170230118,0.6315780773853797,0.6835612990876809
adfe200,FCGIActionServer,bid-request,290869,291627,bid-request:c2,2,2,0.433014661,5.334061056,600.000080384,0.07216910049793171,0.8890100568963593,0.961179157394291
adfe200,FCGIActionServer,bid-request,290869,291682,bid-request:c28,28,28,0.348066812,1.188631156,600.000080384,0.0580111275613892,0.1981051661258572,0.2561162936872464
adfe200,FCGIActionServer,bid-request,290869,291683,bid-request:c32,32,32,0.325696885,1.235538723,600.000080384,0.054282806894218084,0.20592309291179683,0.26020589980601494
adfe200,FCGIActionServer,bid-request,290869,291686,bid-request:c50,50,50,0.416979563,2.767941744,600.000080384,0.06949658452264425,0.46132356219494464,0.5308201467175888
adfe200,FCGIActionServer,bid-request,290869,291689,bid-request:c16,16,16,0.406673439,4.330384906,600.000080384,0.06777889741943519,0.7217307209739962,0.7895096183934315
adfe200,FCGIActionServer,bid-request,290869,291691,bid-request:c37,37,37,0.405552002,5.840014643,600.000080384,0.06759199127780896,0.9733356434323127,1.0409276347101215
adfe200,FCGIActionServer,bid-request,290869,291692,bid-request:c29,29,29,0.308997949,0.574415988,600.000080384,0.05149965126708672,0.09573598517393095,0.14723563644101767
adfe200,FCGIActionServer,bid-request,290869,291693,bid-request:c18,18,18,0.434266784,4.982303143,600.000080384,0.07237778763663986,0.8303837459173883,0.9027615335540282
adfe200,FCGIActionServer,bid-request,290869,291694,bid-request:c61,61,61,0.304216928,1.503896416,600.000080384,0.05070281454050826,0.25064936908633517,0.30135218362684346
adfe200,FCGIActionServer,bid-request,290869,291695,bid-request:c51,51,51,0.414831737,0.966513943,600.000080384,0.06913861357060282,0.1610856355854871,0.2302242491560899
adfe200,FCGIActionServer,bid-request,290869,291696,bid-request:c11,11,11,0.393057112,5.121830843,600.000080384,0.06550950989013926,0.8536383594685568,0.9191478693586962
adfe200,FCGIActionServer,bid-request,290869,291697,bid-request:c59,59,59,0.310947612,1.063581838,600.000080384,0.051824595056886254,0.17726361591806916,0.2290882109749554
adfe200,FCGIActionServer,bid-request,290869,291698,bid-request:c26,26,26,0.309838284,1.150755815,600.000080384,0.05163970708165631,0.19179261013823803,0.24343231721989433
adfe200,FCGIActionServer,bid-request,290869,291699,bid-request:c23,23,23,0.345713636,2.315656866,600.000080384,0.057618931613933,0.38594275929396205,0.4435616909078951
adfe200,FCGIActionServer,bid-request,290869,291700,bid-request:c15,15,15,0.388203627,7.95141096,600.000080384,0.06470059583184551,1.3252349824538519,1.3899355782856975
adfe200,FCGIActionServer,bid-request,290869,291701,bid-request:c71,71,71,0.297338634,3.470208226,600.000080384,0.049556432360759566,0.5783679601807832,0.6279243925415426
adfe200,FCGIActionServer,bid-request,290869,291702,bid-request:c56,56,56,0.299845332,1.113553309,600.000080384,0.049974215304787795,0.1855921933022619,0.2355664086070497
adfe200,FCGIActionServer,bid-request,290869,291703,bid-request:c17,17,17,0.404189972,7.824802548,600.000080384,0.06736498630822156,1.3041335832808767,1.3714985695890982
adfe200,FCGIActionServer,bid-request,290869,291704,bid-request:c57,57,57,0.312265756,2.027567684,600.000080384,0.05204428569412023,0.3379279020600059,0.3899721877541261
adfe200,FCGIActionServer,bid-request,290869,291705,bid-request:c34,34,34,0.30182816,4.395488426,600.000080384,0.050304686593846785,0.7325813061869738,0.7828859927808206
adfe200,FCGIActionServer,bid-request,290869,291706,bid-request:c70,70,70,0.296453859,3.368761186,600.000080384,0.04940896988051561,0.5614601224459825,0.6108690923264982
adfe200,FCGIActionServer,bid-request,290869,291707,bid-request:c36,36,36,0.410110014,5.472757293,600.000080384,0.0683516598427003,0.9121260932994268,0.9804777531421273
adfe200,FCGIActionServer,bid-request,290869,291708,bid-request:c30,30,30,0.304399668,3.38651742,600.000080384,0.050733271203094545,0.5644194943828389,0.6151527655859335
adfe200,FCGIActionServer,bid-request,290869,291709,bid-request:c33,33,33,0.31712819,2.003966314,600.000080384,0.05285469125221416,0.3339943409203315,0.3868490321725457
adfe200,FCGIActionServer,bid-request,290869,291710,bid-request:c43,43,43,0.400294743,0.87994924,600.000080384,0.06671578156186436,0.1466581870183805,0.21337396858024488
adfe200,FCGIActionServer,bid-request,290869,291711,bid-request:c62,62,62,0.308176651,1.200687311,600.000080384,0.05136276828542539,0.20011452502332336,0.2514772933087488
adfe200,FCGIActionServer,bid-request,290869,291712,bid-request:c1,1,1,0.521649197,1.386888145,600.000080384,0.08694152118548794,0.23114799319899954,0.31808951438448746
adfe200,FCGIActionServer,bid-request,290869,291713,bid-request:c55,55,55,0.309407626,1.570130577,600.000080384,0.05156793075793909,0.2616883944407335,0.3132563251986726
adfe200,FCGIActionServer,bid-request,290869,291714,bid-request:c4,4,4,0.423601312,3.409991714,600.000080384,0.07060020920812131,0.5683318761920174,0.6389320854001388
adfe200,FCGIActionServer,bid-request,290869,291715,bid-request:c39,39,39,0.423973157,3.932829314,600.000080384,0.07066218336648508,0.6554714645176364,0.7261336478841214
adfe200,FCGIActionServer,bid-request,290869,291716,bid-request:c64,64,64,0.29782393,1.872661259,600.000080384,0.04963731501659012,0.31211016801889374,0.3617474830354839
adfe200,FCGIActionServer,bid-request,290869,291717,bid-request:c19,19,19,0.320686624,4.175147183,600.000080384,0.05344776350609163,0.6958577706069483,0.7493055341130399
adfe200,FCGIActionServer,bid-request,290869,291718,bid-request:c12,12,12,0.388756078,3.69806871,600.000080384,0.06479267098617655,0.6163447024262457,0.6811373734124223
adfe200,FCGIActionServer,bid-request,290869,291719,bid-request:c13,13,13,0.405333014,6.061414163,600.000080384,0.06755549328269872,1.0102355584887082,1.0777910517714067
adfe200,FCGIActionServer,bid-request,290869,291720,bid-request:c60,60,60,0.298026407,1.199534575,600.000080384,0.049671061178735695,0.199922402382396,0.2495934635611317
adfe200,FCGIActionServer,bid-request,290869,291721,bid-request:c52,52,52,0.422566092,1.154987098,600.000080384,0.07042767256456994,0.19249782387709155,0.26292549644166147
adfe200,FCGIActionServer,bid-request,290869,291722,bid-request:c27,27,27,0.309290938,1.223409492,600.000080384,0.051548482760544606,0.20390155468262905,0.2554500374431736
adfe200,FCGIActionServer,bid-request,290869,291724,bid-request:c41,41,41,0.391015528,3.826309226,600.000080384,0.06516924593572555,0.6377181188961112,0.7028873648318368
adfe200,FCGIActionServer,bid-request,290869,291725,bid-request:c47,47,47,0.421821573,2.567095763,600.000080384,0.07030358608119423,0.42784923651294493,0.49815282259413923
adfe200,FCGIActionServer,bid-request,290869,291726,bid-request:c35,35,35,0.322037615,3.692925241,600.000080384,0.053672928642592176,0.6154874577077604,0.6691603863503525
adfe200,FCGIActionServer,bid-request,290869,291727,bid-request:c69,69,69,0.322766924,2.487909275,600.000080384,0.05379448012630752,0.414651490281091,0.4684459704073985
adfe200,FCGIActionServer,bid-request,290869,291728,bid-request:c67,67,67,0.315039984,2.148050652,600.000080384,0.052506656965508144,0.3580083940364221,0.4105150510019302
adfe200,FCGIActionServer,bid-request,290869,291729,bid-request:c66,66,66,0.429120861,2.058717654,600.000080384,0.07152013391820926,0.3431195630311284,0.4146396969493376
adfe200,FCGIActionServer,bid-request,290869,291730,bid-request:c22,22,22,0.32433837,4.738213126,600.000080384,0.05405638775788554,0.7897020818676465,0.843758469625532
adfe200,FCGIActionServer,bid-request,290869,291731,bid-request:c8,8,8,0.402405329,3.382787261,600.000080384,0.06706754584807066,0.5637978012994626,0.6308653471475332
adfe200,FCGIActionServer,bid-request,290869,291732,bid-request:c31,31,31,0.340537857,1.46704466,600.000080384,0.05675630189616905,0.2445074105758605,0.30126371247202954
adfe200,FCGIActionServer,bid-request,290869,291733,bid-request:c21,21,21,0.310548827,4.683933324,600.000080384,0.05175813089912401,0.7806554494129873,0.8324135803121113
adfe200,FCGIActionServer,bid-request,290869,291734,bid-request:c10,10,10,0.407552952,5.608451642,600.000080384,0.06792548289979664,0.9347418151028566,1.0026672980026532
adfe200,FCGIActionServer,bid-request,290869,291735,bid-request:c68,68,68,0.313108084,2.0277097,600.000080384,0.05218467367531199,0.3379515713901681,0.39013624506548017
adfe200,FCGIActionServer,bid-request,290869,291736,bid-request:c9,9,9,0.400861002,8.004570774,600.000080384,0.06681015804922043,1.3340949502668524,1.400905108316073
adfe200,FCGIActionServer,bid-request,290869,291737,bid-request:c14,14,14,0.395463261,6.946534537,600.000080384,0.06591053466974597,1.1577556010582897,1.2236661357280356
adfe200,FCGIActionServer,bid-request,290869,291738,bid-request:c3,3,3,0.426744482,8.598866677,600.000080384,0.07112407080460449,1.4331442541635537,1.5042683249681583
adfe200,FCGIActionServer,bid-request,290869,291739,bid-request:c24,24,24,0.318556434,2.158772813,600.000080384,0.053092731886989736,0.35979542063034153,0.4128881525173313
adfe200,FCGIActionServer,bid-request,290869,291740,bid-request:c42,42,42,0.384958671,3.784893019,600.000080384,0.06415976990430176,0.6308154186542223,0.6949751885585241
adfe200,FCGIActionServer,bid-request,290869,291741,bid-request:c40,40,40,0.396909756,4.385973137,600.000080384,0.06615161713744734,0.7309954248994396,0.7971470420368869
adfe200,FCGIActionServer,bid-request,290869,291742,bid-request:c54,54,54,0.465657772,1.704924428,600.000080384,0.07760961826904741,0.2841540332642703,0.36176365153331774
adfe200,FCGIActionServer,bid-request,290869,291743,bid-request:c5,5,5,0.417395093,6.733636686,600.000080384,0.06956583951336592,1.1222726306453947,1.1918384701587605
adfe200,FCGIAdServer,bid-request,290884,291933,bid-request:c63,63,63,0.0,0.0,600.000080384,0.0,0.0,0.0
adfe200,FCGIAdServer,bid-request,290884,291934,bid-request:c50,50,50,0.0,0.0,600.000080384,0.0,0.0,0.0
adfe200,FCGIAdServer,bid-request,290884,291935,bid-request:c15,15,15,0.0,0.0,600.000080384,0.0,0.0,0.0
adfe200,FCGIAdServer,bid-request,290884,291936,bid-request:c31,31,31,0.0,0.0,600.000080384,0.0,0.0,0.0
adfe200,FCGIAdServer,bid-request,290884,291937,bid-request:c49,49,49,0.0,0.0,600.000080384,0.0,0.0,0.0
adfe200,FCGIAdServer,bid-request,290884,291938,bid-request:c65,65,65,0.0,0.0,600.000080384,0.0,0.0,0.0
adfe200,FCGIAdServer,bid-request,290884,291939,bid-request:c68,68,68,0.0,0.0,600.000080384,0.0,0.0,0.0
adfe200,FCGIAdServer,bid-request,290884,291940,bid-request:c30,30,30,0.0,0.0,600.000080384,0.0,0.0,0.0
adfe200,FCGIAdServer,bid-request,290884,291941,bid-request:c6,6,6,0.0,0.0,600.000080384,0.0,0.0,0.0
adfe200,FCGIAdServer,bid-request,290884,291942,bid-request:c37,37,37,0.0,0.0,600.000080384,0.0,0.0,0.0
adfe200,FCGIAdServer,bid-request,290884,291943,bid-request:c19,19,19,0.0,0.0,600.000080384,0.0,0.0,0.0
adfe200,FCGIAdServer,bid-request,290884,291944,bid-request:c45,45,45,0.0,0.0,600.000080384,0.0,0.0,0.0
adfe200,FCGIAdServer,bid-request,290884,291945,bid-request:c57,57,57,0.0,0.0,600.000080384,0.0,0.0,0.0
adfe200,FCGIAdServer,bid-request,290884,291946,bid-request:c7,7,7,0.0,0.0,600.000080384,0.0,0.0,0.0
adfe200,FCGIAdServer,bid-request,290884,291947,bid-request:c70,70,70,0.0,0.0,600.000080384,0.0,0.0,0.0
adfe200,FCGIAdServer,bid-request,290884,291948,bid-request:c14,14,14,0.0,0.0,600.000080384,0.0,0.0,0.0
adfe200,FCGIAdServer,bid-request,290884,291949,bid-request:c53,53,53,0.0,0.0,600.000080384,0.0,0.0,0.0
adfe200,FCGIAdServer,bid-request,290884,291950,bid-request:c42,42,42,0.0,0.0,600.000080384,0.0,0.0,0.0
adfe200,FCGIAdServer,bid-request,290884,291951,bid-request:c2,2,2,0.0,0.0,600.000080384,0.0,0.0,0.0
adfe200,FCGIAdServer,bid-request,290884,291952,bid-request:c16,16,16,0.0,0.0,600.000080384,0.0,0.0,0.0
adfe200,FCGIAdServer,bid-request,290884,291953,bid-request:c54,54,54,0.0,0.0,600.000080384,0.0,0.0,0.0
adfe200,FCGIAdServer,bid-request,290884,291954,bid-request:c56,56,56,0.0,0.0,600.000080384,0.0,0.0,0.0
adfe200,FCGIAdServer,bid-request,290884,291955,bid-request:c36,36,36,0.0,0.0,600.000080384,0.0,0.0,0.0
adfe200,FCGIAdServer,bid-request,290884,291956,bid-request:c28,28,28,0.0,0.0,600.000080384,0.0,0.0,0.0
adfe200,FCGIAdServer,bid-request,290884,291957,bid-request:c51,51,51,0.0,0.0,600.000080384,0.0,0.0,0.0
adfe200,FCGIAdServer,bid-request,290884,291958,bid-request:c52,52,52,0.0,0.0,600.000080384,0.0,0.0,0.0
adfe200,FCGIAdServer,bid-request,290884,291959,bid-request:c38,38,38,0.0,0.0,600.000080384,0.0,0.0,0.0
adfe200,FCGIAdServer,bid-request,290884,291960,bid-request:c20,20,20,0.0,0.0,600.000080384,0.0,0.0,0.0
adfe200,FCGIAdServer,bid-request,290884,291961,bid-request:c4,4,4,0.0,0.0,600.000080384,0.0,0.0,0.0
adfe200,FCGIAdServer,bid-request,290884,291962,bid-request:c21,21,21,0.0,0.0,600.000080384,0.0,0.0,0.0
adfe200,FCGIAdServer,bid-request,290884,291963,bid-request:c23,23,23,0.000203412,0.0,600.000080384,3.390199545803666e-05,0.0,3.390199545803666e-05
adfe200,FCGIAdServer,bid-request,290884,291964,bid-request:c11,11,11,0.0,0.0,600.000080384,0.0,0.0,0.0
adfe200,FCGIAdServer,bid-request,290884,291965,bid-request:c47,47,47,0.0,0.0,600.000080384,0.0,0.0,0.0
adfe200,FCGIAdServer,bid-request,290884,291966,bid-request:c24,24,24,0.0,0.0,600.000080384,0.0,0.0,0.0
adfe200,FCGIAdServer,bid-request,290884,291967,bid-request:c41,41,41,0.0,0.0,600.000080384,0.0,0.0,0.0
adfe200,FCGIAdServer,bid-request,290884,291968,bid-request:c39,39,39,0.0,0.0,600.000080384,0.0,0.0,0.0
adfe200,FCGIAdServer,bid-request,290884,291969,bid-request:c62,62,62,0.0,0.0,600.000080384,0.0,0.0,0.0
adfe200,FCGIAdServer,bid-request,290884,291970,bid-request:c61,61,61,0.0,0.0,600.000080384,0.0,0.0,0.0
adfe200,FCGIAdServer,bid-request,290884,291971,bid-request:c64,64,64,0.0,0.0,600.000080384,0.0,0.0,0.0
adfe200,FCGIAdServer,bid-request,290884,291972,bid-request:c69,69,69,0.0,0.0,600.000080384,0.0,0.0,0.0
adfe200,FCGIAdServer,bid-request,290884,291973,bid-request:c71,71,71,0.0,0.0,600.000080384,0.0,0.0,0.0
adfe200,FCGIAdServer,bid-request,290884,291974,bid-request:c43,43,43,0.0,0.0,600.000080384,0.0,0.0,0.0
adfe200,FCGIAdServer,bid-request,290884,291975,bid-request:c48,48,48,0.0,0.0,600.000080384,0.0,0.0,0.0
adfe200,FCGIAdServer,bid-request,290884,291976,bid-request:c40,40,40,0.0,0.0,600.000080384,0.0,0.0,0.0
adfe200,FCGIAdServer,bid-request,290884,291977,bid-request:c8,8,8,0.0,0.0,600.000080384,0.0,0.0,0.0
adfe200,FCGIAdServer,bid-request,290884,291978,bid-request:c25,25,25,0.0,0.0,600.000080384,0.0,0.0,0.0
adfe200,FCGIAdServer,bid-request,290884,291979,bid-request:c59,59,59,0.0,0.0,600.000080384,0.0,0.0,0.0
adfe200,FCGIAdServer,bid-request,290884,291980,bid-request:c10,10,10,0.0,0.0,600.000080384,0.0,0.0,0.0
adfe200,FCGIAdServer,bid-request,290884,291981,bid-request:c18,18,18,0.0,0.0,600.000080384,0.0,0.0,0.0
adfe200,FCGIAdServer,bid-request,290884,291982,bid-request:c9,9,9,0.0,0.0,600.000080384,0.0,0.0,0.0
adfe200,FCGIAdServer,bid-request,290884,291983,bid-request:c13,13,13,0.0,0.0,600.000080384,0.0,0.0,0.0
adfe200,FCGIAdServer,bid-request,290884,291984,bid-request:c32,32,32,0.0,0.0,600.000080384,0.0,0.0,0.0
adfe200,FCGIAdServer,bid-request,290884,291985,bid-request:c60,60,60,0.0,0.0,600.000080384,0.0,0.0,0.0
adfe200,FCGIAdServer,bid-request,290884,291986,bid-request:c35,35,35,0.0,0.0,600.000080384,0.0,0.0,0.0
adfe200,FCGIAdServer,bid-request,290884,291987,bid-request:c0,0,0,0.0,0.0,600.000080384,0.0,0.0,0.0
adfe200,FCGIAdServer,bid-request,290884,291988,bid-request:c23,23,23,0.0,0.0,600.000080384,0.0,0.0,0.0
adfe200,FCGIAdServer,bid-request,290884,291989,bid-request:c12,12,12,0.0,0.0,600.000080384,0.0,0.0,0.0
adfe200,FCGIAdServer,bid-request,290884,291990,bid-request:c66,66,66,0.0,0.0,600.000080384,0.0,0.0,0.0
adfe200,FCGIAdServer,bid-request,290884,291991,bid-request:c46,46,46,0.0,0.0,600.000080384,0.0,0.0,0.0
adfe200,FCGIAdServer,bid-request,290884,291992,bid-request:c67,67,67,0.0,0.0,600.000080384,0.0,0.0,0.0
adfe200,FCGIAdServer,bid-request,290884,291993,bid-request:c26,26,26,0.0,0.0,600.000080384,0.0,0.0,0.0
adfe200,FCGIAdServer,bid-request,290884,291994,bid-request:c3,3,3,0.0,0.0,600.000080384,0.0,0.0,0.0
adfe200,FCGIAdServer,bid-request,290884,291995,bid-request:c58,58,58,0.0,0.0,600.000080384,0.0,0.0,0.0
adfe200,FCGIAdServer,bid-request,290884,291996,bid-request:c27,27,27,0.0,0.0,600.000080384,0.0,0.0,0.0
adfe200,FCGIAdServer,bid-request,290884,291997,bid-request:c55,55,55,0.0,0.0,600.000080384,0.0,0.0,0.0
adfe200,FCGIAdServer,bid-request,290884,291998,bid-request:c1,1,1,0.0,0.0,600.000080384,0.0,0.0,0.0
adfe200,FCGIAdServer,bid-request,290884,291999,bid-request:c33,33,33,0.0,0.0,600.000080384,0.0,0.0,0.0
adfe200,FCGIAdServer,bid-request,290884,292000,bid-request:c5,5,5,0.0,0.0,600.000080384,0.0,0.0,0.0
adfe200,FCGIAdServer,bid-request,290884,292001,bid-request:c34,34,34,0.0,0.0,600.000080384,0.0,0.0,0.0
adfe200,FCGIAdServer,bid-request,290884,292002,bid-request:c44,44,44,0.0,0.0,600.000080384,0.0,0.0,0.0
adfe200,FCGIAdServer,bid-request,290884,292003,bid-request:c22,22,22,0.0,0.0,600.000080384,0.0,0.0,0.0
adfe200,FCGIAdServer,bid-request,290884,292004,bid-request:c17,17,17,0.0,0.0,600.000080384,0.0,0.0,0.0
adfe200,FCGIAdServer,bid-request,290884,292005,bid-request:c29,29,29,0.0,0.0,600.000080384,0.0,0.0,0.0
adfe200,FCGIAdServer,bid-request,290884,292006,bid-request:c63,63,63,0.0,0.0,600.000080384,0.0,0.0,0.0
adfe200,FCGIAdServer,bid-request,290884,292007,bid-request:c15,15,15,0.0,0.0,600.000080384,0.0,0.0,0.0
adfe200,FCGIAdServer,bid-request,290884,292008,bid-request:c31,31,31,0.0,0.0,600.000080384,0.0,0.0,0.0
adfe200,FCGIAdServer,bid-request,290884,292009,bid-request:c49,49,49,0.0,0.0,600.000080384,0.0,0.0,0.0
adfe200,FCGIAdServer,bid-request,290884,292010,bid-request:c65,65,65,0.0,0.0,600.000080384,0.0,0.0,0.0
adfe200,FCGIAdServer,bid-request,290884,292011,bid-request:c68,68,68,0.0,0.0,600.000080384,0.0,0.0,0.0
adfe200,FCGIAdServer,bid-request,290884,292012,bid-request:c30,30,30,0.0,0.0,600.000080384,0.0,0.0,0.0
adfe200,FCGIAdServer,bid-request,290884,292013,bid-request:c6,6,6,0.0,0.0,600.000080384,0.0,0.0,0.0
adfe200,FCGIAdServer,bid-request,290884,292014,bid-request:c50,50,50,0.0,0.0,600.000080384,0.0,0.0,0.0
adfe200,FCGIAdServer,bid-request,290884,292015,bid-request:c19,19,19,0.0,0.0,600.000080384,0.0,0.0,0.0
adfe200,FCGIAdServer,bid-request,290884,292016,bid-request:c45,45,45,0.0,0.0,600.000080384,0.0,0.0,0.0
adfe200,FCGIAdServer,bid-request,290884,292017,bid-request:c37,37,37,0.0,0.0,600.000080384,0.0,0.0,0.0
adfe200,FCGIAdServer,bid-request,290884,292018,bid-request:c57,57,57,0.0,0.0,600.000080384,0.0,0.0,0.0
adfe200,FCGIAdServer,bid-request,290884,292019,bid-request:c7,7,7,0.0,0.0,600.000080384,0.0,0.0,0.0
adfe200,FCGIAdServer,bid-request,290884,292020,bid-request:c70,70,70,0.0,0.0,600.000080384,0.0,0.0,0.0
adfe200,FCGIAdServer,bid-request,290884,292021,bid-request:c53,53,53,0.0,0.0,600.000080384,0.0,0.0,0.0
adfe200,FCGIAdServer,bid-request,290884,292022,bid-request:c42,42,42,0.0,0.0,600.000080384,0.0,0.0,0.0
adfe200,FCGIAdServer,bid-request,290884,292023,bid-request:c2,2,2,0.0,0.0,600.000080384,0.0,0.0,0.0
adfe200,FCGIAdServer,bid-request,290884,292024,bid-request:c16,16,16,0.0,0.0,600.000080384,0.0,0.0,0.0
adfe200,FCGIAdServer,bid-request,290884,292025,bid-request:c54,54,54,0.0,0.0,600.000080384,0.0,0.0,0.0
adfe200,FCGIAdServer,bid-request,290884,292026,bid-request:c56,56,56,0.0,0.0,600.000080384,0.0,0.0,0.0
adfe200,FCGIAdServer,bid-request,290884,292027,bid-request:c36,36,36,0.0,0.0,600.000080384,0.0,0.0,0.0
adfe200,FCGIAdServer,bid-request,290884,292028,bid-request:c14,14,14,0.0,0.0,600.000080384,0.0,0.0,0.0
adfe200,FCGIAdServer,bid-request,290884,292029,bid-request:c51,51,51,0.0,0.0,600.000080384,0.0,0.0,0.0
adfe200,FCGIAdServer,bid-request,290884,292030,bid-request:c52,52,52,0.0,0.0,600.000080384,0.0,0.0,0.0
adfe200,FCGIAdServer,bid-request,290884,292031,bid-request:c28,28,28,0.0,0.0,600.000080384,0.0,0.0,0.0
adfe200,FCGIAdServer,bid-request,290884,292032,bid-request:c20,20,20,0.0,0.0,600.000080384,0.0,0.0,0.0
adfe200,FCGIAdServer,bid-request,290884,292033,bid-request:c4,4,4,0.0,0.0,600.000080384,0.0,0.0,0.0
adfe200,FCGIAdServer,bid-request,290884,292034,bid-request:c21,21,21,0.0,0.0,600.000080384,0.0,0.0,0.0
adfe200,FCGIAdServer,bid-request,290884,292035,bid-request:c38,38,38,0.0,0.0,600.000080384,0.0,0.0,0.0
adfe200,FCGIAdServer,bid-request,290884,292036,bid-request:c11,11,11,0.0,0.0,600.000080384,0.0,0.0,0.0
adfe200,FCGIAdServer,bid-request,290884,292037,bid-request:c47,47,47,0.0,0.0,600.000080384,0.0,0.0,0.0
adfe200,FCGIAdServer,bid-request,290884,292038,bid-request:c24,24,24,0.0,0.0,600.000080384,0.0,0.0,0.0
adfe200,FCGIAdServer,bid-request,290884,292039,bid-request:c41,41,41,0.0,0.0,600.000080384,0.0,0.0,0.0
adfe200,FCGIAdServer,bid-request,290884,292040,bid-request:c39,39,39,0.0,0.0,600.000080384,0.0,0.0,0.0
adfe200,FCGIAdServer,bid-request,290884,292041,bid-request:c62,62,62,0.0,0.0,600.000080384,0.0,0.0,0.0
adfe200,FCGIAdServer,bid-request,290884,292042,bid-request:c61,61,61,0.0,0.0,600.000080384,0.0,0.0,0.0
adfe200,FCGIAdServer,bid-request,290884,292043,bid-request:c64,64,64,0.0,0.0,600.000080384,0.0,0.0,0.0
adfe200,FCGIAdServer,bid-request,290884,292044,bid-request:c69,69,69,0.0,0.0,600.000080384,0.0,0.0,0.0
adfe200,FCGIAdServer,bid-request,290884,292045,bid-request:c71,71,71,0.0,0.0,600.000080384,0.0,0.0,0.0
adfe200,FCGIAdServer,bid-request,290884,292046,bid-request:c43,43,43,0.0,0.0,600.000080384,0.0,0.0,0.0
adfe200,FCGIAdServer,bid-request,290884,292047,bid-request:c48,48,48,0.000236914,0.0,600.000080384,3.948566137664099e-05,0.0,3.948566137664099e-05
adfe200,FCGIAdServer,bid-request,290884,292048,bid-request:c40,40,40,0.0,0.0,600.000080384,0.0,0.0,0.0
adfe200,FCGIAdServer,bid-request,290884,292049,bid-request:c8,8,8,0.000202924,0.000130129,600.000080384,3.3820662135599826e-05,2.1688163761031075e-05,5.55088258966309e-05
adfe200,FCGIAdServer,bid-request,290884,292050,bid-request:c25,25,25,0.000129165,0.0,600.000080384,2.1527497115889454e-05,0.0,2.1527497115889454e-05
adfe200,FCGIAdServer,bid-request,290884,292051,bid-request:c59,59,59,0.0,0.0,600.000080384,0.0,0.0,0.0
adfe200,FCGIAdServer,bid-request,290884,292052,bid-request:c10,10,10,0.000207378,0.000948172,600.000080384,3.45629953694803e-05,0.00015802864549504226,0.00019259164086452254
adfe200,FCGIAdServer,bid-request,290884,292053,bid-request:c18,18,18,0.000105974,6.1273e-05,600.000080384,1.766233096705198e-05,1.0212165298508842e-05,2.787449626556082e-05
adfe200,FCGIAdServer,bid-request,290884,292054,bid-request:c9,9,9,0.000220721,0.000702983,600.000080384,3.678682840487931e-05,0.00011716381763650614,0.00015395064604138546
adfe200,FCGIAdServer,bid-request,290884,292055,bid-request:c13,13,13,0.0,0.0,600.000080384,0.0,0.0,0.0
adfe200,FCGIAdServer,bid-request,290884,292056,bid-request:c32,32,32,0.000262086,0.000443998,600.000080384,4.368099414791161e-05,7.399965675268599e-05,0.00011768065090059759
adfe200,FCGIAdServer,bid-request,290884,292057,bid-request:c60,60,60,0.000196532,0.000250558,600.000080384,3.275532894499273e-05,4.175966107198568e-05,7.45149900169784e-05
adfe200,FCGIAdServer,bid-request,290884,292058,bid-request:c35,35,35,0.00038449,0.00582497,600.000080384,6.408165808143333e-05,0.0009708282032682428,0.0010349098613496761
adfe200,FCGIAdServer,bid-request,290884,292059,bid-request:c0,0,0,0.0,0.0,600.000080384,0.0,0.0,0.0
adfe200,FCGIAdServer,bid-request,290884,292060,bid-request:c29,29,29,0.0,0.0,600.000080384,0.0,0.0,0.0
adfe200,FCGIRtbServer,bid-request,290887,291356,bid-request:c2,2,2,314.392058211,136.470740368,600.000080384,52.39866934847561,22.745120347427076,75.14378969590268
adfe200,FCGIRtbServer,bid-request,290887,291357,bid-request:c3,3,3,310.564398256,178.843721292,600.000080384,51.76072610810965,29.807282888618953,81.56800899672861
adfe200,FCGIRtbServer,bid-request,290887,291358,bid-request:c7,7,7,328.594386866,120.803758798,600.000080384,54.76572380718676,20.13395710225332,74.89968090944008
adfe200,FCGIRtbServer,bid-request,290887,291359,bid-request:c4,4,4,345.086465388,123.021162562,600.000080384,57.51440319260369,20.503524346741166,78.01792753934485
adfe200,FCGIRtbServer,bid-request,290887,291364,bid-request:c12,12,12,150.827294313,376.113725206,600.000080384,25.137879017694555,62.685612469466214,87.82349148716077
adfe200,FCGIRtbServer,bid-request,290887,291365,bid-request:c6,6,6,406.674001944,85.584269222,600.000080384,67.77899124342261,14.26404295933195,82.04303420275455
adfe200,FCGIRtbServer,bid-request,290887,291366,bid-request:c8,8,8,341.36884432,135.639986501,600.000080384,56.89479976428069,22.60666138814355,79.50146115242424
adfe200,FCGIRtbServer,bid-request,290887,291367,bid-request:c9,9,9,253.625862029,254.203263451,600.000080384,42.2709713416504,42.367204899091,84.6381762407414
adfe200,FCGIRtbServer,bid-request,290887,291368,bid-request:c10,10,10,187.131432567,305.946155967,600.000080384,31.188567916063594,50.99101916306319,82.17958707912679
adfe200,FCGIRtbServer,bid-request,290887,291369,bid-request:c11,11,11,249.817244327,278.394744364,600.000080384,41.63620180969259,46.399117844422186,88.03531965411477
adfe200,FCGIRtbServer,bid-request,290887,291370,bid-request:c38,38,38,191.757278313,343.821248234,600.000080384,31.95954210377361,57.303533695187916,89.26307579896152
adfe200,FCGIRtbServer,bid-request,290887,291371,bid-request:c13,13,13,141.674326223,389.010165557,600.000080384,23.61238454040347,64.83501890666973,88.4474034470732
adfe200,FCGIRtbServer,bid-request,290887,291372,bid-request:c14,14,14,204.841727507,308.650320902,600.000080384,34.140283343945775,51.441713258515534,85.5819966024613
adfe200,FCGIRtbServer,bid-request,290887,291373,bid-request:c15,15,15,222.791059396,292.403057193,600.000080384,37.13183825799052,48.7338363364655,85.86567459445602
adfe200,FCGIRtbServer,bid-request,290887,291374,bid-request:c16,16,16,183.347039306,347.735420294,600.000080384,30.55783579039821,57.95589561778881,88.51373140818703
adfe200,FCGIRtbServer,bid-request,290887,291375,bid-request:c17,17,17,243.145030789,269.799186659,600.000080384,40.524166369009016,44.96652508551808,85.4906914545271
adfe200,FCGIRtbServer,bid-request,290887,291376,bid-request:c36,36,36,181.796428261,324.552613526,600.000080384,30.299400650854963,54.092095007435056,84.39149565829001
adfe200,FCGIRtbServer,bid-request,290887,291377,bid-request:c37,37,37,249.242208556,291.362988799,600.000080384,41.54036252736583,48.56049162735574,90.10085415472156
adfe200,FCGIRtbServer,bid-request,290887,291378,bid-request:c5,5,5,439.311068728,75.646538715,600.000080384,73.21850164533994,12.607754763397068,85.82625640873701
adfe200,FCGIRtbServer,bid-request,290887,291379,bid-request:c39,39,39,186.408186721,343.918384964,600.000080384,31.068026957879535,57.31972314801896,88.38775010589849
adfe200,FCGIRtbServer,event_engine,290887,291020,event_engine:c1,1,1,31.762795665,76.528181993,600.000080384,5.29379856827216,12.754695290044289,18.04849385831645
adfe200,FCGIRtbServer,event_engine,290887,291022,event_engine:c2,2,2,20.071411025,229.853162098,600.000080384,3.3452347226610866,38.308855217301634,41.654089939962724
adfe200,FCGIRtbServer,event_engine,290887,291023,event_engine:c3,3,3,13.801636598,357.844377126,600.000080384,2.3002724581581644,59.640721530733735,61.940993988891904
adfe200,FCGIRtbServer,event_engine,290887,291027,event_engine:c4,4,4,23.762101389,185.294452596,600.000080384,3.9603497009187496,30.88240462858131,34.84275432950006
adfe200,FCGIRtbServer,event_engine,290887,291028,event_engine:c5,5,5,17.578104596,298.944649747,600.000080384,2.9296837068338415,49.82410161606569,52.75378532289954
adfe200,FCGIRtbServer,event_engine,290887,291029,event_engine:c6,6,6,20.031494588,229.216645385,600.000080384,3.3385819840523765,38.20276911268101,41.541351096733386
adfe200,FCGIRtbServer,event_engine,290887,291030,event_engine:c7,7,7,19.577957782,240.840632172,600.000080384,3.262992526512681,40.140099984297,43.403092510809685
adfe200,FCGIRtbServer,event_engine,290887,291031,event_engine:c8,8,8,21.647559624,171.152222647,600.000080384,3.607926120634111,28.525366619528217,32.133292740162325
adfe200,FCGIRtbServer,event_engine,290887,291032,event_engine:c9,9,9,13.73993713,320.394506231,600.000080384,2.2899892148691783,53.39907721778096,55.68906643265014
adfe200,FCGIRtbServer,event_engine,290887,291033,event_engin:c10,10,10,16.805385148,253.216329387,600.000080384,2.8008971494211394,42.20271591046147,45.00361305988261
adfe200,FCGIRtbServer,event_engine,290887,291034,event_engin:c11,11,11,19.743473131,242.847567658,600.000080384,3.290578414316908,40.47458918715104,43.765167601467944
adfe200,FCGIRtbServer,event_engine,290887,291035,event_engin:c12,12,12,20.150974808,187.476296682,600.000080384,3.358495351384516,31.246045260863163,34.60454061224768
adfe200,FCGIRtbServer,event_engine,290887,291036,event_engin:c13,13,13,16.548909775,249.867549054,600.000080384,2.7581512596479487,41.64458592973601,44.402737189383956
adfe200,FCGIRtbServer,event_engine,290887,291037,event_engin:c14,14,14,15.852469907,278.549763069,600.000080384,2.6420779638653418,46.42495429179412,49.06703225565946
adfe200,FCGIRtbServer,event_engine,290887,291039,event_engin:c15,15,15,13.39704282,278.638404115,600.000080384,2.2328401708589594,46.43972779748153,48.672567968340495
adfe200,FCGIRtbServer,event_engine,290887,291040,event_engin:c16,16,16,20.732198713,216.533113379,600.000080384,3.455365989239767,36.08884739489015,39.54421338412992
adfe200,FCGIRtbServer,fast-scheduler,290887,290992,fast-schedu:c12,12,12,24.302797952,309.258336434,600.000080384,4.0504657826789305,51.54304916693923,55.59351494961816
adfe200,FCGIRtbServer,fast-scheduler,290887,290994,fast-schedu:c14,14,14,24.126397559,400.202923758,600.000080384,4.021065721117755,66.70047835691457,70.72154407803234
adfe200,FCGIRtbServer,fast-scheduler,290887,290995,fast-schedu:c39,39,39,25.845921727,319.862976088,600.000080384,4.307653044056029,53.31048887248277,57.618141916538804
adfe200,FCGIRtbServer,fast-scheduler,290887,290996,fast-schedu:c13,13,13,24.839868967,374.20265771,600.000080384,4.139977606520067,62.36710126280489,66.50707886932496
adfe200,FCGIRtbServer,fast-scheduler,290887,290997,fast-schedu:c15,15,15,23.381881342,420.830853399,600.000080384,3.8969797015753063,70.1384661698159,74.0354458713912
adfe200,FCGIRtbServer,fast-scheduler,290887,290998,fast-schedu:c16,16,16,24.937102782,337.704523422,600.000080384,4.156183240182277,56.284079696434226,60.440262936616506
adfe200,FCGIRtbServer,fast-scheduler,290887,290999,fast-schedu:c17,17,17,23.265681065,427.911221041,600.000080384,3.8776129913365955,71.31852728538584,75.19614027672243
adfe200,FCGIRtbServer,fast-scheduler,290887,291000,fast-schedu:c36,36,36,25.18419459,356.504929163,600.000080384,4.197365202664993,59.41748023347545,63.61484543614044
adfe200,FCGIRtbServer,fast-scheduler,290887,291001,fast-schedu:c37,37,37,23.793022248,390.715803262,600.000080384,3.965503176728321,65.11929181941808,69.0847949961464
adfe200,FCGIRtbServer,fast-scheduler,290887,291002,fast-schedu:c38,38,38,25.917469481,333.768775932,600.000080384,4.319577668125114,55.62812186931509,59.9476995374402
adfe200,FCGIRtbServer,fcgi-accept,290887,291399,fcgi-accept:c13,13,13,75.742085331,421.509802622,600.000080384,12.62367919726362,70.25162435848904,82.87530355575267
adfe200,FCGIRtbServer,fcgi-accept,290887,291401,fcgi-accept:c15,15,15,69.243424285,444.702315456,600.000080384,11.540569168038147,74.11704264629275,85.65761181433089
adfe200,FCGIRtbServer,fcgi-accept,290887,291402,fcgi-accept:c12,12,12,110.901990881,371.516581821,600.000080384,18.483662670515432,61.91942200794863,80.40308467846407
adfe200,FCGIRtbServer,fcgi-accept,290887,291403,fcgi-accept:c14,14,14,74.846516081,427.852420089,600.000080384,12.474417675594015,71.30872712803213,83.78314480362614
adfe200,FCGIRtbServer,fcgi-accept,290887,291406,fcgi-accept:c16,16,16,99.670403148,386.05240758,600.000080384,16.611731632470942,64.34205930987984,80.95379094235078
adfe200,FCGIRtbServer,fcgi-accept,290887,291407,fcgi-accept:c17,17,17,65.240857855,451.053299037,600.000080384,10.873474852410995,75.17553976798236,86.04901462039335
adfe200,FCGIRtbServer,fcgi-accept,290887,291408,fcgi-accept:c36,36,36,86.104109784,392.925839492,600.000080384,14.350683041391157,65.4876311417371,79.83831418312826
adfe200,FCGIRtbServer,fcgi-accept,290887,291409,fcgi-accept:c37,37,37,81.937330621,425.054902719,600.000080384,13.65621994059736,70.84247429549758,84.49869423609493
adfe200,FCGIRtbServer,fcgi-accept,290887,291415,fcgi-accept:c38,38,38,80.640606366,404.100776902,600.000080384,13.440099260385102,67.35012046054653,80.79021972093163
adfe200,FCGIRtbServer,fcgi-accept,290887,291423,fcgi-accept:c40,40,40,85.540674472,362.427446142,600.000080384,14.256777168638706,60.40456626439891,74.66134343303762
adfe200,FCGIRtbServer,fcgi-accept,290887,291506,fcgi-accept:c41,41,41,101.910254962,350.042414598,600.000080384,16.98504021812421,58.340394616942866,75.32543483506707
adfe200,FCGIRtbServer,fcgi-accept,290887,291516,fcgi-accept:c39,39,39,87.534635571,393.374669711,600.000080384,14.58910397394911,65.56243616821521,80.15154014216432
adfe200,FCGIRtbServer,fcgi-accept,290887,291607,fcgi-accept:c43,43,43,122.597548091,138.544809295,600.000080384,20.432921944366672,23.090798455615428,43.523720399982096
adfe200,FCGIRtbServer,fcgi-accept,290887,291613,fcgi-accept:c44,44,44,93.965135452,198.34180686,600.000080384,15.66085381052988,33.05696338124842,48.71781719177831
adfe200,FCGIRtbServer,fcgi-accept,290887,291621,fcgi-accept:c45,45,45,121.164347218,147.515390656,600.000080384,20.19405516420178,24.58589514881234,44.77995031301412
adfe200,FCGIRtbServer,fcgi-accept,290887,291625,fcgi-accept:c42,42,42,54.224994145,394.262303895,600.000080384,9.03749781338296,65.710375179062,74.74787299244497
adfe200,FCGIRtbServer,grpc-asio-p,290887,291345,grpc-asio-p:c38,38,38,44.704063163,318.849074536,600.000080384,7.450676195641408,53.14150530312206,60.59218149876347
adfe200,FCGIRtbServer,grpc-asio-p,290887,291346,grpc-asio-p:c40,40,40,48.189988716,296.824475899,600.000080384,8.031663709971241,49.47073935540681,57.50240306537805
adfe200,FCGIRtbServer,grpc-asio-p,290887,291347,grpc-asio-p:c47,47,47,83.476984722,171.554415655,600.000080384,13.912828923051933,28.592398778547693,42.50522770159963
adfe200,FCGIRtbServer,grpc-asio-p,290887,291348,grpc-asio-p:c41,41,41,56.678188458,284.019810097,600.000080384,9.446363477439197,47.336628674320735,56.782992151759935
adfe200,FCGIRtbServer,grpc-asio-p,290887,291350,grpc-asio-p:c42,42,42,59.069502827,283.732385546,600.000080384,9.844915818877144,47.28872458890527,57.133640407782416
adfe200,FCGIRtbServer,grpc-asio-p,290887,291351,grpc-asio-p:c43,43,43,123.820151256,77.272629686,600.000080384,20.63668911123397,12.878769888921601,33.51545900015557
adfe200,FCGIRtbServer,grpc-asio-p,290887,291352,grpc-asio-p:c44,44,44,96.578072682,124.802667119,600.000080384,16.096343290519236,20.80044173312882,36.89678502364806
adfe200,FCGIRtbServer,grpc-asio-p,290887,291353,grpc-asio-p:c45,45,45,122.270235789,82.497768612,600.000080384,20.378369901341856,13.749626259916738,34.127996161258594
adfe200,FCGIRtbServer,grpc-asio-p,290887,291354,grpc-asio-p:c46,46,46,113.649835563,106.164754159,600.000080384,18.94163672282579,17.694123322625984,36.635760045451775
adfe200,FCGIRtbServer,grpc-asio-p,290887,291355,grpc-asio-p:c39,39,39,47.942476057,307.636733395,600.000080384,7.9904116056645895,51.27278202998115,59.26319363564574
adfe200,FCGIRtbServer,grpc-common,290887,291329,grpc-common:c52,52,52,130.469251188,82.35797332,600.000080384,21.744872284766977,13.726327047704878,35.471199332471855
adfe200,FCGIRtbServer,grpc-common,290887,291330,grpc-common:c53,53,53,95.156294287,72.96813029,600.000080384,15.85938025643263,12.161353419036278,28.020733675468907
adfe200,FCGIRtbServer,grpc-common,290887,291331,grpc-common:c1,1,1,88.258662207,84.117862696,600.000080384,14.709775063782402,14.019641904408509,28.72941696819091
adfe200,FCGIRtbServer,grpc-common,290887,291332,grpc-common:c0,0,0,134.934016659,124.595032755,600.000080384,22.488999763573737,20.76583601043173,43.25483577400547
adfe200,FCGIRtbServer,grpc-common,290887,291333,grpc-common:c2,2,2,59.360380545,227.926760341,600.000080384,9.893395432048836,37.98778830081604,47.881183732864876
adfe200,FCGIRtbServer,grpc-common,290887,291334,grpc-common:c3,3,3,91.215484271,370.995693718,600.000080384,15.202578675093193,61.832607335746154,77.03518601083935
adfe200,FCGIRtbServer,grpc-common,290887,291335,grpc-common:c4,4,4,78.313865134,199.576580525,600.000080384,13.052309107005309,33.26275896451064,46.315068071515945
adfe200,FCGIRtbServer,grpc-common,290887,291336,grpc-common:c5,5,5,54.244312653,311.567133019,600.000080384,9.040717564284932,51.92784854621971,60.96856611050464
adfe200,FCGIRtbServer,grpc-common,290887,291337,grpc-common:c6,6,6,56.25643617,240.803559277,600.000080384,9.376071438856457,40.13392116929147,49.509992608147925
adfe200,FCGIRtbServer,grpc-common,290887,291338,grpc-common:c7,7,7,40.295511292,208.65189572,600.000080384,6.715917648912793,34.77531129436896,41.491228943281754
adfe200,FCGIRtbServer,grpc-common,290887,291339,grpc-common:c8,8,8,88.184067384,211.345575683,600.000080384,14.69734259494802,35.224257894722086,49.92160048967011
adfe200,FCGIRtbServer,grpc-common,290887,291340,grpc-common:c9,9,9,64.35183888,359.391797218,600.000080384,10.725305043095132,59.898624844848236,70.62392988794338
adfe200,FCGIRtbServer,grpc-common,290887,291341,grpc-common:c10,10,10,62.096474313,282.893744966,600.000080384,10.34941099895491,47.14895117763118,57.49836217658609
adfe200,FCGIRtbServer,grpc-common,290887,291342,grpc-common:c11,11,11,45.684599343,206.279404988,600.000080384,7.614098870413794,34.379896225344034,41.99399509575783
adfe200,FCGIRtbServer,grpc-common,290887,291343,grpc-common:c12,12,12,91.803189134,272.777711708,600.000080384,15.300529472470398,45.462945860510935,60.76347533298133
adfe200,FCGIRtbServer,grpc-common,290887,291344,grpc-common:c13,13,13,84.383015773,327.439882695,600.000080384,14.063834077987936,54.57330647113222,68.63714054912016
adfe200,FCGIRtbServer,grpc_global,290887,291017,grpc_global:c11,11,11,0.030600106,0.823279492,600.000080384,0.005100016983400391,0.13721323028375282,0.14231324726715322
adfe200,FCGIRtbServer,http-server,290887,291323,http-server:c10,10,10,0.0,0.0,600.000080384,0.0,0.0,0.0
adfe200,FCGIRtbServer,http-server,290887,291324,http-server:c11,11,11,0.0,0.0,600.000080384,0.0,0.0,0.0
adfe200,FCGIRtbServer,http-server,290887,291325,http-server:c12,12,12,0.00012038,0.000324119,600.000080384,2.006333064538205e-05,5.4019826096117164e-05,7.408315674149922e-05
adfe200,FCGIRtbServer,http-server,290887,291326,http-server:c13,13,13,0.0,0.0,600.000080384,0.0,0.0,0.0
adfe200,FCGIRtbServer,jemalloc_bg,290887,290977,jemalloc_bg:c53,53,53,10.861751344,1.03625699,600.000080384,1.8102916481358602,0.17270947519486923,1.9830011233307294
adfe200,FCGIRtbServer,jemalloc_bg,290887,291007,jemalloc_bg_:c0,0,0,8.852229396,1.165479609,600.000080384,1.47537136833958,0.1942465754761388,1.6696179438157186
adfe200,FCGIRtbServer,jemalloc_bg,290887,291055,jemalloc_bg_:c1,1,1,9.311664841,0.836045838,600.000080384,1.551943932247565,0.13934095433202787,1.6912848865795929
adfe200,FCGIRtbServer,jemalloc_bg,290887,291066,jemalloc_bg_:c2,2,2,8.161974494,2.343657759,600.000080384,1.360328900085536,0.3906095741687333,1.7509384742542693
adfe200,FCGIRtbServer,lifeguard,290887,291041,lifeguard:c41,41,41,0.039248393,1.234779979,600.000080384,0.006541397956960444,0.2057966355954054,0.21233803355236586
adfe200,FCGIRtbServer,task-runner,290887,291327,task-runner:c1,1,1,0.006762535,0.001937325,600.000080384,0.0011270890156667942,0.0003228874567416911,0.0014499764724084853
adfe200,FCGIRtbServer,task-runner,290887,291381,task-runner:c2,2,2,0.00325282,0.17591561,600.000080384,0.0005421365940348201,0.02931926440533375,0.029861400999368574
adfe200,FCGIRtbServer,task-runner,290887,291385,task-runner:c3,3,3,41.095280798,59.958215144,600.000080384,6.849212548721497,9.99303451853319,16.842247067254686
adfe200,FCGIRtbServer,task-runner,290887,291386,task-runner:c4,4,4,0.002753051,0.055319782,600.000080384,0.0004588417718607717,0.009219962431437566,0.00967880420329834
adfe200,FCGIRtbServer,task-runner,290887,291387,task-runner:c5,5,5,0.003174038,0.146202512,600.000080384,0.000529006262460601,0.024367082068794125,0.024896088331254725
adfe200,FCGIRtbServer,task-runner,290887,291391,task-runner:c6,6,6,0.002823827,0.067032835,600.000080384,0.00047063777028042244,0.011172137669898143,0.011642775440178565
adfe200,FCGIRtbServer,task-runner,290887,291396,task-runner:c7,7,7,0.071584593,0.318089569,600.000080384,0.011930763901595792,0.053014921064080976,0.06494568496567676
adfe200,FCGIRtbServer,task-runner,290887,292127,task-runner:c8,8,8,0.070026457,0.271913088,600.000080384,0.011671074603053899,0.045318841928483684,0.056989916531537586
adfe200,FCGIRtbServer,task-runner,290887,292128,task-runner:c9,9,9,0.068455946,0.423464814,600.000080384,0.011409322804788326,0.07057745954450248,0.08198678234929081
adfe200,FCGITrackServer,bid-request,290875,291500,bid-request:c9,9,9,0.736572992,8.041410453,600.000080384,0.12276214888647904,1.3402348959442636,1.4629970448307426
adfe200,FCGITrackServer,bid-request,290875,291501,bid-request:c35,35,35,0.565915181,3.695097574,600.000080384,0.09431918419707783,0.6158495131592545,0.7101686973563324
adfe200,FCGITrackServer,bid-request,290875,291505,bid-request:c45,45,45,0.744267128,0.992409812,600.000080384,0.12404450471467755,0.16540161317392787,0.28944611788860547
adfe200,FCGITrackServer,bid-request,290875,291510,bid-request:c21,21,21,0.535238946,4.710983047,600.000080384,0.08920647904871065,0.7851637359756637,0.8743702150243744
adfe200,FCGITrackServer,bid-request,290875,291518,bid-request:c37,37,37,0.710744564,5.470239038,600.000080384,0.11845741146319906,0.91170638418899,1.030163795652189
adfe200,FCGITrackServer,bid-request,290875,291519,bid-request:c43,43,43,0.71459409,0.868389875,600.000080384,0.1190989990439101,0.1447316264431549,0.26383062548706504
adfe200,FCGITrackServer,bid-request,290875,291560,bid-request:c66,66,66,0.572521396,2.209068888,600.000080384,0.09542021988290174,0.36817809867395285,0.4635983185568546
adfe200,FCGITrackServer,bid-request,290875,291605,bid-request:c5,5,5,0.731247254,6.52489528,600.000080384,0.12187452600539683,1.0874824009730244,1.2093569269784212
adfe200,FCGITrackServer,bid-request,290875,291611,bid-request:c47,47,47,0.742368028,2.625342784,600.000080384,0.12372798809041567,0.4375570720456872,0.5612850601361029
adfe200,FCGITrackServer,bid-request,290875,291616,bid-request:c24,24,24,0.573594131,2.42522188,600.000080384,0.09559900902561543,0.40420359251416405,0.4998026015397795
adfe200,FCGITrackServer,bid-request,290875,291619,bid-request:c32,32,32,0.534109067,1.44236677,600.000080384,0.08901816590727292,0.24039442946022363,0.32941259536749656
adfe200,FCGITrackServer,bid-request,290875,291620,bid-request:c28,28,28,0.557538005,1.503781949,600.000080384,0.09292298838413084,0.2506302912555578,0.3435532796396886
adfe200,FCGITrackServer,bid-request,290875,291623,bid-request:c46,46,46,0.751712925,1.264699972,600.000080384,0.12528547071508786,0.2107833004273253,0.3360687711424132
adfe200,FCGITrackServer,bid-request,290875,291624,bid-request:c7,7,7,0.706017984,5.200244615,600.000080384,0.11766964823540499,0.8667073197176647,0.9843769679530696
adfe200,FCGITrackServer,bid-request,290875,291628,bid-request:c59,59,59,0.532961331,1.037879213,600.000080384,0.08882687659956726,0.17297984565864682,0.26180672225821405
adfe200,FCGITrackServer,bid-request,290875,291630,bid-request:c64,64,64,0.530493014,1.612133717,600.000080384,0.08841549048801535,0.2686889168361835,0.35710440732419885
adfe200,FCGITrackServer,bid-request,290875,291631,bid-request:c13,13,13,0.772431797,5.844658052,600.000080384,0.1287386155857919,0.9741095448286305,1.1028481604144225
adfe200,FCGITrackServer,bid-request,290875,291632,bid-request:c69,69,69,0.546752024,2.741571571,600.000080384,0.09112532512496978,0.4569285339504279,0.5480538590753976
adfe200,FCGITrackServer,bid-request,290875,291633,bid-request:c12,12,12,0.689332726,3.693214772,600.000080384,0.11488877227463488,0.615535712867962,0.7304244851425971
adfe200,FCGITrackServer,bid-request,290875,291634,bid-request:c70,70,70,0.564646348,3.492399957,600.000080384,0.09410771205874278,0.5820665815185998,0.6761742935773426
adfe200,FCGITrackServer,bid-request,290875,291635,bid-request:c25,25,25,0.576045582,2.653332695,600.000080384,0.09600758413754393,0.44222205658737035,0.5382296407249142
adfe200,FCGITrackServer,bid-request,290875,291636,bid-request:c30,30,30,0.58166231,3.289769938,600.000080384,0.09694370534546198,0.5482949162097691,0.645238621555231
adfe200,FCGITrackServer,bid-request,290875,291637,bid-request:c50,50,50,0.769120769,2.67822637,600.000080384,0.12818677765972344,0.4463710018648556,0.5745577795245791
adfe200,FCGITrackServer,bid-request,290875,291638,bid-request:c29,29,29,0.56539384,0.825585039,600.000080384,0.09423229404205212,0.13759748806560587,0.231829782107658
adfe200,FCGITrackServer,bid-request,290875,291639,bid-request:c34,34,34,0.552566857,4.256561393,600.000080384,0.09209446382846437,0.7094268037890596,0.801521267617524
adfe200,FCGITrackServer,bid-request,290875,291640,bid-request:c71,71,71,0.553125808,3.631594162,600.000080384,0.09218762231598361,0.605265612577215,0.6974532348931985
adfe200,FCGITrackServer,bid-request,290875,291641,bid-request:c40,40,40,0.760127799,4.368273544,600.000080384,0.12668794952719312,0.7280454931279852,0.8547334426551781
adfe200,FCGITrackServer,bid-request,290875,291642,bid-request:c55,55,55,0.550476834,1.607637928,600.000080384,0.09174612670846559,0.2679396187699028,0.3596857454783684
adfe200,FCGITrackServer,bid-request,290875,291643,bid-request:c27,27,27,0.569258347,1.143714861,600.000080384,0.094876378455762,0.19061911796212136,0.28549549641788335
adfe200,FCGITrackServer,bid-request,290875,291644,bid-request:c56,56,56,0.559613032,1.154746282,600.000080384,0.09326882617113112,0.1924576878824687,0.28572651405359983
adfe200,FCGITrackServer,bid-request,290875,291645,bid-request:c44,44,44,0.75972239,1.474395016,600.000080384,0.12662038136957876,0.2457324697450686,0.37235285111464733
adfe200,FCGITrackServer,bid-request,290875,291646,bid-request:c58,58,58,0.543695227,2.185368284,600.000080384,0.09061585902655798,0.3642279985364943,0.45484385756305223
adfe200,FCGITrackServer,bid-request,290875,291647,bid-request:c31,31,31,0.565899899,1.862435578,600.000080384,0.09431663719741906,0.31040588808055514,0.4047225252779742
adfe200,FCGITrackServer,bid-request,290875,291648,bid-request:c48,48,48,0.77105143,2.234194925,600.000080384,0.12850855444994727,0.3723657709462498,0.500874325396197
adfe200,FCGITrackServer,bid-request,290875,291649,bid-request:c38,38,38,0.719526386,4.271690661,600.000080384,0.11992104826711077,0.7119483481179066,0.8318693963850173
adfe200,FCGITrackServer,bid-request,290875,291650,bid-request:c14,14,14,0.752428598,6.813965016,600.000080384,0.12540474953244102,1.1356606838517527,1.2610654333841937
adfe200,FCGITrackServer,bid-request,290875,291651,bid-request:c4,4,4,0.718762087,3.397437333,600.000080384,0.11979366511751004,0.5662394796390094,0.6860331447565194
adfe200,FCGITrackServer,bid-request,290875,291652,bid-request:c3,3,3,0.755394204,8.969481259,600.000080384,0.125899017132889,1.4949133428881431,1.620812360021032
adfe200,FCGITrackServer,bid-request,290875,291653,bid-request:c54,54,54,0.608282799,1.858545246,600.000080384,0.10138045291772278,0.30975749950075526,0.41113795241847806
adfe200,FCGITrackServer,bid-request,290875,291654,bid-request:c61,61,61,0.549238049,1.709778503,600.000080384,0.09153966256945961,0.2849630456558842,0.3765027082253438
adfe200,FCGITrackServer,bid-request,290875,291655,bid-request:c11,11,11,0.754908802,5.049762432,600.000080384,0.12581811681039418,0.8416269592444309,0.967445076054825
adfe200,FCGITrackServer,bid-request,290875,291656,bid-request:c53,53,53,0.733041226,1.158148911,600.000080384,0.12217352129867277,0.1930247926398251,0.3151983139384979
adfe200,FCGITrackServer,bid-request,290875,291657,bid-request:c68,68,68,0.539246738,2.051490781,600.000080384,0.08987444429255445,0.3419150843591631,0.4317895286517176
adfe200,FCGITrackServer,bid-request,290875,291658,bid-request:c18,18,18,0.599376116,5.457906998,600.000080384,0.09989600594993243,0.9096510444643507,1.0095470504142832
adfe200,FCGITrackServer,bid-request,290875,291659,bid-request:c62,62,62,0.534563676,1.079655586,600.000080384,0.08909393406378867,0.17994257355916027,0.26903650762294895
adfe200,FCGITrackServer,bid-request,290875,291660,bid-request:c65,65,65,0.540606877,1.927417117,600.000080384,0.0901011340955174,0.32123614312958976,0.41133727722510716
adfe200,FCGITrackServer,bid-request,290875,291661,bid-request:c0,0,0,0.75387427,2.161569409,600.000080384,0.1256456948334941,0.36026151990122995,0.4859072147347241
adfe200,FCGITrackServer,bid-request,290875,291662,bid-request:c22,22,22,0.570704939,4.354345301,600.000080384,0.09511747709012787,0.725724119605654,0.8208415966957818
adfe200,FCGITrackServer,bid-request,290875,291663,bid-request:c33,33,33,0.538196898,2.708655815,600.000080384,0.08969947098266287,0.4514425753520667,0.5411420463347295
adfe200,FCGITrackServer,bid-request,290875,291664,bid-request:c26,26,26,0.555558952,1.453701687,600.000080384,0.09259314626165421,0.2422835820404609,0.3348767283021151
adfe200,FCGITrackServer,bid-request,290875,291665,bid-request:c39,39,39,0.727484341,3.953483488,600.000080384,0.12124737392275182,0.658913826389785,0.7801612003125369
adfe200,FCGITrackServer,bid-request,290875,291666,bid-request:c6,6,6,0.748378583,4.992187701,600.000080384,0.12472974712287335,0.8320311720300104,0.9567609191528837
adfe200,FCGITrackServer,bid-request,290875,291667,bid-request:c51,51,51,0.737769771,0.972171858,600.000080384,0.12296161202642296,0.16202862129248552,0.2849902333189085
adfe200,FCGITrackServer,bid-request,290875,291668,bid-request:c23,23,23,0.563690221,2.264860399,600.000080384,0.09394835758009204,0.3774766825948572,0.4714250401749493
adfe200,FCGITrackServer,bid-request,290875,291669,bid-request:c52,52,52,0.785396724,1.272898722,600.000080384,0.13089943646296617,0.21214975857758966,0.34304919504055587
adfe200,FCGITrackServer,bid-request,290875,291670,bid-request:c41,41,41,0.730968187,3.62660852,600.000080384,0.12182801484496142,0.6044346723552055,0.726262687200167
adfe200,FCGITrackServer,bid-request,290875,291671,bid-request:c63,63,63,0.554950848,1.595511643,600.000080384,0.09249179560856584,0.2659185715406692,0.3584103671492351
adfe200,FCGITrackServer,bid-request,290875,291672,bid-request:c19,19,19,0.550789471,3.992143742,600.000080384,0.09179823286815142,0.6653572011932112,0.7571554340613627
adfe200,FCGITrackServer,bid-request,290875,291673,bid-request:c57,57,57,0.572099524,1.658294976,600.000080384,0.09534990789232167,0.2763824589721207,0.37173236686444233
adfe200,FCGITrackServer,bid-request,290875,291674,bid-request:c36,36,36,0.71700804,5.137328297,600.000080384,0.11950132399000929,0.856221268122516,0.9757225921125252
adfe200,FCGITrackServer,bid-request,290875,291675,bid-request:c42,42,42,0.728344975,3.612932808,600.000080384,0.12139081290353483,0.6021553873272356,0.7235462002307704
adfe200,FCGITrackServer,bid-request,290875,291676,bid-request:c17,17,17,0.723486539,7.332020949,600.000080384,0.12058107367868495,1.222003327784141,1.3425844014628259
adfe200,FCGITrackServer,bid-request,290875,291677,bid-request:c15,15,15,0.733728794,7.302146931,600.000080384,0.12228811594998681,1.2170243254511943,1.3393124414011812
adfe200,FCGITrackServer,bid-request,290875,291678,bid-request:c2,2,2,0.763745465,5.197556299,600.000080384,0.127290893779748,0.8662592671110251,0.9935501608907731
adfe200,FCGIUserBindServer,bid-request,290885,291244,bid-request:c68,68,68,2.646425013,12.854459995,600.000080384,0.44107077640827785,2.1424097121408963,2.5834804885491742
adfe200,FCGIUserBindServer,bid-request,290885,291245,bid-request:c20,20,20,2.760331621,17.860773448,600.000080384,0.46005520853153686,2.9767951758554942,3.436850384387031
adfe200,FCGIUserBindServer,bid-request,290885,291246,bid-request:c30,30,30,2.653682973,19.519500908,600.000080384,0.4422804362462157,3.2532497154846247,3.6955301517308405
adfe200,FCGIUserBindServer,bid-request,290885,291247,bid-request:c46,46,46,3.361397794,8.27688643,600.000080384,0.5602328906103988,1.379480886853014,1.939713777463413
adfe200,FCGIUserBindServer,bid-request,290885,291248,bid-request:c15,15,15,2.947084219,46.742793411,600.000080384,0.4911806373615594,7.7904645247855,8.281645162147058
adfe200,FCGIUserBindServer,bid-request,290885,291249,bid-request:c70,70,70,2.655393309,18.152303371,600.000080384,0.44256549220802577,3.025383489845956,3.467948982053982
adfe200,FCGIUserBindServer,bid-request,290885,291250,bid-request:c66,66,66,2.832057768,12.771203987,600.000080384,0.47200956476330524,2.128533712666577,2.6005432774298822
adfe200,FCGIUserBindServer,bid-request,290885,291251,bid-request:c28,28,28,2.944839339,6.729314172,600.000080384,0.4908064907450184,1.1215522117419117,1.61235870248693
adfe200,FCGIUserBindServer,bid-request,290885,291252,bid-request:c3,3,3,3.027018306,54.85011235,600.000080384,0.5045029834100536,9.141684166924767,9.64618715033482
adfe200,FCGIUserBindServer,bid-request,290885,291253,bid-request:c62,62,62,2.697418488,6.901648522,600.000080384,0.44956968776965034,1.1502745995605443,1.5998442873301946
adfe200,FCGIUserBindServer,bid-request,290885,291254,bid-request:c39,39,39,3.342823122,25.781682508,600.000080384,0.557137112358484,4.29694650899042,4.854083621348904
adfe200,FCGIUserBindServer,bid-request,290885,291255,bid-request:c18,18,18,2.976970959,22.148072131,600.000080384,0.49616176002755513,3.6913448606248913,4.187506620652447
adfe200,FCGIUserBindServer,bid-request,290885,291256,bid-request:c44,44,44,3.330905774,9.348412013,600.000080384,0.5551508879579183,1.5580684600937083,2.1132193480516266
adfe200,FCGIUserBindServer,bid-request,290885,291257,bid-request:c33,33,33,2.819820947,9.771402177,600.000080384,0.4699700948698732,1.6285668113154756,2.0985369061853487
adfe200,FCGIUserBindServer,bid-request,290885,291258,bid-request:c14,14,14,3.167656997,42.587847,600.000080384,0.5279427621030817,7.097973549060824,7.6259163111639054
adfe200,FCGIUserBindServer,bid-request,290885,291259,bid-request:c9,9,9,3.092980638,51.721903051,600.000080384,0.5154967039371883,8.620316020274196,9.135812724211382
adfe200,FCGIUserBindServer,bid-request,290885,291260,bid-request:c27,27,27,2.902779294,6.201167493,600.000080384,0.48379648418417237,1.0335277770348386,1.517324261219011
adfe200,FCGIUserBindServer,bid-request,290885,291261,bid-request:c4,4,4,3.362422511,22.502051658,600.000080384,0.5604036767541848,3.750341440554256,4.310745117308441
adfe200,FCGIUserBindServer,bid-request,290885,291262,bid-request:c49,49,49,3.47440394,12.855040879,600.000080384,0.5790672457537642,2.1425065261279257,2.72157377188169
adfe200,FCGIUserBindServer,bid-request,290885,291263,bid-request:c23,23,23,2.812010193,13.237779645,600.000080384,0.4686683027109453,2.206296311915129,2.674964614626074
adfe200,FCGIUserBindServer,bid-request,290885,291264,bid-request:c71,71,71,2.638777285,17.046606367,600.000080384,0.43979615524570975,2.841100680534938,3.280896835780648
adfe200,FCGIUserBindServer,bid-request,290885,291265,bid-request:c22,22,22,2.6106734,21.589543953,600.000080384,0.43511217503990485,3.5982568434295366,4.0333690184694415
adfe200,FCGIUserBindServer,bid-request,290885,291266,bid-request:c63,63,63,2.709063085,11.090970008,600.000080384,0.45151045367630616,1.8484947536843295,2.300005207360636
adfe200,FCGIUserBindServer,bid-request,290885,291267,bid-request:c37,37,37,3.04358526,36.206697668,600.000080384,0.507264142040132,6.034448802878113,6.5417129449182445
adfe200,FCGIUserBindServer,bid-request,290885,291268,bid-request:c32,32,32,2.712769224,6.433752889,600.000080384,0.4521281434268855,1.0722920045081326,1.524420147935018
adfe200,FCGIUserBindServer,bid-request,290885,291269,bid-request:c13,13,13,3.128447588,37.465572813,600.000080384,0.5214078614785841,6.244261298935499,6.765669160414084
adfe200,FCGIUserBindServer,bid-request,290885,291270,bid-request:c58,58,58,2.583456171,8.352230225,600.000080384,0.43057597081430193,1.3920381843373377,1.8226141551516397
adfe200,FCGIUserBindServer,bid-request,290885,291271,bid-request:c41,41,41,3.379725728,24.11354529,600.000080384,0.5632875458678231,4.018923676571399,4.582211222439222
adfe200,FCGIUserBindServer,bid-request,290885,291272,bid-request:c69,69,69,2.596120598,15.787700348,600.000080384,0.43268670836485273,2.6312830388115738,3.0639697471764262
adfe200,FCGIUserBindServer,bid-request,290885,291273,bid-request:c50,50,50,3.701384614,18.537194276,600.000080384,0.6168973530188719,3.0895319654184377,3.706429318437309
adfe200,FCGIUserBindServer,bid-request,290885,291274,bid-request:c17,17,17,2.956409105,49.00909392,600.000080384,0.49273478482001176,8.168181225681534,8.660916010501547
adfe200,FCGIUserBindServer,bid-request,290885,291275,bid-request:c26,26,26,2.731678912,6.75556592,600.000080384,0.45527975767131995,1.1259275024890727,1.5812072601603926
adfe200,FCGIUserBindServer,bid-request,290885,291276,bid-request:c60,60,60,2.592692257,6.746672682,600.000080384,0.4321153182747371,1.1244452963543154,1.5565606146290525
adfe200,FCGIUserBindServer,bid-request,290885,291277,bid-request:c29,29,29,2.789813181,4.665953317,600.000080384,0.4649688012065798,0.7776587819811275,1.2426275831877074
adfe200,FCGIUserBindServer,bid-request,290885,291278,bid-request:c40,40,40,3.322594889,28.481825385,600.000080384,0.5537657406434912,4.746970261532571,5.300736002176062
adfe200,FCGIUserBindServer,bid-request,290885,291279,bid-request:c19,19,19,2.695882581,20.657291771,600.000080384,0.44931370330394543,3.4428815005790225,3.892195203882968
adfe200,FCGIUserBindServer,bid-request,290885,291280,bid-request:c6,6,6,3.201858781,30.742836562,600.000080384,0.5336430586727273,5.123805407213377,5.657448465886104
adfe200,FCGIUserBindServer,bid-request,290885,291281,bid-request:c11,11,11,3.230566121,33.254402839,600.000080384,0.5384276146983911,5.5423997306329005,6.080827345331291
adfe200,FCGIUserBindServer,bid-request,290885,291282,bid-request:c54,54,54,3.069970899,8.787656192,600.000080384,0.5116617479509701,1.464609169114761,1.976270917065731
adfe200,FCGIUserBindServer,bid-request,290885,291283,bid-request:c10,10,10,3.147231812,35.12701072,600.000080384,0.5245385650591533,5.854501002319652,6.379039567378805
adfe200,FCGIUserBindServer,bid-request,290885,291284,bid-request:c47,47,47,3.392148804,17.437394309,600.000080384,0.5653580582570964,2.9062319954757454,3.4715900537328417
adfe200,FCGIUserBindServer,bid-request,290885,291285,bid-request:c24,24,24,2.716198814,12.772585396,600.000080384,0.45269974168363997,2.1287639474690647,2.581463689152705
adfe200,FCGIUserBindServer,bid-request,290885,291286,bid-request:c51,51,51,3.525181064,6.00211525,600.000080384,0.5875300986199676,1.00035240764612,1.5878825062660875
adfe200,FCGIUserBindServer,bid-request,290885,291287,bid-request:c67,67,67,2.627863833,11.836530427,600.000080384,0.4379772468227283,1.9727548068701293,2.4107320536928576
adfe200,FCGIUserBindServer,bid-request,290885,291288,bid-request:c16,16,16,3.149446226,26.744352583,600.000080384,0.5249076340097079,4.45739149999507,4.982299134004777
adfe200,FCGIUserBindServer,bid-request,290885,291289,bid-request:c8,8,8,3.345118631,22.504945354,600.000080384,0.5575196971405612,3.7508237231563095,4.308343420296871
adfe200,FCGIUserBindServer,bid-request,290885,291290,bid-request:c64,64,64,2.507052883,11.44803571,600.000080384,0.4178420911869689,1.9080056960447835,2.3258477872317522
adfe200,FCGIUserBindServer,bid-request,290885,291291,bid-request:c56,56,56,2.785958137,6.644467757,600.000080384,0.4643262939593253,1.107411144469771,1.5717374384290963
adfe200,FCGIUserBindServer,bid-request,290885,291292,bid-request:c5,5,5,3.095484652,41.677526209,600.000080384,0.5159140395479431,6.946253437553939,7.462167477101883
adfe200,FCGIUserBindServer,bid-request,290885,291293,bid-request:c21,21,21,2.739010376,22.538350278,600.000080384,0.45650166817428317,3.7563912097437484,4.212892877918032
adfe200,FCGIUserBindServer,bid-request,290885,291294,bid-request:c38,38,38,3.400488012,27.312924233,600.000080384,0.5667479260708912,4.5521534289661645,5.118901355037056
adfe200,FCGIUserBindServer,bid-request,290885,291295,bid-request:c0,0,0,3.525273188,15.758579208,600.000080384,0.5875454526179106,2.626429516128483,3.2139749687463937
adfe200,FCGIUserBindServer,bid-request,290885,291296,bid-request:c42,42,42,3.511048054,24.983617519,600.000080384,0.5851745972688753,4.163935695310322,4.749110292579197
adfe200,FCGIUserBindServer,bid-request,290885,291297,bid-request:c57,57,57,2.837949934,9.020075293,600.000080384,0.4729915922984064,1.5033456807584347,1.976337273056841
adfe200,FCGIUserBindServer,bid-request,290885,291298,bid-request:c36,36,36,3.235540377,32.741605258,600.000080384,0.5392566572539881,5.456933478583099,5.996190135837087
adfe200,FCGIUserBindServer,bid-request,290885,291299,bid-request:c43,43,43,3.464446357,5.053690749,600.000080384,0.5774076488094393,0.8422816786567159,1.4196893274661553
adfe200,FCGIUserBindServer,bid-request,290885,291300,bid-request:c7,7,7,3.19266325,32.751020928,600.000080384,0.5321104703780533,5.45850275670619,5.990613227084244
adfe200,FCGIUserBindServer,bid-request,290885,291301,bid-request:c25,25,25,2.706568449,10.406592146,600.000080384,0.45109468106534195,1.7344317919657248,2.1855264730310666
adfe200,FCGIUserBindServer,bid-request,290885,291302,bid-request:c1,1,1,3.353543338,8.82825967,600.000080384,0.5589238147857801,1.4713764145414638,2.030300229327244
adfe200,FCGIUserBindServer,bid-request,290885,291303,bid-request:c35,35,35,2.739950862,12.098405687,600.000080384,0.4566584158199498,2.016400677689413,2.473059093509363
adfe200,FCGIUserBindServer,bid-request,290885,291304,bid-request:c65,65,65,2.573738982,11.731964308,600.000080384,0.42895643953127593,1.9553271227049742,2.3842835622362504
adfe200,FCGIUserBindServer,bid-request,290885,291305,bid-request:c2,2,2,3.379441711,32.376795385,600.000080384,0.5632402097074983,5.396131841228897,5.959372050936395
adfe200,FCGIUserBindServer,bid-request,290885,291306,bid-request:c59,59,59,2.671622382,6.808103649,600.000080384,0.4452703373456487,1.1346837894826305,1.5799541268282793
adfe200,FCGIUserBindServer,bid-request,290885,291307,bid-request:c55,55,55,2.711869094,7.975690035,600.000080384,0.45197812178031777,1.3292814944117273,1.7812596161920449
adfe200,UserBindServer,event_engine,299343,299404,event_engin:c15,15,15,6.455832525,277.16192703,600.000080384,1.0759719433484523,46.19364831628295,47.26962025963141
adfe200,UserBindServer,event_engine,299343,299405,event_engin:c16,16,16,7.747987006,167.179544104,600.000080384,1.291330994662749,27.8632536177337,29.15458461239645
adfe200,UserBindServer,event_engine,299343,299406,event_engin:c17,17,17,6.619915978,284.447901131,600.000080384,1.1033191818513182,47.4079771704286,48.51129635227993
adfe200,UserBindServer,event_engine,299343,299407,event_engin:c36,36,36,7.756898653,198.813843385,600.000080384,1.2928162689637617,33.13563612487504,34.4284523938388
adfe200,UserBindServer,event_engine,299343,299409,event_engin:c37,37,37,7.577133276,246.317090361,600.000080384,1.2628553768110558,41.0528428935138,42.31569827032485
adfe200,UserBindServer,event_engine,299343,299411,event_engin:c38,38,38,8.594732192,182.841557168,600.000080384,1.4324551734225388,30.473588778685066,31.906043952107606
adfe200,UserBindServer,event_engine,299343,299413,event_engin:c39,39,39,8.704504013,164.73866663,600.000080384,1.4507504744714563,27.456440759902442,28.9071912343739
adfe200,UserBindServer,event_engine,299343,299415,event_engin:c40,40,40,7.955244877,174.144372954,600.000080384,1.3258739685349115,29.024058270550167,30.349932239085074
adfe200,UserBindServer,event_engine,299343,299417,event_engin:c41,41,41,8.81677678,163.233559703,600.000080384,1.4694625997978639,27.205589639009805,28.67505223880767
adfe200,UserBindServer,event_engine,299343,299419,event_engin:c42,42,42,8.721487235,168.277696692,600.000080384,1.45358101109224,28.04627902454651,29.499860035638754
adfe200,UserBindServer,event_engine,299343,299421,event_engin:c43,43,43,9.893482404,35.521131807,600.000080384,1.6489135130895602,5.920187841352701,7.56910135444226
adfe200,UserBindServer,event_engine,299343,299422,event_engin:c44,44,44,10.707745228,76.264686554,600.000080384,1.7846239655746452,12.710779389427849,14.495403355002495
adfe200,UserBindServer,event_engine,299343,299425,event_engin:c45,45,45,10.967229074,42.963144489,600.000080384,1.8278712674473268,7.160523122180849,8.988394389628175
adfe200,UserBindServer,event_engine,299343,299429,event_engin:c46,46,46,10.069799573,63.384057396,600.000080384,1.6782997039859278,10.564008150704614,12.242307854690543
adfe200,UserBindServer,event_engine,299343,299432,event_engin:c47,47,47,8.967015219,109.194330478,600.000080384,1.4945023362765404,18.19905264147892,19.69355497775546
adfe200,UserBindServer,event_engine,299343,299433,event_engin:c48,48,48,10.489679823,108.43487159,600.000080384,1.748279736277136,18.072476177103457,19.820755913380594
adfe200,UserBindServer,fast-scheduler,299343,299382,fast-schedu:c16,16,16,36.078526973,267.754574503,600.000080384,6.013087023240021,44.62575643850533,50.63884346174534
adfe200,UserBindServer,grpc-server,299343,299493,grpc-server:c38,38,38,17.405171585,116.16329886,600.000080384,2.900861542195243,19.360547216202953,22.261408758398197
adfe200,UserBindServer,grpc-server,299343,299503,grpc-server:c39,39,39,16.903416075,104.840623594,600.000080384,2.817235635065551,17.473434924692345,20.290670559757896
adfe200,UserBindServer,grpc-server,299343,299505,grpc-server:c40,40,40,16.757228228,100.775609139,600.000080384,2.7928709971630963,16.795932606292922,19.588803603456018
adfe200,UserBindServer,grpc-server,299343,299506,grpc-server:c41,41,41,16.166425709,87.188098382,600.000080384,2.694403923855058,14.531347783520234,17.22575170737529
adfe200,UserBindServer,grpc-server,299343,299509,grpc-server:c42,42,42,0.346660364,5.94918393,600.000080384,0.05777671959279362,0.9915305221613508,1.0493072417541445
adfe200,UserBindServer,grpc-server,299343,299512,grpc-server:c43,43,43,0.32843648,1.210305811,600.000080384,0.054739405999712644,0.2017176081418863,0.25645701414159894
adfe200,UserBindServer,grpc-server,299343,299513,grpc-server:c44,44,44,0.33402088,2.346518629,600.000080384,0.05567013920835255,0.39108638577151994,0.4467565249798725
adfe200,UserBindServer,grpc-server,299343,299516,grpc-server:c45,45,45,0.0,0.0,600.000080384,0.0,0.0,0.0
adfe200,UserBindServer,grpc-server,299343,299518,grpc-server:c46,46,46,10.558243202,39.176313688,600.000080384,1.7597069645795256,6.529384739903229,8.289091704482754
adfe200,UserBindServer,grpc-server,299343,299526,grpc-server:c47,47,47,11.017393467,76.31119834,600.000080384,1.8362319984938784,12.718531352722627,14.554763351216504
adfe200,UserBindServer,grpc-server,299343,299527,grpc-server:c48,48,48,11.273400354,63.792602084,600.000080384,1.8788998072775298,10.6320989229156,12.51099873019313
adfe200,UserBindServer,grpc-server,299343,299534,grpc-server:c49,49,49,10.779704019,62.213762637,600.000080384,1.7966170958012189,10.368959050335993,12.165576146137212
adfe200,UserBindServer,grpc-server,299343,299540,grpc-server:c50,50,50,18.217228415,105.513766872,600.000080384,3.036204329062919,17.58562545599514,20.621829785058058
adfe200,UserBindServer,grpc-server,299343,299543,grpc-server:c51,51,51,17.961278423,42.463700087,600.000080384,2.9935460027779968,7.0772823996662195,10.070828402444217
adfe200,UserBindServer,grpc-server,299343,299551,grpc-server:c52,52,52,18.308954073,56.056014322,600.000080384,3.0514919366814537,9.342667801998319,12.394159738679772
adfe200,UserBindServer,grpc-server,299343,299567,grpc-server:c53,53,53,18.124036283,50.808315679,600.000080384,3.0206723091437953,8.468051478673583,11.488723787817378
adfe200,UserBindServer,grpc_global,299343,299393,grpc_global:c16,16,16,0.030210255,0.78739253,600.000080384,0.005035041825438663,0.13123207075173537,0.13626711257717405
adfe200,UserBindServer,http-server,299343,299568,http-server:c38,38,38,0.0,0.0,600.000080384,0.0,0.0,0.0
adfe200,UserBindServer,http-server,299343,299569,http-server:c39,39,39,0.000113519,0.004945736,600.000080384,1.8919830798580535e-05,0.0008242892229005585,0.000843209053699139
adfe200,UserBindServer,http-server,299343,299570,http-server:c40,40,40,0.0,0.0,600.000080384,0.0,0.0,0.0
adfe200,UserBindServer,http-server,299343,299571,http-server:c41,41,41,0.0,0.0,600.000080384,0.0,0.0,0.0
adfe200,UserBindServer,jemalloc_bg,299343,299380,jemalloc_bg:c49,49,49,0.519563249,0.032245843,600.000080384,0.08659386323206483,0.0053743064466529175,0.09196816967871774
adfe200,UserBindServer,jemalloc_bg,299343,299394,jemalloc_bg:c50,50,50,0.622565885,0.098744912,600.000080384,0.10376096693213073,0.01645748312846946,0.12021845006060018
adfe200,UserBindServer,jemalloc_bg,299343,299412,jemalloc_bg:c51,51,51,0.378199661,0.032682773,600.000080384,0.06303326838855626,0.005447128103563424,0.06848039649211968
adfe200,UserBindServer,jemalloc_bg,299343,299414,jemalloc_bg:c52,52,52,0.627359709,0.040364716,600.000080384,0.10455993749175664,0.006727451765367529,0.11128738925712417
adfe200,UserBindServer,lifeguard,299343,299461,lifeguard:c7,7,7,0.033974619,1.569239776,600.000080384,0.005662435741384609,0.2615399276272908,0.26720236336867537
adfe200,UserBindServer,rdb-batch,299343,299395,rdb-batch:c9,9,9,148.816710336,339.869414902,600.000080384,24.802781733088654,56.64489489476128,81.44767662784994
adfe200,UserBindServer,rdb-batch,299343,299396,rdb-batch:c10,10,10,182.900997405,277.768713553,600.000080384,30.4834954835245,46.294779389900754,76.77827487342526
adfe200,UserBindServer,rdb-batch,299343,299397,rdb-batch:c11,11,11,234.415102682,255.26128981,600.000080384,39.069178546105256,42.54354260196645,81.61272114807171
adfe200,UserBindServer,rdb-batch,299343,299398,rdb-batch:c12,12,12,161.84567804,350.221742903,600.000080384,26.974276059499655,58.370282663771995,85.34455872327166
adfe200,UserBindServer,rdb-batch,299343,299399,rdb-batch:c13,13,13,129.002947726,362.649770321,600.000080384,21.500488407174565,60.44162028926799,81.94210869644256
adfe200,UserBindServer,rdb-batch,299343,299400,rdb-batch:c17,17,17,150.86129468,339.90697603,600.000080384,25.143545744768698,56.65115508192258,81.79470082669128
adfe200,UserBindServer,rdb-batch,299343,299401,rdb-batch:c16,16,16,181.558846322,316.839510596,600.000080384,30.25980366632657,52.806578024660055,83.06638169098662
adfe200,UserBindServer,rdb-batch,299343,299402,rdb-batch:c14,14,14,161.954863264,314.342738815,600.000080384,26.992473594395005,52.390449450243516,79.38292304463852
adfe200,UserBindServer,rdb-batch,299343,299403,rdb-batch:c15,15,15,148.699327965,339.651750456,600.000080384,24.783218007209673,56.60861749195482,81.39183549916449
adfe200,UserBindServer,rdb-batch,299343,299408,rdb-batch:c36,36,36,177.242291236,293.53220523,600.000080384,29.54037791504377,48.92202765075288,78.46240556579666
adfe200,UserBindServer,rdb-batch,299343,299410,rdb-batch:c37,37,37,193.632100722,303.362766431,600.000080384,32.27201246341092,50.560454298080735,82.83246676149165
adfe200,UserBindServer,rdb-batch,299343,299416,rdb-batch:c38,38,38,190.504667488,308.393102182,600.000080384,31.750773660909683,51.39884347759228,83.14961713850197
adfe200,UserBindServer,rdb-batch,299343,299418,rdb-batch:c39,39,39,194.172894116,308.732238703,600.000080384,32.36214468366894,51.45536622351974,83.81751090718868
adfe200,UserBindServer,rdb-batch,299343,299420,rdb-batch:c40,40,40,276.369415438,141.493073971,600.000080384,46.061563068645526,23.582175835783964,69.64373890442948
adfe200,UserBindServer,rdb-batch,299343,299423,rdb-batch:c41,41,41,322.425787747,129.892024819,600.000080384,53.73762409175804,21.648667902822467,75.38629199458052
adfe200,UserBindServer,rdb-batch,299343,299428,rdb-batch:c42,42,42,366.482971121,74.641732752,600.000080384,61.080487003676886,12.440287125333267,73.52077412901016
adfe200,UserBindServer,task-runner,299343,2537,task-runner:c4,"0-17,36-53",1,0.002783984,0.000906559,600.000080384,0.00046399727117007225,0.0001510931464242142,0.0006150904175942865
adfe200,UserBindServer,task-runner,299343,2538,task-runner:c4,"0-17,36-53",4,0.0,0.0,600.000080384,0.0,0.0,0.0
adfe200,UserBindServer,task-runner,299343,2539,task-runner:c4,"0-17,36-53",4,0.0,0.0,600.000080384,0.0,0.0,0.0
adfe200,UserBindServer,task-runner,299343,2540,task-runner:c4,"0-17,36-53",4,0.0,0.0,600.000080384,0.0,0.0,0.0
adfe200,UserBindServer,task-runner,299343,2541,task-runner:c4,"0-17,36-53",4,0.0,0.0,600.000080384,0.0,0.0,0.0
adfe200,UserBindServer,task-runner,299343,2542,task-runner:c4,"0-17,36-53",4,0.0,0.0,600.000080384,0.0,0.0,0.0
adfe200,UserBindServer,task-runner,299343,2543,task-runner:c4,"0-17,36-53",4,0.0,0.0,600.000080384,0.0,0.0,0.0
adfe200,UserBindServer,task-runner,299343,2544,task-runner:c4,"0-17,36-53",4,0.0,0.0,600.000080384,0.0,0.0,0.0
adfe200,UserBindServer,task-runner,299343,2545,task-runner:c4,"0-17,36-53",4,0.0,0.0,600.000080384,0.0,0.0,0.0
adfe200,UserBindServer,task-runner,299343,2546,task-runner:c4,"0-17,36-53",4,0.0,0.0,600.000080384,0.0,0.0,0.0
adfe200,UserBindServer,task-runner,299343,2547,task-runner:c4,"0-17,36-53",4,0.0,0.0,600.000080384,0.0,0.0,0.0
adfe200,UserBindServer,task-runner,299343,299383,task-runner:c4,4,4,0.169353048,0.075936231,600.000080384,0.028225504218535116,0.012656036804428563,0.04088154102296367
adfe200,UserBindServer,task-runner,299343,299617,task-runner:c4,"0-17,36-53",49,0.452056291,0.187551314,600.000080384,0.07534270507275333,0.031258548145521446,0.10660125321827477
adfe200,UserBindServer,ub-grpc-p,299343,299385,ub-grpc-p:c49,49,49,110.61222589,203.689013336,600.000080384,18.435368511818897,33.948164341184594,52.38353285300349
adfe200,UserBindServer,ub-grpc-p,299343,299386,ub-grpc-p:c2,2,2,38.935185589,416.244949328,600.000080384,6.48919672878735,69.37414892704736,75.8633456558347
adfe200,UserBindServer,ub-grpc-p,299343,299387,ub-grpc-p:c51,51,51,150.713338922,132.365755243,600.000080384,25.118886455072385,22.06095625158682,47.17984270665921
adfe200,UserBindServer,ub-grpc-p,299343,299388,ub-grpc-p:c52,52,52,103.621420253,195.313754904,600.000080384,17.270234395082465,32.552288122861455,49.822522517943916
adfe200,UserBindServer,ub-grpc-p,299343,299389,ub-grpc-p:c53,53,53,114.264567479,173.574310355,600.000080384,19.044092028432843,28.92904785011236,47.973139878545204
adfe200,UserBindServer,ub-grpc-p,299343,299390,ub-grpc-p:c0,0,0,90.954526631,253.109848775,600.000080384,15.159085740920087,42.1849691441724,57.34405488509249
adfe200,UserBindServer,ub-grpc-p,299343,299391,ub-grpc-p:c1,1,1,103.697924403,197.116958753,600.000080384,17.282985085040877,32.852822057431254,50.13580714247213
adfe200,UserBindServer,ub-grpc-p,299343,299392,ub-grpc-p:c50,50,50,84.550797952,238.948635694,600.000080384,14.091797770741547,39.82476728020985,53.91656505095139
adfe200,UserInfoManager,event_engine,299345,299454,event_engin:c20,20,20,7.842659018,98.380279551,600.000080384,1.3071096612154949,16.396711061777964,17.703820722993456
adfe200,UserInfoManager,event_engine,299345,299457,event_engin:c21,21,21,7.749823145,108.403866371,600.000080384,1.2916370177884167,18.06730864129577,19.35894565908419
adfe200,UserInfoManager,event_engine,299345,299459,event_engin:c22,22,22,8.136124828,112.994800224,600.000080384,1.3560206229960636,18.832464180951998,20.18848480394806
adfe200,UserInfoManager,event_engine,299345,299460,event_engin:c23,23,23,8.201074447,94.609194619,600.000080384,1.3668455580458112,15.768196990648756,17.135042548694564
adfe200,UserInfoManager,event_engine,299345,299481,event_engin:c24,24,24,8.239648258,88.314565504,600.000080384,1.373274525684501,14.71909227870081,16.09236680438531
adfe200,UserInfoManager,event_engine,299345,299490,event_engin:c25,25,25,8.739231739,43.790433647,600.000080384,1.4565384280293583,7.298404630041737,8.754943058071095
adfe200,UserInfoManager,event_engine,299345,299492,event_engin:c26,26,26,8.93446504,34.056794933,600.000080384,1.4890773071700163,5.676131728383045,7.165209035553062
adfe200,UserInfoManager,event_engine,299345,299494,event_engin:c27,27,27,8.359104279,34.398619828,600.000080384,1.3931838598505144,5.733102536583809,7.126286396434324
adfe200,UserInfoManager,event_engine,299345,299495,event_engin:c28,28,28,8.45624474,37.359193499,600.000080384,1.4093739345148095,6.226531415644165,7.635905350158974
adfe200,UserInfoManager,event_engine,299345,299496,event_engin:c29,29,29,8.4099484,29.630802033,600.000080384,1.4016578788818885,4.938466343877202,6.3401242227590915
adfe200,UserInfoManager,event_engine,299345,299497,event_engin:c30,30,30,7.439348759,130.319207924,600.000080384,1.2398912937209638,21.71986507745061,22.959756371171572
adfe200,UserInfoManager,event_engine,299345,299498,event_engin:c31,31,31,8.233142554,60.279378774,600.000080384,1.372190241829766,10.04656178302863,11.418752024858396
adfe200,UserInfoManager,event_engine,299345,299499,event_engin:c32,32,32,7.448709749,24.18483886,600.000080384,1.2414514585119432,4.03080593664616,5.272257395158102
adfe200,UserInfoManager,event_engine,299345,299502,event_engin:c33,33,33,8.624265129,37.200382992,600.000080384,1.437377328929768,6.2000630013568925,7.637440330286662
adfe200,UserInfoManager,event_engine,299345,299504,event_engin:c34,34,34,7.421964137,45.192001896,600.000080384,1.236993857109143,7.5319993069129465,8.768993164022088
adfe200,UserInfoManager,event_engine,299345,299508,event_engin:c35,35,35,7.451786202,38.787966942,600.000080384,1.241964200609916,6.464660290907912,7.706624491517829
adfe200,UserInfoManager,fast-scheduler,299345,299424,fast-schedu:c20,20,20,20.532614453,136.916113544,600.000080384,3.422101950362928,22.819349200149055,26.241451150511985
adfe200,UserInfoManager,grpc-server,299345,299520,grpc-server:c57,57,57,1.360302516,10.473264921,600.000080384,0.22671705562596034,1.7455439196436626,1.972260975269623
adfe200,UserInfoManager,grpc-server,299345,299521,grpc-server:c58,58,58,1.201145943,9.507791899,600.000080384,0.20019096367974928,1.5846317708682662,1.7848227345480157
adfe200,UserInfoManager,grpc-server,299345,299522,grpc-server:c59,59,59,1.094637465,6.987685158,600.000080384,0.18243955305796494,1.1646140369727753,1.3470535900307403
adfe200,UserInfoManager,grpc-server,299345,299523,grpc-server:c60,60,60,1.352528805,9.174196889,600.000080384,0.22542143729953865,1.5290326099837377,1.7544540472832764
adfe200,UserInfoManager,grpc-server,299345,299524,grpc-server:c61,61,61,10.199915157,35.079931576,600.000080384,1.6999856317472584,5.846654479370877,7.546640111118136
adfe200,UserInfoManager,grpc-server,299345,299525,grpc-server:c62,62,62,10.661934927,33.224762806,600.000080384,1.7769889164308716,5.537459725794729,7.3144486422256
adfe200,UserInfoManager,grpc-server,299345,299528,grpc-server:c63,63,63,11.121452383,61.970026713,600.000080384,1.8535751488370253,10.328336401778344,12.18191155061537
adfe200,UserInfoManager,grpc-server,299345,299529,grpc-server:c64,64,64,11.145707278,64.219847189,600.000080384,1.8576176307954406,10.703306430875694,12.560924061671134
adfe200,UserInfoManager,grpc-server,299345,299531,grpc-server:c65,65,65,6.939358709,48.295378548,600.000080384,1.1565596298851846,8.049228679618002,9.205788309503188
adfe200,UserInfoManager,grpc-server,299345,299532,grpc-server:c66,66,66,7.263711741,51.377412609,600.000080384,1.2106184613094093,8.562900954299616,9.773519415609025
adfe200,UserInfoManager,grpc-server,299345,299533,grpc-server:c67,67,67,7.120950974,50.289482279,600.000080384,1.1868250033304315,8.381579256925221,9.568404260255653
adfe200,UserInfoManager,grpc-server,299345,299536,grpc-server:c68,68,68,6.801119536,48.822969371,600.000080384,1.1335197708052445,8.137160471670821,9.270680242476066
adfe200,UserInfoManager,grpc-server,299345,299537,grpc-server:c69,69,69,12.154729482,64.43611409,600.000080384,2.0257879755984325,10.739350909546694,12.765138885145127
adfe200,UserInfoManager,grpc-server,299345,299538,grpc-server:c70,70,70,12.684966923,65.175865466,600.000080384,2.1141608705921544,10.86264278902887,12.976803659621025
adfe200,UserInfoManager,grpc-server,299345,299539,grpc-server:c71,71,71,12.674171693,64.246300489,600.000080384,2.1123616658331996,10.707715313618353,12.820076979451553
adfe200,UserInfoManager,grpc-server,299345,299541,grpc-server:c18,18,18,13.772640985,72.469702629,600.000080384,2.2954398566389376,12.078282153332278,14.373722009971216
adfe200,UserInfoManager,grpc_global,299345,299443,grpc_global:c26,26,26,0.020310977,0.095043193,600.000080384,0.0033851623798118453,0.015840530044458054,0.0192256924242699
adfe200,UserInfoManager,grpcpp_sync,299345,299515,grpcpp_sync:c55,55,55,0.00210403,0.035876787,600.000080384,0.00035067161968602086,0.005979463698911317,0.006330135318597337
adfe200,UserInfoManager,http-server,299345,299544,http-server:c60,60,60,3.4418e-05,0.0,600.000080384,5.736332564817739e-06,0.0,5.736332564817739e-06
adfe200,UserInfoManager,http-server,299345,299545,http-server:c62,62,62,0.0,0.0,600.000080384,0.0,0.0,0.0
adfe200,UserInfoManager,http-server,299345,299546,http-server:c61,61,61,0.0,0.0,600.000080384,0.0,0.0,0.0
adfe200,UserInfoManager,http-server,299345,299547,http-server:c63,63,63,0.0,0.0,600.000080384,0.0,0.0,0.0
adfe200,UserInfoManager,jemalloc_bg,299345,299381,jemalloc_bg:c67,67,67,2.018907892,0.545967945,600.000080384,0.33648460358670274,0.09099464530914406,0.42747924889584676
adfe200,UserInfoManager,jemalloc_bg,299345,299435,jemalloc_bg:c68,68,68,2.679287455,0.834929767,600.000080384,0.4465478493411628,0.13915494252361515,0.5857027918647779
adfe200,UserInfoManager,jemalloc_bg,299345,299463,jemalloc_bg:c69,69,69,1.741529349,0.750257962,600.000080384,0.29025485261358985,0.12504297691424224,0.41529782952783206
adfe200,UserInfoManager,jemalloc_bg,299345,299479,jemalloc_bg:c70,70,70,5.572793162,2.581926242,600.000080384,0.9287987358990707,0.43032098268179686,1.3591197185808674
adfe200,UserInfoManager,lifeguard,299345,299510,lifeguard:c65,65,65,0.017831201,0.477581212,600.000080384,0.002971866435182481,0.07959685800281027,0.08256872443799276
adfe200,UserInfoManager,rdb-batch,299345,1710,rdb-batch:c67,67,67,74.175009906,187.466928999,600.000080384,12.362499994754668,31.244483980572333,43.606983975327005
adfe200,UserInfoManager,rdb-batch,299345,1711,rdb-batch:c34,34,34,126.607316238,56.705799221,600.000080384,21.101216545999684,9.450965270656013,30.552181816655693
adfe200,UserInfoManager,rdb-batch,299345,1712,rdb-batch:c35,35,35,129.202629698,51.046857757,600.000080384,21.53376873138256,8.507808486347205,30.04157721772976
adfe200,UserInfoManager,rdb-batch,299345,1713,rdb-batch:c54,54,54,107.747423762,95.6407717,600.000080384,17.957901554453404,15.940126481114788,33.89802803556819
adfe200,UserInfoManager,rdb-batch,299345,1714,rdb-batch:c55,55,55,99.273566176,107.138786299,600.000080384,16.545592145998533,17.856461990876934,34.40205413687546
adfe200,UserInfoManager,rdb-batch,299345,1715,rdb-batch:c56,56,56,107.280256511,86.901867953,600.000080384,17.880040356384725,14.48364271841144,32.36368307479617
adfe200,UserInfoManager,rdb-batch,299345,1716,rdb-batch:c57,57,57,106.43165898,93.165825157,600.000080384,17.738607453499633,15.527635445877587,33.26624289937722
adfe200,UserInfoManager,rdb-batch,299345,1717,rdb-batch:c58,58,58,103.867967271,98.013082327,600.000080384,17.31132555924401,16.335511532643736,33.64683709188775
adfe200,UserInfoManager,rdb-batch,299345,1718,rdb-batch:c59,59,59,86.197509856,135.151750334,600.000080384,14.366249717972304,22.52528870454532,36.89153842251763
adfe200,UserInfoManager,rdb-batch,299345,1719,rdb-batch:c60,60,60,86.612650288,131.812703965,600.000080384,14.435439780702682,21.96878105093584,36.404220831638526
adfe200,UserInfoManager,rdb-batch,299345,1720,rdb-batch:c61,61,61,84.232816629,138.650847261,600.000080384,14.038800890675049,23.108471447581053,37.1472723382561
adfe200,UserInfoManager,rdb-batch,299345,1721,rdb-batch:c62,62,62,86.754213047,134.144762728,600.000080384,14.459033570708408,22.357457459363566,36.81649103007197
adfe200,UserInfoManager,rdb-batch,299345,1724,rdb-batch:c63,63,63,74.81772606,186.256874447,600.000080384,12.46961933940353,31.042808248924835,43.512427588328364
adfe200,UserInfoManager,rdb-batch,299345,1725,rdb-batch:c64,64,64,73.789742233,187.974579596,600.000080384,12.298288724523932,31.329092402070394,43.62738112659433
adfe200,UserInfoManager,rdb-batch,299345,1726,rdb-batch:c65,65,65,71.781697388,191.071206304,600.000080384,11.963614628528003,31.845196784259503,43.808811412787506
adfe200,UserInfoManager,rdb-batch,299345,1727,rdb-batch:c66,66,66,72.965108515,189.841574473,600.000080384,12.160849789937084,31.640258173215813,43.801107963152894
adfe200,UserInfoManager,task-runner,299345,1745,task-runner:c20,"18-35,54-71",33,0.001775988,7.1458e-05,600.000080384,0.0002959979603441666,1.1909665071089139e-05,0.0003079076254152557
adfe200,UserInfoManager,task-runner,299345,1746,task-runner:c20,"18-35,54-71",20,0.0,0.0,600.000080384,0.0,0.0,0.0
adfe200,UserInfoManager,task-runner,299345,1747,task-runner:c20,"18-35,54-71",20,0.0,0.0,600.000080384,0.0,0.0,0.0
adfe200,UserInfoManager,task-runner,299345,1748,task-runner:c20,"18-35,54-71",20,0.0,0.0,600.000080384,0.0,0.0,0.0
adfe200,UserInfoManager,task-runner,299345,1749,task-runner:c20,"18-35,54-71",20,0.0,0.0,600.000080384,0.0,0.0,0.0
adfe200,UserInfoManager,task-runner,299345,1750,task-runner:c20,"18-35,54-71",20,0.0,0.0,600.000080384,0.0,0.0,0.0
adfe200,UserInfoManager,task-runner,299345,1751,task-runner:c20,"18-35,54-71",20,0.0,0.0,600.000080384,0.0,0.0,0.0
adfe200,UserInfoManager,task-runner,299345,1752,task-runner:c20,"18-35,54-71",20,0.0,0.0,600.000080384,0.0,0.0,0.0
adfe200,UserInfoManager,task-runner,299345,1757,task-runner:c20,"18-35,54-71",20,0.0,0.0,600.000080384,0.0,0.0,0.0
adfe200,UserInfoManager,task-runner,299345,1758,task-runner:c20,"18-35,54-71",20,0.0,0.0,600.000080384,0.0,0.0,0.0
adfe200,UserInfoManager,task-runner,299345,1759,task-runner:c20,"18-35,54-71",20,0.0,0.0,600.000080384,0.0,0.0,0.0
adfe200,UserInfoManager,task-runner,299345,299426,task-runner:c20,20,20,0.339802163,0.117232104,600.000080384,0.056633686245929606,0.019538681382337726,0.07617236762826733
adfe200,UserInfoManager,task-runner,299345,299550,task-runner:c20,"18-35,54-71",28,0.363138416,0.088885826,600.000080384,0.06052306122485708,0.014814302348611866,0.07533736357346894
adfe200,UserInfoManager,uim-grpc-p,299345,299430,uim-grpc-p:c23,23,23,116.11452979,158.049515573,600.000080384,19.35241903895858,26.341582399763734,45.69400143872232
adfe200,UserInfoManager,uim-grpc-p,299345,299431,uim-grpc-p:c24,24,24,94.587877719,158.230994643,600.000080384,15.764644174458072,26.371828907378177,42.13647308183624
adfe200,UserInfoManager,uim-grpc-p,299345,299434,uim-grpc-p:c25,25,25,160.263548475,40.437687989,600.000080384,26.71058783399351,6.739613761904812,33.45020159589833
adfe200,UserInfoManager,uim-grpc-p,299345,299436,uim-grpc-p:c26,26,26,148.345778744,36.550912353,600.000080384,24.724293144937366,6.0918179093588485,30.816111054296215
adfe200,UserInfoManager,uim-grpc-p,299345,299437,uim-grpc-p:c27,27,27,178.430431366,28.318044482,600.000080384,29.738401243513923,4.71967344802295,34.45807469153687
adfe200,UserInfoManager,uim-grpc-p,299345,299438,uim-grpc-p:c28,28,28,174.415804282,32.991351531,600.000080384,29.069296819156076,5.498557851839876,34.56785467099595
adfe200,UserInfoManager,uim-grpc-p,299345,299439,uim-grpc-p:c29,29,29,165.30645334,27.36303558,600.000080384,27.55107186555773,4.560505319013901,32.11157718457163
adfe200,UserInfoManager,uim-grpc-p,299345,299440,uim-grpc-p:c30,30,30,95.335256347,175.57866417,600.000080384,15.889207262436607,29.26310677452404,45.15231403696065
adfe200,UserInfoManager,uim-grpc-p,299345,299441,uim-grpc-p:c31,31,31,147.323211233,73.505527677,600.000080384,24.55386524927016,12.25091963820346,36.804784887473616
adfe200,UserInfoManager,uim-grpc-p,299345,299442,uim-grpc-p:c32,32,32,143.717640186,35.400026452,600.000080384,23.95293682194521,5.900003618223515,29.852940440168723
adfe201,CampaignManager,bs-grpc,84513,84579,bs-grpc:c59,59,59,7.568454772,63.667013466,600.000143872,1.2614088261976488,10.611166366583788,11.872575192781436
adfe201,CampaignManager,bs-grpc,84513,84580,bs-grpc:c60,60,60,7.021718705,53.042552847,600.000143872,1.1702861702143135,8.840423354684352,10.010709524898665
adfe201,CampaignManager,bs-grpc,84513,84581,bs-grpc:c61,61,61,5.66622591,43.194698439,600.000143872,0.9443707585524838,7.199114680248288,8.143485438800772
adfe201,CampaignManager,bs-grpc,84513,84582,bs-grpc:c62,62,62,5.29011863,44.663639632,600.000143872,0.8816862269167319,7.44393815370955,8.325624380626282
adfe201,CampaignManager,bs-grpc-c,84513,84583,bs-grpc-c:c55,55,55,33.532218341,172.400936143,600.000143872,5.5887017167371775,28.733482467260686,34.32218418399786
adfe201,CampaignManager,cm-grpc-p,84513,84559,cm-grpc-p:c22,22,22,99.609998517,84.665719644,600.000143872,16.601662438642702,14.110949890382363,30.712612329025063
adfe201,CampaignManager,cm-grpc-p,84513,84560,cm-grpc-p:c21,21,21,99.863955427,61.991833581,600.000143872,16.643988580160126,10.331969786031404,26.975958366191534
adfe201,CampaignManager,cm-grpc-p,84513,84562,cm-grpc-p:c23,23,23,102.089521111,73.42483992,600.000143872,17.01491610521665,12.237470385617767,29.25238649083442
adfe201,CampaignManager,cm-grpc-p,84513,84563,cm-grpc-p:c24,24,24,107.3451693,64.26817732,600.000143872,17.890857260010975,10.71136031822528,28.602217578236257
adfe201,CampaignManager,cm-grpc-p,84513,84564,cm-grpc-p:c25,25,25,99.464613799,66.447589436,600.000143872,16.577431658119586,11.074595583792973,27.652027241912563
adfe201,CampaignManager,cm-grpc-p,84513,84565,cm-grpc-p:c26,26,26,106.13710638,60.489577139,600.000143872,17.689513488290526,10.081593772401568,27.771107260692098
adfe201,CampaignManager,cm-grpc-p,84513,84566,cm-grpc-p:c27,27,27,106.051176188,62.992208187,600.000143872,17.675191793058012,10.498698847052,28.17389064011001
adfe201,CampaignManager,cm-grpc-p,84513,84567,cm-grpc-p:c28,28,28,106.147001373,61.569282954,600.000143872,17.69116265339508,10.261544698418401,27.952707351813476
adfe201,CampaignManager,cm-grpc-p,84513,84568,cm-grpc-p:c29,29,29,111.624540882,35.648157466,600.000143872,18.604085685988306,5.9413581530082,24.545443838996505
adfe201,CampaignManager,cm-grpc-p,84513,84569,cm-grpc-p:c30,30,30,110.91719948,58.609802431,600.000143872,18.48619548059014,9.768298062859035,28.25449354344918
adfe201,CampaignManager,cm-grpc-p,84513,84570,cm-grpc-p:c31,31,31,111.560382085,51.877253663,600.000143872,18.593392555719042,8.646206870588209,27.239599426307255
adfe201,CampaignManager,cm-grpc-p,84513,84571,cm-grpc-p:c32,32,32,112.91012584,28.36470081,600.000143872,18.818349794277296,4.727449001420762,23.545798795698058
adfe201,CampaignManager,cm-grpc-p,84513,84572,cm-grpc-p:c33,33,33,97.77830799,85.104706285,600.000143872,16.29638075734518,14.184114313005177,30.480495070350354
adfe201,CampaignManager,cm-grpc-p,84513,84573,cm-grpc-p:c34,34,34,117.322771361,33.028505148,600.000143872,19.55379053809508,5.504749538034457,25.05854007612954
adfe201,CampaignManager,cm-grpc-p,84513,84574,cm-grpc-p:c35,35,35,99.893540609,44.897665888,600.000143872,16.648919442644438,7.482942520356823,24.13186196300126
adfe201,CampaignManager,cm-grpc-p,84513,84575,cm-grpc-p:c54,54,54,106.837247953,47.150129274,600.000143872,17.80620372247643,7.85835299467173,25.664556717148162
adfe201,CampaignManager,cm-logging,84513,84555,cm-logging:c35,35,35,112.267419705,119.563780304,600.000143872,18.711232130796017,19.927291939034422,38.638524069830446
adfe201,CampaignManager,cm-logging,84513,84556,cm-logging:c54,54,54,116.735321336,122.368565395,600.000143872,19.455882224072187,20.394756008776106,39.8506382328483
adfe201,CampaignManager,cm-logging,84513,84557,cm-logging:c55,55,55,114.764491761,193.347836682,600.000143872,19.127410707001946,32.22463171996298,51.352042426964914
adfe201,CampaignManager,cm-logging,84513,84558,cm-logging:c56,56,56,110.424535334,69.843780597,600.000143872,18.404084809279183,11.64062730823278,30.044712117511963
adfe201,CampaignManager,event_engine,84513,84534,event_engin:c60,60,60,11.08628265,86.062363001,600.000143872,1.8477133319429793,14.343723727399633,16.19143705934261
adfe201,CampaignManager,event_engine,84513,84535,event_engin:c61,61,61,12.003044851,86.369585162,600.000143872,2.0005069954717625,14.394927408621673,16.395434404093436
adfe201,CampaignManager,event_engine,84513,84536,event_engin:c62,62,62,12.6896627,99.673381951,600.000143872,2.114943276198135,16.612226341776285,18.727169617974422
adfe201,CampaignManager,event_engine,84513,84537,event_engin:c63,63,63,11.850172489,88.460056731,600.000143872,1.9750282745812202,14.743339253243825,16.718367527825045
adfe201,CampaignManager,event_engine,84513,84538,event_engin:c64,64,64,12.59648985,91.715922552,600.000143872,2.099414471588402,15.285983426624988,17.38539789821339
adfe201,CampaignManager,event_engine,84513,84539,event_engin:c65,65,65,12.474699827,83.091384959,600.000143872,2.0791161392890047,13.848560839133091,15.927676978422095
adfe201,CampaignManager,event_engine,84513,84540,event_engin:c66,66,66,12.197951527,94.566662031,600.000143872,2.0329914336824273,15.761106559196795,17.794097992879223
adfe201,CampaignManager,event_engine,84513,84541,event_engin:c67,67,67,11.096934443,97.8499778,600.000143872,1.8494886303506197,16.30832572281427,18.157814353164888
adfe201,CampaignManager,event_engine,84513,84542,event_engin:c68,68,68,12.211948405,104.549678658,600.000143872,2.03532424612305,17.42494226473118,19.460266510854225
adfe201,CampaignManager,event_engine,84513,84543,event_engin:c69,69,69,11.919294187,89.297181279,600.000143872,1.9865485548188104,14.882859977788616,16.869408532607427
adfe201,CampaignManager,event_engine,84513,84544,event_engin:c70,70,70,11.709846267,99.876795981,600.000143872,1.9516405765226117,16.646128671980293,18.597769248502903
adfe201,CampaignManager,event_engine,84513,84545,event_engin:c71,71,71,12.652761936,93.721971315,600.000143872,2.10879315033952,15.620324806954383,17.7291179572939
adfe201,CampaignManager,event_engine,84513,84547,event_engin:c18,18,18,13.523805184,98.805643333,600.000143872,2.253966990195435,16.46760327345497,18.721570263650406
adfe201,CampaignManager,event_engine,84513,84548,event_engin:c19,19,19,12.909218103,109.840208784,600.000143872,2.151535834590394,18.306697074298132,20.458232908888522
adfe201,CampaignManager,event_engine,84513,84549,event_engin:c20,20,20,11.246014792,55.023314588,600.000143872,1.874335349226041,9.170550232357662,11.044885581583703
adfe201,CampaignManager,event_engine,84513,84550,event_engin:c21,21,21,12.715058357,81.286231003,600.000143872,2.119175884683212,13.547701918608382,15.666877803291596
adfe201,CampaignManager,fast-scheduler,84513,84554,fast-schedu:c26,26,26,0.0,0.0,600.000143872,0.0,0.0,0.0
adfe201,CampaignManager,grpc-server,84513,84587,grpc-server:c58,58,58,19.579617235,70.099713739,600.000143872,3.263268756678329,11.683282821671224,14.94655157834955
adfe201,CampaignManager,grpc-server,84513,84588,grpc-server:c59,59,59,19.094625791,70.102277895,600.000143872,3.1824368687274047,11.683710180902082,14.866147049629486
adfe201,CampaignManager,grpc-server,84513,84589,grpc-server:c60,60,60,18.382576351,65.573074198,600.000143872,3.0637619905173916,10.928843079075815,13.992605069593205
adfe201,CampaignManager,grpc-server,84513,84590,grpc-server:c61,61,61,19.155502858,61.59121472,600.000143872,3.1925830441278205,10.265199991875244,13.457783036003065
adfe201,CampaignManager,grpc-server,84513,84591,grpc-server:c62,62,62,2.553286146,27.09563994,600.000143872,0.4255475889593621,4.515938907138063,4.941486496097425
adfe201,CampaignManager,grpc-server,84513,84592,grpc-server:c63,63,63,2.269261722,21.701411611,600.000143872,0.3782101963102377,3.616901067882016,3.995111264192254
adfe201,CampaignManager,grpc-server,84513,84593,grpc-server:c64,64,64,2.299369456,23.426387322,600.000143872,0.38322815077366584,3.9043969507776697,4.287625101551336
adfe201,CampaignManager,grpc-server,84513,84594,grpc-server:c65,65,65,2.000813084,18.454359493,600.000143872,0.3334687673719692,3.075725844648619,3.409194612020588
adfe201,CampaignManager,grpc-server,84513,84595,grpc-server:c66,66,66,26.767179529,71.848117955,600.000143872,4.461195518431464,11.974683454463904,16.435878972895367
adfe201,CampaignManager,grpc-server,84513,84596,grpc-server:c67,67,67,27.526996345,81.858249611,600.000143872,4.587831624065815,13.64303833041465,18.230869954480465
adfe201,CampaignManager,grpc-server,84513,84597,grpc-server:c68,68,68,27.426810779,77.408316256,600.000143872,4.571134033736341,12.901382949087054,17.472516982823393
adfe201,CampaignManager,grpc-server,84513,84598,grpc-server:c69,69,69,26.962944242,67.936823245,600.000143872,4.493822962774504,11.32280115910992,15.816624121884423
adfe201,CampaignManager,grpc-server,84513,84599,grpc-server:c70,70,70,1.579674672,19.662755551,600.000143872,0.26327904886919445,3.2771251393557534,3.5404041882249477
adfe201,CampaignManager,grpc-server,84513,84600,grpc-server:c71,71,71,1.927560605,18.357099474,600.000143872,0.3212600237994631,3.0595158453688938,3.380775869168357
adfe201,CampaignManager,grpc-server,84513,84601,grpc-server:c18,18,18,1.418672883,14.395511607,600.000143872,0.23644542380353997,2.399251359191514,2.635696782995054
adfe201,CampaignManager,grpc-server,84513,84602,grpc-server:c19,19,19,1.756750245,21.942642397,600.000143872,0.29279163729246926,3.657106189241364,3.9498978265338334
adfe201,CampaignManager,grpc_global,84513,84533,grpc_global:c34,34,34,0.024729479,0.399555965,600.000143872,0.004121578845033681,0.066592644865305,0.07071422371033867
adfe201,CampaignManager,grpcpp_sync,84513,84586,grpcpp_sync:c69,69,69,0.002412946,0.044771397,600.000143872,0.0004021575702346434,0.0074618977107364206,0.007864055280971064
adfe201,CampaignManager,http-server,84513,84603,http-server:c57,57,57,0.0,0.0,600.000143872,0.0,0.0,0.0
adfe201,CampaignManager,http-server,84513,84604,http-server:c58,58,58,8.3889e-05,0.000222494,600.000143872,1.3981496647423523e-05,3.708232444148636e-05,5.1063821088909885e-05
adfe201,CampaignManager,http-server,84513,84605,http-server:c59,59,59,0.0,0.0,600.000143872,0.0,0.0,0.0
adfe201,CampaignManager,http-server,84513,84606,http-server:c60,60,60,0.0,0.0,600.000143872,0.0,0.0,0.0
adfe201,CampaignManager,jemalloc_bg,84513,84532,jemalloc_bg:c57,57,57,3.639517403,0.780498874,600.000143872,0.6065860883820772,0.13008311447447027,0.7366692028565474
adfe201,CampaignManager,jemalloc_bg,84513,84546,jemalloc_bg:c58,58,58,1.760755471,0.689814796,600.000143872,0.29345917479906936,0.11496910509860818,0.4084282798976775
adfe201,CampaignManager,jemalloc_bg,84513,84552,jemalloc_bg:c59,59,59,2.886087439,1.005171546,600.000143872,0.4810144578258132,0.16752855082888723,0.6485430086547004
adfe201,CampaignManager,jemalloc_bg,84513,84553,jemalloc_bg:c60,60,60,3.946979155,1.502160769,600.000143872,0.6578297014278753,0.25036006813366046,0.9081897695615357
adfe201,CampaignManager,lifeguard,84513,84551,lifeguard:c59,59,59,0.021754322,0.416959571,600.000143872,0.003625719463934149,0.06949324516977971,0.07311896463371387
adfe201,CampaignManager,task-runner,84513,84576,task-runner:c33,33,33,84.162580249,7.712485191,600.000143872,14.027093344656711,1.285413890274888,15.3125072349316
adfe201,CampaignManager,task-runner,84513,84577,task-runner:c34,34,34,6.290263946,0.424591191,600.000143872,1.0483770729464896,0.070765181531453,1.1191422544779426
adfe201,CampaignManager,task-runner,84513,84584,task-runner:c35,35,35,0.462375123,2.248211617,600.000143872,0.07706250202143952,0.37470184631815995,0.45176434833959944
adfe201,CampaignManager,task-runner,84513,86395,task-runner:c55,55,55,157.467574846,67.535061725,600.000143872,26.24458951456403,11.255840921832759,37.50043043639678
adfe201,CampaignManager,task-runner,84513,86396,task-runner:c54,54,54,0.005223571,0.00913825,600.000143872,0.0008705949579096037,0.0015230413014616698,0.0023936362593712734
adfe201,ChannelServer,cs-grpc-p,151777,151800,cs-grpc-p:c58,58,58,205.213555321,39.273510098,600.000143872,34.2022510189229,6.545583446789697,40.7478344657126
adfe201,ChannelServer,cs-grpc-p,151777,151801,cs-grpc-p:c59,59,59,203.19057164,48.825591978,600.000143872,33.865087152936965,8.13759671171281,42.002683864649775
adfe201,ChannelServer,cs-grpc-p,151777,151802,cs-grpc-p:c18,18,18,202.129599662,50.883691124,600.000143872,33.68825853233811,8.480613153795375,42.168871686133485
adfe201,ChannelServer,cs-grpc-p,151777,151803,cs-grpc-p:c61,61,61,194.155369641,45.903622877,600.000143872,32.359220514190376,7.650601978320987,40.00982249251137
adfe201,ChannelServer,cs-grpc-p,151777,151804,cs-grpc-p:c62,62,62,219.23666004,42.669836423,600.000143872,36.539434578330784,7.111637698557435,43.651072276888215
adfe201,ChannelServer,cs-grpc-p,151777,151805,cs-grpc-p:c63,63,63,210.065993514,39.988435868,600.000143872,35.01099052383129,6.664737713218093,41.675728237049384
adfe201,ChannelServer,cs-grpc-p,151777,151806,cs-grpc-p:c64,64,64,207.065654245,39.528709669,600.000143872,34.51093409890481,6.588116698424124,41.09905079732894
adfe201,ChannelServer,cs-grpc-p,151777,151807,cs-grpc-p:c65,65,65,201.141148399,37.384068088,600.000143872,33.52351669467434,6.230676520633513,39.75419321530785
adfe201,ChannelServer,cs-grpc-p,151777,151808,cs-grpc-p:c66,66,66,193.564619853,56.571370256,600.000143872,32.260762239799355,9.42855944849049,41.68932168828985
adfe201,ChannelServer,cs-grpc-p,151777,151809,cs-grpc-p:c67,67,67,175.10941734,89.331400076,600.000143872,29.1848958918511,14.888563109254413,44.073459001105505
adfe201,ChannelServer,cs-grpc-p,151777,151810,cs-grpc-p:c68,68,68,198.248134331,63.040826448,600.000143872,33.04134779895868,10.506801888608997,43.54814968756768
adfe201,ChannelServer,cs-grpc-p,151777,151811,cs-grpc-p:c69,69,69,186.573526815,61.747526318,600.000143872,31.095580346194442,10.29125191862834,41.38683226482278
adfe201,ChannelServer,cs-grpc-p,151777,151812,cs-grpc-p:c70,70,70,186.966740771,77.717010479,600.000143872,31.1611159898132,12.95283197391693,44.11394796373013
adfe201,ChannelServer,cs-grpc-p,151777,151813,cs-grpc-p:c71,71,71,192.926025493,52.024307748,600.000143872,32.15432987198709,8.670715878877942,40.82504575086503
adfe201,ChannelServer,cs-grpc-p,151777,151814,cs-grpc-p:c19,19,19,184.148519463,78.672753808,600.000143872,30.69141255110849,13.112122490554523,43.80353504166301
adfe201,ChannelServer,cs-grpc-p,151777,151815,cs-grpc-p:c60,60,60,196.600694651,50.102511381,600.000143872,32.76677458479768,8.350416561181447,41.11719114597913
adfe201,ChannelServer,event_engine,151777,151817,event_engin:c55,55,55,8.63467587,166.053760747,600.000143872,1.4391122999200587,27.675620154921962,29.11473245484202
adfe201,ChannelServer,event_engine,151777,151818,event_engin:c56,56,56,8.907043287,34.533566198,600.000143872,1.4845068585350487,5.755592986218876,7.240099844753925
adfe201,ChannelServer,event_engine,151777,151819,event_engin:c57,57,57,10.703126686,42.381729154,600.000143872,1.7838540199222575,7.063619831904813,8.84747385182707
adfe201,ChannelServer,event_engine,151777,151820,event_engin:c58,58,58,9.558090789,95.200698664,600.000143872,1.5930147495163032,15.866779306024545,17.45979405554085
adfe201,ChannelServer,event_engine,151777,151821,event_engin:c59,59,59,9.166136561,92.072301035,600.000143872,1.5276890605138658,15.345379826215856,16.873068886729722
adfe201,ChannelServer,event_engine,151777,151822,event_engin:c60,60,60,8.054716578,82.551601407,600.000143872,1.342452441097804,13.758596935371903,15.101049376469708
adfe201,ChannelServer,event_engine,151777,151823,event_engin:c61,61,61,8.381437265,79.711829049,600.000143872,1.3969058758739297,13.285301655861801,14.682207531735731
adfe201,ChannelServer,event_engine,151777,151824,event_engin:c62,62,62,8.698839553,99.208217642,600.000143872,1.44980624452246,16.534698975532983,17.984505220055443
adfe201,ChannelServer,event_engine,151777,151825,event_engin:c63,63,63,8.734553654,88.074041887,600.000143872,1.4557585932618329,14.679003461337357,16.13476205459919
adfe201,ChannelServer,event_engine,151777,151826,event_engin:c64,64,64,8.560522333,90.191598458,600.000143872,1.4267533800502294,15.031929471877072,16.4586828519273
adfe201,ChannelServer,event_engine,151777,151827,event_engin:c65,65,65,8.724126754,82.042121319,600.000143872,1.4540207770118714,13.673683607732986,15.127704384744858
adfe201,ChannelServer,event_engine,151777,151830,event_engin:c66,66,66,8.19604524,91.396904227,600.000143872,1.3660072124496838,15.232813718541042,16.598820930990723
adfe201,ChannelServer,event_engine,151777,151832,event_engin:c67,67,67,8.554320619,98.958681248,600.000143872,1.4257197612980774,16.49310958650556,17.91882934780364
adfe201,ChannelServer,event_engine,151777,151833,event_engin:c68,68,68,8.865818933,104.363271254,600.000143872,1.4776361345158902,17.393874371514176,18.871510506030067
adfe201,ChannelServer,event_engine,151777,151834,event_engin:c69,69,69,9.04997545,93.890675425,600.000143872,1.5083288799895123,15.648442151878884,17.1567710318684
adfe201,ChannelServer,event_engine,151777,151835,event_engin:c70,70,70,8.346688387,99.874378111,600.000143872,1.3911143975959823,16.64572569374359,18.03684009133957
adfe201,ChannelServer,fast-scheduler,151777,151797,fast-schedu:c68,68,68,0.0,0.0,600.000143872,0.0,0.0,0.0
adfe201,ChannelServer,grpc-server,151777,151838,grpc-server:c60,60,60,16.066521305,68.405022919,600.000143872,2.6777529087438894,11.400834419398585,14.078587328142472
adfe201,ChannelServer,grpc-server,151777,151839,grpc-server:c59,59,59,16.160148789,71.078261071,600.000143872,2.6933574856687863,11.846374004564131,14.539731490232919
adfe201,ChannelServer,grpc-server,151777,151840,grpc-server:c61,61,61,15.889406179,64.742605114,600.000143872,2.6482337281555286,10.790431598265041,13.43866532642057
adfe201,ChannelServer,grpc-server,151777,151841,grpc-server:c62,62,62,16.605715106,76.082684253,600.000143872,2.7676185206953137,12.680444334898521,15.448062855593836
adfe201,ChannelServer,grpc-server,151777,151842,grpc-server:c63,63,63,15.034766737,66.182857833,600.000143872,2.505793855310711,11.030473660539489,13.5362675158502
adfe201,ChannelServer,grpc-server,151777,151843,grpc-server:c64,64,64,14.83443387,64.078418921,600.000143872,2.472405052150234,10.679733925975535,13.152138978125768
adfe201,ChannelServer,grpc-server,151777,151844,grpc-server:c65,65,65,14.101227036,58.218512061,600.000143872,2.350203942452431,9.703083016830067,12.053286959282497
adfe201,ChannelServer,grpc-server,151777,151845,grpc-server:c69,69,69,15.468414512,67.922087182,600.000143872,2.578068467146889,11.320345149198838,13.898413616345728
adfe201,ChannelServer,grpc-server,151777,151846,grpc-server:c67,67,67,2.783944787,35.382698584,600.000143872,0.4639906865745532,5.897115016617114,6.361105703191668
adfe201,ChannelServer,grpc-server,151777,151847,grpc-server:c66,66,66,2.757408652,32.807849744,600.000143872,0.4595679984683882,5.467973646186159,5.927541644654547
adfe201,ChannelServer,grpc-server,151777,151848,grpc-server:c68,68,68,2.689391279,34.174634225,600.000143872,0.4482317723533307,5.69577100506339,6.144002777416721
adfe201,ChannelServer,grpc-server,151777,151849,grpc-server:c70,70,70,2.330495968,29.314935583,600.000143872,0.38841590152971234,4.885821425611833,5.274237327141545
adfe201,ChannelServer,grpc-server,151777,151850,grpc-server:c71,71,71,9.431327513,49.678055591,600.000143872,1.5718875419156593,8.279673946477917,9.851561488393576
adfe201,ChannelServer,grpc-server,151777,151851,grpc-server:c20,20,20,7.57381467,30.929978331,600.000143872,1.262302142316777,5.154995152400896,6.417297294717672
adfe201,ChannelServer,grpc-server,151777,151852,grpc-server:c18,18,18,10.118229368,56.294362187,600.000143872,1.6863711569640147,9.382391448060963,11.068762605024977
adfe201,ChannelServer,grpc-server,151777,151853,grpc-server:c19,19,19,9.718418514,63.407353447,600.000143872,1.6197360306088964,10.56788970712762,12.187625737736516
adfe201,ChannelServer,grpc_global,151777,151816,grpc_global:c70,70,70,0.019336689,0.317968143,600.000143872,0.003222780727220152,0.052994677792582864,0.05621745851980302
adfe201,ChannelServer,grpcpp_sync,151777,151837,grpcpp_sync:c65,65,65,0.001425073,0.011303952,600.000143872,0.0002375121097144296,0.0018839915482439466,0.0021215036579583764
adfe201,ChannelServer,grpcpp_sync,151777,157573,grpcpp_sync:c66,66,66,0.001954224,0.019202514,600.000143872,0.00032570392190054223,0.00320041823258238,0.003526122154482922
adfe201,ChannelServer,http-server,151777,151854,http-server:c61,61,61,6.1998e-05,0.000202857,600.000143872,1.0332997522284968e-05,3.3809491892934636e-05,4.4142489415219606e-05
adfe201,ChannelServer,http-server,151777,151855,http-server:c62,62,62,0.0,0.0,600.000143872,0.0,0.0,0.0
adfe201,ChannelServer,http-server,151777,151856,http-server:c63,63,63,0.0,0.0,600.000143872,0.0,0.0,0.0
adfe201,ChannelServer,http-server,151777,151857,http-server:c64,64,64,0.0,0.0,600.000143872,0.0,0.0,0.0
adfe201,ChannelServer,jemalloc_bg,151777,151795,jemalloc_bg:c28,28,28,0.245609367,0.157705725,600.000143872,0.04093488468436045,0.026284281197379827,0.06721916588174028
adfe201,ChannelServer,jemalloc_bg,151777,151828,jemalloc_bg:c29,29,29,0.14755567,0.051626715,600.000143872,0.024592605769687706,0.00860445043676751,0.03319705620645522
adfe201,ChannelServer,jemalloc_bg,151777,151829,jemalloc_bg:c30,30,30,0.254957291,0.485794057,600.000143872,0.04249287164410928,0.08096565675218172,0.12345852839629101
adfe201,ChannelServer,jemalloc_bg,151777,151831,jemalloc_bg:c31,31,31,0.114070747,0.110945473,600.000143872,0.019011786607893728,0.01849090773279354,0.037502694340687266
adfe201,ChannelServer,lifeguard,151777,151836,lifeguard:c67,67,67,0.017274923,0.588369692,600.000143872,0.0028791531429507985,0.0980615918194711,0.1009407449624219
adfe201,ChannelServer,task-runner,151777,151796,task-runner:c34,34,34,0.0,0.0,600.000143872,0.0,0.0,0.0
adfe201,ChannelServer,task-runner,151777,151798,task-runner:c35,35,35,2.881160456,0.904928007,600.000143872,0.48019329418938395,0.1508212983350636,0.6310145925244476
adfe201,FCGIActionServer,bid-request,84830,85880,bid-request:c35,35,35,0.364908261,1.148051849,600.000143872,0.060818028916647573,0.19134192895208998,0.25215995786873757
adfe201,FCGIActionServer,bid-request,84830,85881,bid-request:c36,36,36,0.45719097,4.03390243,600.000143872,0.07619847672862126,0.6723169104540357,0.7485153871826571
adfe201,FCGIActionServer,bid-request,84830,85883,bid-request:c31,31,31,0.3995786,2.246135639,600.000143872,0.0665964173644004,0.3743558500677919,0.4409522674321923
adfe201,FCGIActionServer,bid-request,84830,85897,bid-request:c30,30,30,0.379103722,3.131715209,600.000143872,0.06318393851600067,0.5219524096761049,0.5851363481921055
adfe201,FCGIActionServer,bid-request,84830,85910,bid-request:c70,70,70,0.369272591,2.170706732,600.000143872,0.06154541707556292,0.36178436858226554,0.4233297856578284
adfe201,FCGIActionServer,bid-request,84830,85946,bid-request:c44,44,44,0.444245961,5.510293104,600.000143872,0.07404097574596123,0.9183819637842502,0.9924229395302113
adfe201,FCGIActionServer,bid-request,84830,85947,bid-request:c45,45,45,0.461882709,5.517643463,600.000143872,0.07698043304111857,0.9196070233238306,0.9965874563649492
adfe201,FCGIActionServer,bid-request,84830,85949,bid-request:c43,43,43,0.459681102,4.115876817,600.000143872,0.07661349862910455,0.6859793050113091,0.7625928036404136
adfe201,FCGIActionServer,bid-request,84830,85950,bid-request:c60,60,60,0.372967871,1.892575726,600.000143872,0.06216129692788315,0.31542921203094737,0.3775905089588305
adfe201,FCGIActionServer,bid-request,84830,85952,bid-request:c56,56,56,0.377912734,1.842816389,600.000143872,0.06298544056359782,0.3071359911862178,0.3701214317498156
adfe201,FCGIActionServer,bid-request,84830,85953,bid-request:c57,57,57,0.383788824,2.816354719,600.000143872,0.06396478866209654,0.46939234061264196,0.5333571292747386
adfe201,FCGIActionServer,bid-request,84830,85954,bid-request:c16,16,16,0.457461564,3.940121432,600.000143872,0.07624357571780713,0.656686747868607,0.7329303235864141
adfe201,FCGIActionServer,bid-request,84830,85956,bid-request:c8,8,8,0.463432615,7.657160175,600.000143872,0.07723875064584411,1.276193056485921,1.3534318071317653
adfe201,FCGIActionServer,bid-request,84830,85958,bid-request:c24,24,24,0.378504706,3.701785258,600.000143872,0.06308410253994,0.6169640617269109,0.6800481642668509
adfe201,FCGIActionServer,bid-request,84830,85959,bid-request:c27,27,27,0.408578294,3.494510952,600.000143872,0.06809636600473272,0.5824183523438446,0.6505147183485773
adfe201,FCGIActionServer,bid-request,84830,85961,bid-request:c29,29,29,0.368174513,2.011157508,600.000143872,0.06136240411944699,0.3351928376252268,0.39655524174467377
adfe201,FCGIActionServer,bid-request,84830,85962,bid-request:c38,38,38,0.459345982,5.065664413,600.000143872,0.07655764530916409,0.8442771997202512,0.9208348450294153
adfe201,FCGIActionServer,bid-request,84830,85964,bid-request:c22,22,22,0.390934596,4.64818877,600.000143872,0.0651557503765198,0.774697942571096,0.8398536929476157
adfe201,FCGIActionServer,bid-request,84830,85965,bid-request:c3,3,3,0.440863659,2.775574343,600.000143872,0.07347725888113302,0.4625956129090733,0.5360728717902062
adfe201,FCGIActionServer,bid-request,84830,85967,bid-request:c55,55,55,0.366738326,3.694647672,600.000143872,0.06112303967684339,0.6157744643454938,0.6768975040223372
adfe201,FCGIActionServer,bid-request,84830,85969,bid-request:c59,59,59,0.351367335,2.41131474,600.000143872,0.05856120845780303,0.4018856936331691,0.46044690209097217
adfe201,FCGIActionServer,bid-request,84830,85970,bid-request:c69,69,69,0.342523348,1.732034406,600.000143872,0.05708721097791464,0.2886723317802238,0.3457595427581384
adfe201,FCGIActionServer,bid-request,84830,85971,bid-request:c53,53,53,0.427420744,4.269874262,600.000143872,0.07123677358503819,0.7116455396902215,0.7828823132752597
adfe201,FCGIActionServer,bid-request,84830,85972,bid-request:c34,34,34,0.366146629,1.26217851,600.000143872,0.06102442353382356,0.21036303455774916,0.2713874580915727
adfe201,FCGIActionServer,bid-request,84830,85973,bid-request:c7,7,7,0.439306506,6.927382189,600.000143872,0.07321773344336376,1.1545634213177525,1.2277811547611162
adfe201,FCGIActionServer,bid-request,84830,85974,bid-request:c40,40,40,0.453284186,3.506563588,600.000143872,0.07554734621808701,0.5844271245288346,0.6599744707469215
adfe201,FCGIActionServer,bid-request,84830,85975,bid-request:c67,67,67,0.347224165,2.221433984,600.000143872,0.057870680290049145,0.3702389085549796,0.4281095888450287
adfe201,FCGIActionServer,bid-request,84830,85976,bid-request:c25,25,25,0.355268695,3.575427433,600.000143872,0.05921143496855405,0.5959044292767299,0.655115864245284
adfe201,FCGIActionServer,bid-request,84830,85977,bid-request:c41,41,41,0.429426865,2.800322547,600.000143872,0.07157112700486469,0.466720312586692,0.5382914395915567
adfe201,FCGIActionServer,bid-request,84830,85978,bid-request:c33,33,33,0.368803159,2.531517757,600.000143872,0.061467178427656845,0.42191952499599017,0.483386703423647
adfe201,FCGIActionServer,bid-request,84830,85979,bid-request:c20,20,20,0.328049797,3.325437076,600.000143872,0.05467495305634192,0.5542393797674533,0.6089143328237951
adfe201,FCGIActionServer,bid-request,84830,85980,bid-request:c23,23,23,0.353890543,3.707184034,600.000143872,0.058981743023631114,0.6178638575111518,0.6768456005347829
adfe201,FCGIActionServer,bid-request,84830,85981,bid-request:c18,18,18,0.373672321,2.518734933,600.000143872,0.06227870523306354,0.41978905484018186,0.4820677600732454
adfe201,FCGIActionServer,bid-request,84830,85982,bid-request:c54,54,54,0.353864442,1.302352036,600.000143872,0.05897739285800756,0.21705862061890355,0.2760360134769111
adfe201,FCGIActionServer,bid-request,84830,85983,bid-request:c58,58,58,0.374391591,2.43258341,600.000143872,0.062398583537651646,0.4054304711165121,0.46782905465416375
adfe201,FCGIActionServer,bid-request,84830,85984,bid-request:c1,1,1,0.403638749,2.697851413,600.000143872,0.06727310870213885,0.4496417943485596,0.5169149030506984
adfe201,FCGIActionServer,bid-request,84830,85985,bid-request:c50,50,50,0.410684401,5.392614453,600.000143872,0.06844738375389667,0.898768859987211,0.9672162437411076
adfe201,FCGIActionServer,bid-request,84830,85986,bid-request:c68,68,68,0.350641704,2.024400671,600.000143872,0.05844026998680246,0.3374000309293046,0.39584030091610706
adfe201,FCGIActionServer,bid-request,84830,85987,bid-request:c61,61,61,0.322495387,1.807433492,600.000143872,0.05374921827832078,0.30123884310027527,0.35498806137859606
adfe201,FCGIActionServer,bid-request,84830,85988,bid-request:c32,32,32,0.367632564,1.176930896,600.000143872,0.06127207930777234,0.19615510229795521,0.25742718160572753
adfe201,FCGIActionServer,bid-request,84830,85989,bid-request:c28,28,28,0.378744096,3.703290067,600.000143872,0.06312400086370624,0.617214863166772,0.6803388640304783
adfe201,FCGIActionServer,bid-request,84830,85990,bid-request:c10,10,10,0.451713483,3.396969842,600.000143872,0.07528556244752593,0.5661615045753533,0.6414470670228792
adfe201,FCGIActionServer,bid-request,84830,85991,bid-request:c51,51,51,0.407339896,4.46480403,600.000143872,0.06788996638755793,0.7441338265666302,0.8120237929541881
adfe201,FCGIActionServer,bid-request,84830,85992,bid-request:c62,62,62,0.350784059,1.96139371,600.000143872,0.058463995814446654,0.3268988732806755,0.3853628690951222
adfe201,FCGIActionServer,bid-request,84830,85993,bid-request:c52,52,52,0.434453875,5.475591346,600.000143872,0.07240896180396308,0.912598338837753,0.9850073006417162
adfe201,FCGIActionServer,bid-request,84830,85994,bid-request:c39,39,39,0.424863577,3.368852916,600.000143872,0.07081057918723392,0.561475351365697,0.632285930552931
adfe201,FCGIActionServer,bid-request,84830,85995,bid-request:c66,66,66,0.325830209,2.223735992,600.000143872,0.05430502181171317,0.37062257646298113,0.4249275982746943
adfe201,FCGIActionServer,bid-request,84830,85996,bid-request:c37,37,37,0.434359628,3.891320632,600.000143872,0.07239325397439628,0.6485532831522367,0.720946537126633
adfe201,FCGIActionServer,bid-request,84830,85997,bid-request:c21,21,21,0.327555793,3.742144596,600.000143872,0.054592619076084516,0.6236906164473061,0.6782832355233905
adfe201,FCGIActionServer,bid-request,84830,85998,bid-request:c65,65,65,0.338123148,1.661872332,600.000143872,0.05635384448709948,0.2769786555842114,0.33333250007131093
adfe201,FCGIActionServer,bid-request,84830,85999,bid-request:c49,49,49,0.424019033,5.665633898,600.000143872,0.0706698218876523,0.9442720899094764,1.0149419117971288
adfe201,FCGIActionServer,bid-request,84830,86000,bid-request:c6,6,6,0.427558483,2.782966194,600.000143872,0.07125973007953353,0.46382758778032884,0.5350873178598624
adfe201,FCGIActionServer,bid-request,84830,86001,bid-request:c9,9,9,0.445211946,6.377922406,600.000143872,0.07420197320735618,1.0629868127766022,1.1371887859839585
adfe201,FCGIActionServer,bid-request,84830,86002,bid-request:c12,12,12,0.468340502,1.770634618,600.000143872,0.07805673161636985,0.2951056989042548,0.3731624305206247
adfe201,FCGIActionServer,bid-request,84830,86003,bid-request:c46,46,46,0.406371639,5.740892818,600.000143872,0.06772859025958711,0.9568152402351296,1.0245438304947168
adfe201,FCGIActionServer,bid-request,84830,86004,bid-request:c15,15,15,0.41876563,2.08138688,600.000143872,0.06979425493093493,0.34689773015188297,0.41669198508281785
adfe201,FCGIActionServer,bid-request,84830,86005,bid-request:c19,19,19,0.338536078,3.37424614,600.000143872,0.05642266613726363,0.5623742218168266,0.6187968879540903
adfe201,FCGIActionServer,bid-request,84830,86007,bid-request:c64,64,64,0.343574062,2.378155095,600.000143872,0.057262329935923444,0.3963590874583756,0.45362141739429906
adfe201,FCGIActionServer,bid-request,84830,86008,bid-request:c14,14,14,0.434874971,4.146322587,600.000143872,0.07247914445380088,0.6910535987945611,0.763532743248362
adfe201,FCGIActionServer,bid-request,84830,86009,bid-request:c0,0,0,0.411850896,5.489899758,600.000143872,0.0686417995406117,0.9149830735992587,0.9836248731398705
adfe201,FCGIActionServer,bid-request,84830,86010,bid-request:c48,48,48,0.408061809,4.155841279,600.000143872,0.06801028519204042,0.6926400470808186,0.760650332272859
adfe201,FCGIActionServer,bid-request,84830,86011,bid-request:c11,11,11,0.456679952,3.565153309,600.000143872,0.07611330708237714,0.5941920756873295,0.6703053827697066
adfe201,FCGIActionServer,bid-request,84830,86012,bid-request:c71,71,71,0.361874556,1.676944153,600.000143872,0.060312411537887876,0.2794906251485413,0.3398030366864292
adfe201,FCGIActionServer,bid-request,84830,86013,bid-request:c4,4,4,0.446334581,6.939601156,600.000143872,0.07438907899582405,1.1565999153294284,1.2309889943252523
adfe201,FCGIAdServer,bid-request,84842,85227,bid-request:c59,59,59,0.0,0.0,600.000143872,0.0,0.0,0.0
adfe201,FCGIAdServer,bid-request,84842,85228,bid-request:c56,56,56,0.0,0.0,600.000143872,0.0,0.0,0.0
adfe201,FCGIAdServer,bid-request,84842,85229,bid-request:c32,32,32,0.0,0.0,600.000143872,0.0,0.0,0.0
adfe201,FCGIAdServer,bid-request,84842,85230,bid-request:c30,30,30,0.0,0.0,600.000143872,0.0,0.0,0.0
adfe201,FCGIAdServer,bid-request,84842,85232,bid-request:c41,41,41,0.0,0.0,600.000143872,0.0,0.0,0.0
adfe201,FCGIAdServer,bid-request,84842,85235,bid-request:c22,22,22,0.0,0.0,600.000143872,0.0,0.0,0.0
adfe201,FCGIAdServer,bid-request,84842,85236,bid-request:c50,50,50,0.0,0.0,600.000143872,0.0,0.0,0.0
adfe201,FCGIAdServer,bid-request,84842,85240,bid-request:c1,1,1,0.0,0.0,600.000143872,0.0,0.0,0.0
adfe201,FCGIAdServer,bid-request,84842,85323,bid-request:c12,12,12,0.0,0.0,600.000143872,0.0,0.0,0.0
adfe201,FCGIAdServer,bid-request,84842,85326,bid-request:c34,34,34,0.0,0.0,600.000143872,0.0,0.0,0.0
adfe201,FCGIAdServer,bid-request,84842,85327,bid-request:c39,39,39,0.0,0.0,600.000143872,0.0,0.0,0.0
adfe201,FCGIAdServer,bid-request,84842,85330,bid-request:c63,63,63,0.0,0.0,600.000143872,0.0,0.0,0.0
adfe201,FCGIAdServer,bid-request,84842,85332,bid-request:c67,67,67,0.0,0.0,600.000143872,0.0,0.0,0.0
adfe201,FCGIAdServer,bid-request,84842,85335,bid-request:c7,7,7,0.0,0.0,600.000143872,0.0,0.0,0.0
adfe201,FCGIAdServer,bid-request,84842,85373,bid-request:c24,24,24,0.0,0.0,600.000143872,0.0,0.0,0.0
adfe201,FCGIAdServer,bid-request,84842,85378,bid-request:c42,42,42,0.0,0.0,600.000143872,0.0,0.0,0.0
adfe201,FCGIAdServer,bid-request,84842,85380,bid-request:c40,40,40,0.0,0.0,600.000143872,0.0,0.0,0.0
adfe201,FCGIAdServer,bid-request,84842,85431,bid-request:c53,53,53,0.0,0.0,600.000143872,0.0,0.0,0.0
adfe201,FCGIAdServer,bid-request,84842,85436,bid-request:c2,2,2,0.0,0.0,600.000143872,0.0,0.0,0.0
adfe201,FCGIAdServer,bid-request,84842,85458,bid-request:c38,38,38,0.0,0.0,600.000143872,0.0,0.0,0.0
adfe201,FCGIAdServer,bid-request,84842,85460,bid-request:c4,4,4,0.0,0.0,600.000143872,0.0,0.0,0.0
adfe201,FCGIAdServer,bid-request,84842,85464,bid-request:c33,33,33,0.000288823,0.0,600.000143872,4.8137155124018696e-05,0.0,4.8137155124018696e-05
adfe201,FCGIAdServer,bid-request,84842,85465,bid-request:c31,31,31,0.0,0.0,600.000143872,0.0,0.0,0.0
adfe201,FCGIAdServer,bid-request,84842,85467,bid-request:c3,3,3,0.0,0.0,600.000143872,0.0,0.0,0.0
adfe201,FCGIAdServer,bid-request,84842,85469,bid-request:c69,69,69,0.0,0.0,600.000143872,0.0,0.0,0.0
adfe201,FCGIAdServer,bid-request,84842,85470,bid-request:c13,13,13,0.0,0.0,600.000143872,0.0,0.0,0.0
adfe201,FCGIAdServer,bid-request,84842,85473,bid-request:c6,6,6,0.0,0.0,600.000143872,0.0,0.0,0.0
adfe201,FCGIAdServer,bid-request,84842,85477,bid-request:c55,55,55,0.0,0.0,600.000143872,0.0,0.0,0.0
adfe201,FCGIAdServer,bid-request,84842,85482,bid-request:c60,60,60,0.0,0.0,600.000143872,0.0,0.0,0.0
adfe201,FCGIAdServer,bid-request,84842,85484,bid-request:c23,23,23,0.0,0.0,600.000143872,0.0,0.0,0.0
adfe201,FCGIAdServer,bid-request,84842,85494,bid-request:c48,48,48,0.0,0.0,600.000143872,0.0,0.0,0.0
adfe201,FCGIAdServer,bid-request,84842,85497,bid-request:c68,68,68,0.0,0.0,600.000143872,0.0,0.0,0.0
adfe201,FCGIAdServer,bid-request,84842,85504,bid-request:c58,58,58,0.0,0.0,600.000143872,0.0,0.0,0.0
adfe201,FCGIAdServer,bid-request,84842,85506,bid-request:c44,44,44,0.0,0.0,600.000143872,0.0,0.0,0.0
adfe201,FCGIAdServer,bid-request,84842,85507,bid-request:c64,64,64,0.0,0.0,600.000143872,0.0,0.0,0.0
adfe201,FCGIAdServer,bid-request,84842,85508,bid-request:c28,28,28,0.0,0.0,600.000143872,0.0,0.0,0.0
adfe201,FCGIAdServer,bid-request,84842,85509,bid-request:c0,0,0,0.0,0.0,600.000143872,0.0,0.0,0.0
adfe201,FCGIAdServer,bid-request,84842,85510,bid-request:c15,15,15,0.0,0.0,600.000143872,0.0,0.0,0.0
adfe201,FCGIAdServer,bid-request,84842,85511,bid-request:c17,17,17,0.0,0.0,600.000143872,0.0,0.0,0.0
adfe201,FCGIAdServer,bid-request,84842,85512,bid-request:c21,21,21,0.0,0.0,600.000143872,0.0,0.0,0.0
adfe201,FCGIAdServer,bid-request,84842,85513,bid-request:c14,14,14,0.0,0.0,600.000143872,0.0,0.0,0.0
adfe201,FCGIAdServer,bid-request,84842,85514,bid-request:c37,37,37,0.0,0.0,600.000143872,0.0,0.0,0.0
adfe201,FCGIAdServer,bid-request,84842,85515,bid-request:c27,27,27,0.0,0.0,600.000143872,0.0,0.0,0.0
adfe201,FCGIAdServer,bid-request,84842,85516,bid-request:c61,61,61,0.0,0.0,600.000143872,0.0,0.0,0.0
adfe201,FCGIAdServer,bid-request,84842,85517,bid-request:c35,35,35,0.0,0.0,600.000143872,0.0,0.0,0.0
adfe201,FCGIAdServer,bid-request,84842,85520,bid-request:c57,57,57,0.0,0.0,600.000143872,0.0,0.0,0.0
adfe201,FCGIAdServer,bid-request,84842,85522,bid-request:c47,47,47,0.0,0.0,600.000143872,0.0,0.0,0.0
adfe201,FCGIAdServer,bid-request,84842,85524,bid-request:c54,54,54,0.0,0.0,600.000143872,0.0,0.0,0.0
adfe201,FCGIAdServer,bid-request,84842,85526,bid-request:c36,36,36,0.0,0.0,600.000143872,0.0,0.0,0.0
adfe201,FCGIAdServer,bid-request,84842,85528,bid-request:c10,10,10,0.0,0.0,600.000143872,0.0,0.0,0.0
adfe201,FCGIAdServer,bid-request,84842,85529,bid-request:c71,71,71,0.0,0.0,600.000143872,0.0,0.0,0.0
adfe201,FCGIAdServer,bid-request,84842,85530,bid-request:c29,29,29,0.0,0.0,600.000143872,0.0,0.0,0.0
adfe201,FCGIAdServer,bid-request,84842,85531,bid-request:c20,20,20,0.0,0.0,600.000143872,0.0,0.0,0.0
adfe201,FCGIAdServer,bid-request,84842,85532,bid-request:c5,5,5,0.0,0.0,600.000143872,0.0,0.0,0.0
adfe201,FCGIAdServer,bid-request,84842,85533,bid-request:c45,45,45,0.0,0.0,600.000143872,0.0,0.0,0.0
adfe201,FCGIAdServer,bid-request,84842,85534,bid-request:c23,23,23,0.0,0.0,600.000143872,0.0,0.0,0.0
adfe201,FCGIAdServer,bid-request,84842,85535,bid-request:c43,43,43,0.0,0.0,600.000143872,0.0,0.0,0.0
adfe201,FCGIAdServer,bid-request,84842,85536,bid-request:c8,8,8,0.0,0.0,600.000143872,0.0,0.0,0.0
adfe201,FCGIAdServer,bid-request,84842,85537,bid-request:c46,46,46,0.0,0.0,600.000143872,0.0,0.0,0.0
adfe201,FCGIAdServer,bid-request,84842,85538,bid-request:c19,19,19,0.0,0.0,600.000143872,0.0,0.0,0.0
adfe201,FCGIAdServer,bid-request,84842,85539,bid-request:c11,11,11,0.0,0.0,600.000143872,0.0,0.0,0.0
adfe201,FCGIAdServer,bid-request,84842,85540,bid-request:c52,52,52,0.0,0.0,600.000143872,0.0,0.0,0.0
adfe201,FCGIAdServer,bid-request,84842,85541,bid-request:c70,70,70,0.0,0.0,600.000143872,0.0,0.0,0.0
adfe201,FCGIAdServer,bid-request,84842,85542,bid-request:c18,18,18,0.0,0.0,600.000143872,0.0,0.0,0.0
adfe201,FCGIAdServer,bid-request,84842,85543,bid-request:c66,66,66,0.0,0.0,600.000143872,0.0,0.0,0.0
adfe201,FCGIAdServer,bid-request,84842,85544,bid-request:c26,26,26,0.0,0.0,600.000143872,0.0,0.0,0.0
adfe201,FCGIAdServer,bid-request,84842,85545,bid-request:c9,9,9,0.0,0.0,600.000143872,0.0,0.0,0.0
adfe201,FCGIAdServer,bid-request,84842,85546,bid-request:c16,16,16,0.0,0.0,600.000143872,0.0,0.0,0.0
adfe201,FCGIAdServer,bid-request,84842,85547,bid-request:c25,25,25,0.0,0.0,600.000143872,0.0,0.0,0.0
adfe201,FCGIAdServer,bid-request,84842,85548,bid-request:c62,62,62,0.0,0.0,600.000143872,0.0,0.0,0.0
adfe201,FCGIAdServer,bid-request,84842,85549,bid-request:c49,49,49,0.0,0.0,600.000143872,0.0,0.0,0.0
adfe201,FCGIAdServer,bid-request,84842,85550,bid-request:c51,51,51,0.0,0.0,600.000143872,0.0,0.0,0.0
adfe201,FCGIAdServer,bid-request,84842,85551,bid-request:c65,65,65,0.0,0.0,600.000143872,0.0,0.0,0.0
adfe201,FCGIAdServer,bid-request,84842,85552,bid-request:c32,32,32,0.0,0.0,600.000143872,0.0,0.0,0.0
adfe201,FCGIAdServer,bid-request,84842,85553,bid-request:c56,56,56,0.0,0.0,600.000143872,0.0,0.0,0.0
adfe201,FCGIAdServer,bid-request,84842,85554,bid-request:c59,59,59,0.0,0.0,600.000143872,0.0,0.0,0.0
adfe201,FCGIAdServer,bid-request,84842,85555,bid-request:c30,30,30,0.0,0.0,600.000143872,0.0,0.0,0.0
adfe201,FCGIAdServer,bid-request,84842,85556,bid-request:c22,22,22,0.0,0.0,600.000143872,0.0,0.0,0.0
adfe201,FCGIAdServer,bid-request,84842,85558,bid-request:c50,50,50,0.0,0.0,600.000143872,0.0,0.0,0.0
adfe201,FCGIAdServer,bid-request,84842,85559,bid-request:c41,41,41,0.0,0.0,600.000143872,0.0,0.0,0.0
adfe201,FCGIAdServer,bid-request,84842,85560,bid-request:c1,1,1,0.0,0.0,600.000143872,0.0,0.0,0.0
adfe201,FCGIAdServer,bid-request,84842,85561,bid-request:c17,17,17,0.0,0.0,600.000143872,0.0,0.0,0.0
adfe201,FCGIAdServer,bid-request,84842,85562,bid-request:c12,12,12,0.0,0.0,600.000143872,0.0,0.0,0.0
adfe201,FCGIAdServer,bid-request,84842,85563,bid-request:c34,34,34,0.0,0.0,600.000143872,0.0,0.0,0.0
adfe201,FCGIAdServer,bid-request,84842,85564,bid-request:c39,39,39,0.0,0.0,600.000143872,0.0,0.0,0.0
adfe201,FCGIAdServer,bid-request,84842,85565,bid-request:c63,63,63,0.0,0.0,600.000143872,0.0,0.0,0.0
adfe201,FCGIAdServer,bid-request,84842,85566,bid-request:c67,67,67,0.0,0.0,600.000143872,0.0,0.0,0.0
adfe201,FCGIAdServer,bid-request,84842,85567,bid-request:c7,7,7,0.0,0.0,600.000143872,0.0,0.0,0.0
adfe201,FCGIAdServer,bid-request,84842,85568,bid-request:c24,24,24,0.0,0.0,600.000143872,0.0,0.0,0.0
adfe201,FCGIAdServer,bid-request,84842,85569,bid-request:c42,42,42,0.0,0.0,600.000143872,0.0,0.0,0.0
adfe201,FCGIAdServer,bid-request,84842,85570,bid-request:c40,40,40,0.0,0.0,600.000143872,0.0,0.0,0.0
adfe201,FCGIAdServer,bid-request,84842,85571,bid-request:c53,53,53,0.0,0.0,600.000143872,0.0,0.0,0.0
adfe201,FCGIAdServer,bid-request,84842,85572,bid-request:c2,2,2,0.0,0.0,600.000143872,0.0,0.0,0.0
adfe201,FCGIAdServer,bid-request,84842,85573,bid-request:c38,38,38,0.0,0.0,600.000143872,0.0,0.0,0.0
adfe201,FCGIAdServer,bid-request,84842,85574,bid-request:c4,4,4,0.0,0.0,600.000143872,0.0,0.0,0.0
adfe201,FCGIAdServer,bid-request,84842,85575,bid-request:c33,33,33,0.0,0.0,600.000143872,0.0,0.0,0.0
adfe201,FCGIAdServer,bid-request,84842,85576,bid-request:c3,3,3,0.0,0.0,600.000143872,0.0,0.0,0.0
adfe201,FCGIAdServer,bid-request,84842,85577,bid-request:c69,69,69,0.0,0.0,600.000143872,0.0,0.0,0.0
adfe201,FCGIAdServer,bid-request,84842,85578,bid-request:c13,13,13,0.0,0.0,600.000143872,0.0,0.0,0.0
adfe201,FCGIAdServer,bid-request,84842,85579,bid-request:c6,6,6,0.0,0.0,600.000143872,0.0,0.0,0.0
adfe201,FCGIAdServer,bid-request,84842,85580,bid-request:c55,55,55,0.0,0.0,600.000143872,0.0,0.0,0.0
adfe201,FCGIAdServer,bid-request,84842,85581,bid-request:c60,60,60,0.0,0.0,600.000143872,0.0,0.0,0.0
adfe201,FCGIAdServer,bid-request,84842,85582,bid-request:c48,48,48,0.0,0.0,600.000143872,0.0,0.0,0.0
adfe201,FCGIAdServer,bid-request,84842,85583,bid-request:c31,31,31,0.0,0.0,600.000143872,0.0,0.0,0.0
adfe201,FCGIAdServer,bid-request,84842,85584,bid-request:c68,68,68,0.0,0.0,600.000143872,0.0,0.0,0.0
adfe201,FCGIAdServer,bid-request,84842,85585,bid-request:c58,58,58,0.0,0.0,600.000143872,0.0,0.0,0.0
adfe201,FCGIAdServer,bid-request,84842,85586,bid-request:c44,44,44,0.0,0.0,600.000143872,0.0,0.0,0.0
adfe201,FCGIAdServer,bid-request,84842,85587,bid-request:c64,64,64,0.0,0.0,600.000143872,0.0,0.0,0.0
adfe201,FCGIAdServer,bid-request,84842,85588,bid-request:c28,28,28,0.0,0.0,600.000143872,0.0,0.0,0.0
adfe201,FCGIAdServer,bid-request,84842,85589,bid-request:c0,0,0,0.000212269,0.000297839,600.000143872,3.5378158183456045e-05,4.963982143036602e-05,8.501797961382207e-05
adfe201,FCGIAdServer,bid-request,84842,85590,bid-request:c15,15,15,0.000254984,0.0,600.000143872,4.2497323143041876e-05,0.0,4.2497323143041876e-05
adfe201,FCGIAdServer,bid-request,84842,85591,bid-request:c21,21,21,0.000223821,0.000780099,600.000143872,3.7303491055120223e-05,0.00013001646882378432,0.00016731995987890455
adfe201,FCGIAdServer,bid-request,84842,85592,bid-request:c14,14,14,0.000284272,0.0,600.000143872,4.737865530589684e-05,0.0,4.737865530589684e-05
adfe201,FCGIAdServer,bid-request,84842,85593,bid-request:c37,37,37,0.000347996,7.4204e-05,600.000143872,5.799931942586986e-05,1.2367330367812409e-05,7.036664979368228e-05
adfe201,FCGIAdServer,bid-request,84842,85594,bid-request:c27,27,27,0.000230973,0.0,600.000143872,3.8495490769294585e-05,0.0,3.8495490769294585e-05
adfe201,FCGIAdServer,bid-request,84842,85595,bid-request:c61,61,61,0.000220667,0.0,600.000143872,3.677782451450138e-05,0.0,3.677782451450138e-05
adfe201,FCGIAdServer,bid-request,84842,85596,bid-request:c35,35,35,0.000182462,0.0,600.000143872,3.0410326041342618e-05,0.0,3.0410326041342618e-05
adfe201,FCGIAdServer,bid-request,84842,85597,bid-request:c57,57,57,0.0,0.0,600.000143872,0.0,0.0,0.0
adfe201,FCGIAdServer,bid-request,84842,85598,bid-request:c47,47,47,0.000184733,0.000367731,600.000143872,3.078882595058339e-05,6.12884853038384e-05,9.207731125442179e-05
adfe201,FCGIAdServer,bid-request,84842,85599,bid-request:c54,54,54,0.0,0.0,600.000143872,0.0,0.0,0.0
adfe201,FCGIAdServer,bid-request,84842,85600,bid-request:c36,36,36,0.0,0.0,600.000143872,0.0,0.0,0.0
adfe201,FCGIAdServer,bid-request,84842,85601,bid-request:c10,10,10,0.0,0.0,600.000143872,0.0,0.0,0.0
adfe201,FCGIAdServer,bid-request,84842,85602,bid-request:c71,71,71,0.0,0.0,600.000143872,0.0,0.0,0.0
adfe201,FCGIAdServer,bid-request,84842,85603,bid-request:c29,29,29,0.0,0.0,600.000143872,0.0,0.0,0.0
adfe201,FCGIAdServer,bid-request,84842,85604,bid-request:c20,20,20,0.0,0.0,600.000143872,0.0,0.0,0.0
adfe201,FCGIAdServer,bid-request,84842,85605,bid-request:c5,5,5,0.0,0.0,600.000143872,0.0,0.0,0.0
adfe201,FCGIAdServer,bid-request,84842,85606,bid-request:c45,45,45,0.0,0.0,600.000143872,0.0,0.0,0.0
adfe201,FCGIAdServer,bid-request,84842,85607,bid-request:c65,65,65,0.0,0.0,600.000143872,0.0,0.0,0.0
adfe201,FCGIRtbServer,bid-request,84844,85368,bid-request:c45,45,45,192.534165065,346.979418874,600.000143872,32.089019816314234,57.82988927883028,89.91890909514451
adfe201,FCGIRtbServer,bid-request,84844,85369,bid-request:c46,46,46,155.706032373,365.393068056,600.000143872,25.95099917279641,60.898830073272535,86.84982924606895
adfe201,FCGIRtbServer,bid-request,84844,85370,bid-request:c47,47,47,163.979182412,360.102670096,600.000143872,27.32985718199798,60.017097291366966,87.34695447336495
adfe201,FCGIRtbServer,bid-request,84844,85375,bid-request:c50,50,50,293.924407021,224.524103896,600.000143872,48.98738942364385,37.42067500968774,86.40806443333159
adfe201,FCGIRtbServer,bid-request,84844,85432,bid-request:c1,1,1,326.870424477,107.400746797,600.000143872,54.478391016308215,17.900120173956516,72.37851119026473
adfe201,FCGIRtbServer,bid-request,84844,85437,bid-request:c48,48,48,101.891482161,414.619755027,600.000143872,16.9819096214645,69.10327593445581,86.0851855559203
adfe201,FCGIRtbServer,bid-request,84844,85438,bid-request:c49,49,49,156.829151303,369.652853364,600.000143872,26.138185616244932,61.60879412103262,87.74697973727756
adfe201,FCGIRtbServer,bid-request,84844,85439,bid-request:c51,51,51,315.184833105,177.248234806,600.000143872,52.53079292131627,29.541365384041132,82.0721583053574
adfe201,FCGIRtbServer,bid-request,84844,85440,bid-request:c52,52,52,314.550005928,195.027938878,600.000143872,52.424988417186775,32.50464868548531,84.92963710267209
adfe201,FCGIRtbServer,bid-request,84844,85441,bid-request:c53,53,53,263.788931944,239.835567506,600.000143872,43.964811448491076,39.97258499944042,83.9373964479315
adfe201,FCGIRtbServer,bid-request,84844,85442,bid-request:c0,0,0,297.781916132,223.013373298,600.000143872,49.630307454647344,37.16888663706324,86.79919409171058
adfe201,FCGIRtbServer,bid-request,84844,85443,bid-request:c9,9,9,416.557375604,82.945185322,600.000143872,69.42621261985323,13.824194238809211,83.25040685866244
adfe201,FCGIRtbServer,bid-request,84844,85444,bid-request:c3,3,3,297.063271117,147.10976485,600.000143872,49.51053331420092,24.51828826250805,74.02882157670896
adfe201,FCGIRtbServer,bid-request,84844,85445,bid-request:c2,2,2,311.373369368,127.586497028,600.000143872,51.8955491174726,21.264411072411082,73.15996018988368
adfe201,FCGIRtbServer,bid-request,84844,85446,bid-request:c6,6,6,339.111899441,97.87526995,600.000143872,56.518636354417914,16.312541080136818,72.83117743455473
adfe201,FCGIRtbServer,bid-request,84844,85447,bid-request:c4,4,4,285.471218595,173.947748353,600.000143872,47.57852502380408,28.99128444044321,76.56980946424729
adfe201,FCGIRtbServer,bid-request,84844,85448,bid-request:c5,5,5,334.84528115,110.542001174,600.000143872,55.807533476430905,18.42366244458473,74.23119592101564
adfe201,FCGIRtbServer,bid-request,84844,85449,bid-request:c8,8,8,317.572788829,142.054861514,600.000143872,52.92878544654963,23.675804575191073,76.6045900217407
adfe201,FCGIRtbServer,bid-request,84844,85450,bid-request:c7,7,7,312.187949012,131.484117462,600.000143872,52.03131235891838,21.91401432231155,73.94532668122993
adfe201,FCGIRtbServer,bid-request,84844,85451,bid-request:c44,44,44,179.271593328,370.630558483,600.000143872,29.878591723512088,61.77174493512585,91.65033665863794
adfe201,FCGIRtbServer,event_engine,84844,84971,event_engin:c44,44,44,18.375714191,262.461472981,600.000143872,3.0626182974583007,43.74356834104223,46.80618663850053
adfe201,FCGIRtbServer,event_engine,84844,84972,event_engin:c45,45,45,18.291618063,238.524905117,600.000143872,3.0486022794858214,39.7541413203203,42.80274359980612
adfe201,FCGIRtbServer,event_engine,84844,84973,event_engin:c46,46,46,17.318983986,234.680372998,600.000143872,2.8864966388565927,39.11338612079819,41.999882759654774
adfe201,FCGIRtbServer,event_engine,84844,84992,event_engin:c47,47,47,16.034322943,256.673817184,600.000143872,2.672386516364012,42.77895927284262,45.451345789206634
adfe201,FCGIRtbServer,event_engine,84844,85007,event_engin:c48,48,48,19.400779705,199.525309646,600.000143872,3.23346250882547,33.25421030041709,36.48767280924256
adfe201,FCGIRtbServer,event_engine,84844,85014,event_engin:c49,49,49,15.803535692,251.037936451,600.000143872,2.6339219837539605,41.83964604257741,44.473568026331364
adfe201,FCGIRtbServer,event_engine,84844,85015,event_engin:c50,50,50,17.602484391,241.480870267,600.000143872,2.933746695026659,40.24680206052015,43.180548755546816
adfe201,FCGIRtbServer,event_engine,84844,85034,event_engin:c51,51,51,17.259295288,179.900496827,600.000143872,2.876548524908684,29.983408948211647,32.85995747312033
adfe201,FCGIRtbServer,event_engine,84844,85043,event_engin:c52,52,52,18.377635132,234.309775887,600.000143872,3.0629384542148643,39.05161995044222,42.11455840465709
adfe201,FCGIRtbServer,event_engine,84844,85048,event_engin:c53,53,53,21.474046015,201.636295012,600.000143872,3.5790068109685533,33.60604111038609,37.18504792135464
adfe201,FCGIRtbServer,event_engine,84844,85056,event_engine:c0,0,0,17.655505477,233.578928651,600.000143872,2.942583540574368,38.929812106983455,41.872395647557816
adfe201,FCGIRtbServer,event_engine,84844,85060,event_engine:c1,1,1,27.276438685,151.717044642,600.000143872,4.546072024079209,25.286168043714053,29.832240067793265
adfe201,FCGIRtbServer,event_engine,84844,85064,event_engine:c2,2,2,18.611131134,249.246588188,600.000143872,3.101854445216662,41.5410880703343,44.642942515550956
adfe201,FCGIRtbServer,event_engine,84844,85068,event_engine:c3,3,3,26.168284943,144.978364012,600.000143872,4.361379778032615,24.16305487468828,28.5244346527209
adfe201,FCGIRtbServer,event_engine,84844,85069,event_engine:c4,4,4,16.809691933,276.767438442,600.000143872,2.801614650376828,46.127895346145735,48.92950999652256
adfe201,FCGIRtbServer,event_engine,84844,85070,event_engine:c5,5,5,15.943621485,287.967807694,600.000143872,2.6572696103221776,47.99462310719598,50.65189271751815
adfe201,FCGIRtbServer,fast-scheduler,84844,84942,fast-schedul:c0,0,0,25.774668604,361.763628793,600.000143872,4.2957770705966025,60.29392367448769,64.58970074508429
adfe201,FCGIRtbServer,fast-scheduler,84844,84943,fast-schedul:c1,1,1,26.655042794,225.806420812,600.000143872,4.442506067079612,37.63439444444067,42.07690051152028
adfe201,FCGIRtbServer,fast-scheduler,84844,84944,fast-schedul:c2,2,2,25.486325207,347.483574658,600.000143872,4.247719849286749,57.91391522268198,62.16163507196873
adfe201,FCGIRtbServer,fast-scheduler,84844,84945,fast-schedul:c3,3,3,27.474022491,229.596125878,600.000143872,4.579002650516218,38.26601180398725,42.84501445450346
adfe201,FCGIRtbServer,fast-scheduler,84844,84946,fast-schedul:c4,4,4,25.972948987,383.287666676,600.000143872,4.328823793172439,63.88126246145835,68.21008625463078
adfe201,FCGIRtbServer,fast-scheduler,84844,84947,fast-schedul:c5,5,5,25.495826721,393.135248969,600.000143872,4.249303434573694,65.52252578340529,69.77182921797898
adfe201,FCGIRtbServer,fast-scheduler,84844,84948,fast-schedul:c6,6,6,27.24292596,228.143136306,600.000143872,4.54048657125186,38.02384693338849,42.56433350464035
adfe201,FCGIRtbServer,fast-scheduler,84844,84949,fast-schedul:c7,7,7,25.807879447,386.638301718,600.000143872,4.30131220976935,64.43970150121878,68.74101371098813
adfe201,FCGIRtbServer,fast-scheduler,84844,84950,fast-schedul:c8,8,8,26.288565307,400.370635637,600.000143872,4.3814265005590105,66.72842327224714,71.10984977280616
adfe201,FCGIRtbServer,fast-scheduler,84844,84951,fast-schedul:c9,9,9,26.360306252,385.320565878,600.000143872,4.393383321858591,64.22007891388134,68.61346223573993
adfe201,FCGIRtbServer,fcgi-accept,84844,85474,fcgi-accept:c39,39,39,91.39694793,352.564767782,600.000143872,15.232821002372628,58.76078054028164,73.99360154265426
adfe201,FCGIRtbServer,fcgi-accept,84844,85476,fcgi-accept:c41,41,41,114.628515174,339.286264156,600.000143872,19.104747947936172,56.54769713328287,75.65244508121903
adfe201,FCGIRtbServer,fcgi-accept,84844,85478,fcgi-accept:c42,42,42,87.79796156,369.808945985,600.000143872,14.632990084537418,61.634809551627804,76.26779963616522
adfe201,FCGIRtbServer,fcgi-accept,84844,85479,fcgi-accept:c40,40,40,86.851596177,359.94044469,600.000143872,14.475262558525042,59.990059730183546,74.46532228870859
adfe201,FCGIRtbServer,fcgi-accept,84844,85483,fcgi-accept:c43,43,43,118.945505015,343.142719433,600.000143872,19.824246082243445,57.19043952532847,77.01468560757192
adfe201,FCGIRtbServer,fcgi-accept,84844,85486,fcgi-accept:c44,44,44,82.495694686,426.913848725,600.000143872,13.74927915077285,71.15229105946264,84.90157021023549
adfe201,FCGIRtbServer,fcgi-accept,84844,85487,fcgi-accept:c45,45,45,85.44930474,416.234853918,600.000143872,14.241547375066826,69.37245901840929,83.61400639347613
adfe201,FCGIRtbServer,fcgi-accept,84844,85495,fcgi-accept:c46,46,46,79.65955361,409.345576579,600.000143872,13.276589084784291,68.22424640390203,81.50083548868633
adfe201,FCGIRtbServer,fcgi-accept,84844,85518,fcgi-accept:c47,47,47,78.267687979,418.979398838,600.000143872,13.04461153524275,69.82988306205844,82.87449459730118
adfe201,FCGIRtbServer,fcgi-accept,84844,85557,fcgi-accept:c48,48,48,87.986335625,398.247514979,600.000143872,14.664385754509155,66.37456991409647,81.03895566860561
adfe201,FCGIRtbServer,fcgi-accept,84844,85611,fcgi-accept:c49,49,49,77.814887687,420.036389714,600.000143872,12.969144838005324,70.0060481658164,82.97519300382173
adfe201,FCGIRtbServer,fcgi-accept,84844,85618,fcgi-accept:c50,50,50,102.594935624,385.098908386,600.000143872,17.09915183718471,64.18313600740643,81.28228784459114
adfe201,FCGIRtbServer,fcgi-accept,84844,85621,fcgi-accept:c51,51,51,96.176377022,358.371035269,600.000143872,16.02939232669878,59.72849155607077,75.75788388276955
adfe201,FCGIRtbServer,fcgi-accept,84844,85711,fcgi-accept:c0,0,0,84.875851436,401.669985283,600.000143872,14.145971847317897,66.94498149465271,81.0909533419706
adfe201,FCGIRtbServer,fcgi-accept,84844,85713,fcgi-accept:c53,53,53,97.757307359,361.588582186,600.000143872,16.29288065301779,60.26474924698333,76.55762990000112
adfe201,FCGIRtbServer,fcgi-accept,84844,85715,fcgi-accept:c52,52,52,85.711506871,392.808092373,600.000143872,14.285247719754734,65.46799969714658,79.7532474169013
adfe201,FCGIRtbServer,grpc-asio-p,84844,85358,grpc-asio-p:c39,39,39,75.418411873,222.018330665,600.000143872,12.569732298112458,37.003046237996216,49.57277853610867
adfe201,FCGIRtbServer,grpc-asio-p,84844,85359,grpc-asio-p:c40,40,40,71.115995192,231.65824197,600.000143872,11.852663023222776,38.609697736909276,50.46236076013205
adfe201,FCGIRtbServer,grpc-asio-p,84844,85360,grpc-asio-p:c41,41,41,92.508137538,207.65806629,600.000143872,15.418019225964564,34.60966941606274,50.0276886420273
adfe201,FCGIRtbServer,grpc-asio-p,84844,85361,grpc-asio-p:c42,42,42,67.604527222,256.043303714,600.000143872,11.267418501889942,42.6738737197074,53.94129222159735
adfe201,FCGIRtbServer,grpc-asio-p,84844,85362,grpc-asio-p:c43,43,43,78.926334978,245.995028962,600.000143872,13.154386008753628,40.999161662614355,54.15354767136799
adfe201,FCGIRtbServer,grpc-asio-p,84844,85363,grpc-asio-p:c44,44,44,58.425039724,318.397017789,600.000143872,9.737504285742972,53.06615690694312,62.8036611926861
adfe201,FCGIRtbServer,grpc-asio-p,84844,85364,grpc-asio-p:c45,45,45,60.530028537,306.727919019,600.000143872,10.088335670451617,51.12130757829206,61.209643248743674
adfe201,FCGIRtbServer,grpc-asio-p,84844,85365,grpc-asio-p:c46,46,46,56.293651073,300.320085556,600.000143872,9.382272929089382,50.05333559054417,59.435608519633554
adfe201,FCGIRtbServer,grpc-asio-p,84844,85366,grpc-asio-p:c47,47,47,51.610333454,319.349875031,600.000143872,8.601720179755524,53.22496640919606,61.826686588951574
adfe201,FCGIRtbServer,grpc-asio-p,84844,85367,grpc-asio-p:c48,48,48,66.384619803,267.296866968,600.000143872,11.064100647476186,44.54946714563177,55.613567793107954
adfe201,FCGIRtbServer,grpc-common,84844,85342,grpc-common:c48,48,48,74.473713377,279.736253251,600.000143872,12.412282586533466,46.622697695665394,59.03498028219886
adfe201,FCGIRtbServer,grpc-common,84844,85343,grpc-common:c49,49,49,76.389225405,290.747838422,600.000143872,12.731534514647777,48.45796145076029,61.18949596540806
adfe201,FCGIRtbServer,grpc-common,84844,85344,grpc-common:c50,50,50,63.922071287,260.175628644,600.000143872,10.65367599322388,43.36259437622804,54.01627036945192
adfe201,FCGIRtbServer,grpc-common,84844,85345,grpc-common:c51,51,51,57.711527844,196.857098742,600.000143872,9.618585667591404,32.8095085897173,42.42809425730871
adfe201,FCGIRtbServer,grpc-common,84844,85346,grpc-common:c52,52,52,81.278427917,262.102499918,600.000143872,13.546401404586895,43.683739511555046,57.23014091614195
adfe201,FCGIRtbServer,grpc-common,84844,85347,grpc-common:c53,53,53,115.821116759,238.167684759,600.000143872,19.303514831107858,39.69460460826308,58.99811943937093
adfe201,FCGIRtbServer,grpc-common,84844,85348,grpc-common:c0,0,0,89.183092615,273.561524441,600.000143872,14.863845205014771,45.59357647410161,60.457421679116386
adfe201,FCGIRtbServer,grpc-common,84844,85349,grpc-common:c1,1,1,56.172741191,121.146159611,600.000143872,9.362121286921477,20.191021760295527,29.553143047217006
adfe201,FCGIRtbServer,grpc-common,84844,85350,grpc-common:c2,2,2,61.149560588,220.721686345,600.000143872,10.191590987525702,36.78693890314921,46.97852989067491
adfe201,FCGIRtbServer,grpc-common,84844,85351,grpc-common:c3,3,3,115.574356502,156.527809868,600.000143872,19.262388131469493,26.087962055787873,45.35035018725736
adfe201,FCGIRtbServer,grpc-common,84844,85352,grpc-common:c4,4,4,107.603380069,274.789871504,600.000143872,17.933892377858392,45.79830093551141,63.73219331336981
adfe201,FCGIRtbServer,grpc-common,84844,85353,grpc-common:c5,5,5,53.132742308,268.384248863,600.000143872,8.855454927913314,44.7306974180085,53.58615234592181
adfe201,FCGIRtbServer,grpc-common,84844,85354,grpc-common:c6,6,6,84.05273231,150.420246781,600.000143872,14.008785359213388,25.070035118706514,39.0788204779199
adfe201,FCGIRtbServer,grpc-common,84844,85355,grpc-common:c7,7,7,81.508602978,287.409901891,600.000143872,13.584763905554746,47.90163882899236,61.486402734547106
adfe201,FCGIRtbServer,grpc-common,84844,85356,grpc-common:c8,8,8,95.722968037,301.722923677,600.000143872,15.953824180652346,50.28714188798054,66.24096606863287
adfe201,FCGIRtbServer,grpc-common,84844,85357,grpc-common:c9,9,9,63.68512084,270.492162078,600.000143872,10.614184261526804,45.08201620293361,55.69620046446041
adfe201,FCGIRtbServer,grpc_global,84844,84968,grpc_global:c36,36,36,0.037597947,0.731387558,600.000143872,0.006266322997419296,0.12189789710384291,0.12816422010126222
adfe201,FCGIRtbServer,http-server,84844,85333,http-server:c45,45,45,0.0,0.0,600.000143872,0.0,0.0,0.0
adfe201,FCGIRtbServer,http-server,84844,85337,http-server:c46,46,46,0.0,0.0,600.000143872,0.0,0.0,0.0
adfe201,FCGIRtbServer,http-server,84844,85338,http-server:c47,47,47,0.0,0.0,600.000143872,0.0,0.0,0.0
adfe201,FCGIRtbServer,http-server,84844,85339,http-server:c48,48,48,9.0893e-05,0.002286429,600.000143872,1.5148829700845956e-05,0.00038107140862415716,0.00039622023832500315
adfe201,FCGIRtbServer,jemalloc_bg,84844,84935,jemalloc_bg:c45,45,45,7.36031475,2.522829444,600.000143872,1.2267188308491805,0.42047147317654704,1.6471903040257276
adfe201,FCGIRtbServer,jemalloc_bg,84844,84964,jemalloc_bg:c46,46,46,8.600267496,3.337854796,600.000143872,1.4333775722951698,0.556308999271186,1.9896865715663559
adfe201,FCGIRtbServer,jemalloc_bg,84844,84996,jemalloc_bg:c47,47,47,9.005543671,4.200295071,600.000143872,1.5009235852652032,0.7000490106375812,2.2009725959027846
adfe201,FCGIRtbServer,jemalloc_bg,84844,85006,jemalloc_bg:c48,48,48,7.494160357,2.474972655,600.000143872,1.2490264266667832,0.41249534358911655,1.6615217702559
adfe201,FCGIRtbServer,lifeguard,84844,85073,lifeguard:c10,10,10,0.031117974,0.954985305,600.000143872,0.005186327756387755,0.159164179334552,0.16435050709093973
adfe201,FCGIRtbServer,task-runner,84844,85340,task-runner:c41,41,41,0.007448578,0.024987251,600.000143872,0.0012414293689884564,0.004164540834731968,0.005405970203720425
adfe201,FCGIRtbServer,task-runner,84844,85453,task-runner:c42,42,42,0.003025964,0.065536915,600.000143872,0.0005043272124023922,0.010922816547520897,0.011427143759923288
adfe201,FCGIRtbServer,task-runner,84844,85456,task-runner:c44,44,44,43.143654337,114.742708208,600.000143872,7.1906073319549035,19.123780115705845,26.31438744766075
adfe201,FCGIRtbServer,task-runner,84844,85457,task-runner:c43,43,43,0.002821368,0.021504182,600.000143872,0.00047022788724562233,0.0035840294739308528,0.0040542573611764745
adfe201,FCGIRtbServer,task-runner,84844,85461,task-runner:c45,45,45,0.003281982,0.075112953,600.000143872,0.0005469968688374442,0.012518822498153283,0.013065819366990725
adfe201,FCGIRtbServer,task-runner,84844,85462,task-runner:c46,46,46,0.003010087,0.094170702,600.000143872,0.0005016810463702408,0.015695113236521115,0.016196794282891357
adfe201,FCGIRtbServer,task-runner,84844,85468,task-runner:c47,47,47,0.064968463,0.255149589,600.000143872,0.010828074570238759,0.04252492130309087,0.05335299587332963
adfe201,FCGIRtbServer,task-runner,84844,86133,task-runner:c48,48,48,0.062234997,0.137756349,600.000143872,0.010372497012813515,0.022959385994645365,0.03333188300745888
adfe201,FCGIRtbServer,task-runner,84844,86136,task-runner:c49,49,49,0.072140795,0.391652648,600.000143872,0.01202346295026723,0.06527542568115659,0.07729888863142383
adfe201,FCGITrackServer,bid-request,84835,85322,bid-request:c49,49,49,0.738754545,5.828879609,600.000143872,0.12312572797609211,0.9714797018854539,1.094605429861546
adfe201,FCGITrackServer,bid-request,84835,85324,bid-request:c58,58,58,0.610335334,2.375325766,600.000143872,0.10172253127495996,0.39588753273811483,0.4976100640130748
adfe201,FCGITrackServer,bid-request,84835,85325,bid-request:c34,34,34,0.617511143,1.457168595,600.000143872,0.10291849915484948,0.24286137426508062,0.3457798734199301
adfe201,FCGITrackServer,bid-request,84835,85328,bid-request:c70,70,70,0.572736801,2.152217399,600.000143872,0.09545611061089743,0.3587028138211813,0.4541589244320787
adfe201,FCGITrackServer,bid-request,84835,85329,bid-request:c43,43,43,0.825977089,4.12814248,600.000143872,0.1376628151569591,0.6880235816877854,0.8256863968447445
adfe201,FCGITrackServer,bid-request,84835,85331,bid-request:c40,40,40,0.791944409,3.585001274,600.000143872,0.13199070318372258,0.5975000690607835,0.729490772244506
adfe201,FCGITrackServer,bid-request,84835,85334,bid-request:c54,54,54,0.658755364,1.232709036,600.000143872,0.10979253433988083,0.20545145673548001,0.3152439910753609
adfe201,FCGITrackServer,bid-request,84835,85336,bid-request:c13,13,13,0.757779961,1.814558651,600.000143872,0.12629662988241877,0.3024263693155223,0.4287229991979411
adfe201,FCGITrackServer,bid-request,84835,85371,bid-request:c32,32,32,0.57610186,1.523910604,600.000143872,0.09601695364308141,0.2539850397644406,0.350001993407522
adfe201,FCGITrackServer,bid-request,84835,85372,bid-request:c7,7,7,0.835978998,7.564473308,600.000143872,0.1393297995905718,1.2607452490234325,1.4000750486140043
adfe201,FCGITrackServer,bid-request,84835,85374,bid-request:c61,61,61,0.600821021,1.905152718,600.000143872,0.10013681282186078,0.3175253768616483,0.4176621896835091
adfe201,FCGITrackServer,bid-request,84835,85376,bid-request:c55,55,55,0.584527279,3.757379036,600.000143872,0.0974211898063643,0.6262296891718035,0.7236508789781679
adfe201,FCGITrackServer,bid-request,84835,85377,bid-request:c10,10,10,0.816715559,3.447497116,600.000143872,0.13611922719375757,0.5745827148893927,0.7107019420831503
adfe201,FCGITrackServer,bid-request,84835,85379,bid-request:c29,29,29,0.588974301,2.907912846,600.000143872,0.09816235996197491,0.4846520247869065,0.5828143847488814
adfe201,FCGITrackServer,bid-request,84835,85381,bid-request:c3,3,3,0.782700332,2.684386322,600.000143872,0.1304500240531569,0.447397613053351,0.5778476371065079
adfe201,FCGITrackServer,bid-request,84835,85382,bid-request:c22,22,22,0.607644353,5.674867458,600.000143872,0.10127403454917017,0.9458110162071292,1.0470850507562994
adfe201,FCGITrackServer,bid-request,84835,85383,bid-request:c66,66,66,0.567623966,2.210849386,600.000143872,0.09460397164856232,0.3684748093113204,0.4630787809598827
adfe201,FCGITrackServer,bid-request,84835,85384,bid-request:c44,44,44,0.758963103,5.292539025,600.000143872,0.1264938201684685,0.8820896259866688,1.0085834461551373
adfe201,FCGITrackServer,bid-request,84835,85385,bid-request:c33,33,33,0.572472292,2.460307005,600.000143872,0.09541202578813504,0.41005106917522094,0.5054630949633561
adfe201,FCGITrackServer,bid-request,84835,85386,bid-request:c63,63,63,0.575434171,2.074127563,600.000143872,0.09590567216976523,0.3456878442753308,0.441593516445096
adfe201,FCGITrackServer,bid-request,84835,85387,bid-request:c48,48,48,0.734020487,4.200142512,600.000143872,0.12233671849861939,0.7000235841436782,0.8223603026422976
adfe201,FCGITrackServer,bid-request,84835,85388,bid-request:c17,17,17,0.781620779,4.182552974,600.000143872,0.13027009859630062,0.6970919951799674,0.827362093776268
adfe201,FCGITrackServer,bid-request,84835,85389,bid-request:c2,2,2,0.768312797,5.686999429,600.000143872,0.1280521021281466,0.9478330108889484,1.075885113017095
adfe201,FCGITrackServer,bid-request,84835,85390,bid-request:c0,0,0,0.749189483,5.601189652,600.000143872,0.12486488389239904,0.9335313848182877,1.0583962687106867
adfe201,FCGITrackServer,bid-request,84835,85391,bid-request:c6,6,6,0.752093797,2.60985083,600.000143872,0.1253489361096631,0.43497503403211984,0.5603239701417829
adfe201,FCGITrackServer,bid-request,84835,85392,bid-request:c45,45,45,0.734484133,5.389969638,600.000143872,0.12241399281342338,0.8983280575929095,1.020742050406333
adfe201,FCGITrackServer,bid-request,84835,85393,bid-request:c71,71,71,0.596183911,1.721353133,600.000143872,0.09936396134051359,0.2868921200404282,0.38625608138094175
adfe201,FCGITrackServer,bid-request,84835,85394,bid-request:c56,56,56,0.627227676,1.819473778,600.000143872,0.1045379209332004,0.3032455569524254,0.4077834778856258
adfe201,FCGITrackServer,bid-request,84835,85395,bid-request:c25,25,25,0.610986318,3.33726971,600.000143872,0.10183102858227709,0.5562114849612354,0.6580425135435125
adfe201,FCGITrackServer,bid-request,84835,85396,bid-request:c42,42,42,0.79011397,4.691794304,600.000143872,0.13168563009020837,0.7819655298284255,0.9136511599186339
adfe201,FCGITrackServer,bid-request,84835,85397,bid-request:c68,68,68,0.574067542,2.010204261,600.000143872,0.09567790072438177,0.33503396316332273,0.43071186388770455
adfe201,FCGITrackServer,bid-request,84835,85398,bid-request:c60,60,60,0.550330606,1.874379275,600.000143872,0.09172174567301501,0.31239647092482487,0.4041182165978399
adfe201,FCGITrackServer,bid-request,84835,85399,bid-request:c18,18,18,0.610223215,2.466661316,600.000143872,0.10170384477944074,0.41111012075460784,0.5128139655340486
adfe201,FCGITrackServer,bid-request,84835,85400,bid-request:c65,65,65,0.599186736,1.768325137,600.000143872,0.09986443205384071,0.2947207854965519,0.3945852175503926
adfe201,FCGITrackServer,bid-request,84835,85401,bid-request:c11,11,11,0.812919256,3.203572509,600.000143872,0.135486510178808,0.5339286234710351,0.6694151336498432
adfe201,FCGITrackServer,bid-request,84835,85402,bid-request:c5,5,5,0.801081736,7.057823116,600.000143872,0.1335135906518878,1.1763035706047544,1.3098171612566423
adfe201,FCGITrackServer,bid-request,84835,85403,bid-request:c4,4,4,0.789610421,7.001314779,600.000143872,0.1316017052769991,1.1668855166964116,1.2984872219734107
adfe201,FCGITrackServer,bid-request,84835,85404,bid-request:c19,19,19,0.586583027,3.217937408,600.000143872,0.09776381439087416,0.5363227727302834,0.6340865871211575
adfe201,FCGITrackServer,bid-request,84835,85405,bid-request:c31,31,31,0.575463303,1.996634897,600.000143872,0.09591052750193431,0.33277240303894806,0.4286829305408824
adfe201,FCGITrackServer,bid-request,84835,85406,bid-request:c35,35,35,0.619547051,1.261892097,600.000143872,0.10325781707348557,0.2103152990691955,0.313573116142681
adfe201,FCGITrackServer,bid-request,84835,85407,bid-request:c8,8,8,0.81266211,7.42864738,600.000143872,0.13544365252241805,1.2381075997849724,1.3735512523073903
adfe201,FCGITrackServer,bid-request,84835,85408,bid-request:c1,1,1,0.76306221,2.466874812,600.000143872,0.12717700450465003,0.41114570341274226,0.5383227079173922
adfe201,FCGITrackServer,bid-request,84835,85409,bid-request:c62,62,62,0.562434549,2.038199053,600.000143872,0.09373906902262111,0.3396997607111934,0.43343882973381453
adfe201,FCGITrackServer,bid-request,84835,85410,bid-request:c27,27,27,0.60008732,3.513366435,600.000143872,0.10001452935118273,0.5855609320902959,0.6855754614414786
adfe201,FCGITrackServer,bid-request,84835,85411,bid-request:c64,64,64,0.569640829,2.072952804,600.000143872,0.09494011540129287,0.3454920511556127,0.4404321665569056
adfe201,FCGITrackServer,bid-request,84835,85412,bid-request:c47,47,47,0.791182555,5.901031456,600.000143872,0.13186372754750297,0.9835050068352794,1.1153687343827825
adfe201,FCGITrackServer,bid-request,84835,85413,bid-request:c41,41,41,0.740664877,2.767569493,600.000143872,0.12344411656641344,0.46126147156231595,0.5847055881287293
adfe201,FCGITrackServer,bid-request,84835,85414,bid-request:c39,39,39,0.750412646,3.173359748,600.000143872,0.12506874434351603,0.5288931645118043,0.6539619088553204
adfe201,FCGITrackServer,bid-request,84835,85415,bid-request:c59,59,59,0.576833091,2.126930494,600.000143872,0.0961388254471915,0.3544883306650915,0.450627156112283
adfe201,FCGITrackServer,bid-request,84835,85416,bid-request:c23,23,23,0.58902841,3.631708943,600.000143872,0.09817137812647915,0.6052846786941378,0.703456056820617
adfe201,FCGITrackServer,bid-request,84835,85417,bid-request:c9,9,9,0.775753102,6.024481087,600.000143872,0.12929215266413235,1.0040799404016847,1.133372093065817
adfe201,FCGITrackServer,bid-request,84835,85418,bid-request:c20,20,20,0.583052829,3.544165179,600.000143872,0.0971754481986232,0.5906940548594416,0.6878695030580648
adfe201,FCGITrackServer,bid-request,84835,85419,bid-request:c24,24,24,0.586564828,3.117150737,600.000143872,0.09776078122493481,0.5195249982581658,0.6172857794831005
adfe201,FCGITrackServer,bid-request,84835,85420,bid-request:c36,36,36,0.776492452,3.84070129,600.000143872,0.12941537763458466,0.6401167281752101,0.7695321058097948
adfe201,FCGITrackServer,bid-request,84835,85421,bid-request:c69,69,69,0.583287296,1.892512987,600.000143872,0.09721452602258619,0.31541875553345466,0.41263328155604084
adfe201,FCGITrackServer,bid-request,84835,85422,bid-request:c28,28,28,0.581220974,3.689521604,600.000143872,0.09687013910516558,0.6149201198836876,0.7117902589888531
adfe201,FCGITrackServer,bid-request,84835,85423,bid-request:c50,50,50,0.774501374,5.356989504,600.000143872,0.12908353138082362,0.8928313699109419,1.0219149012917654
adfe201,FCGITrackServer,bid-request,84835,85424,bid-request:c26,26,26,0.604317783,2.775950557,600.000143872,0.10071960634878133,0.46265831522737144,0.5633779215761527
adfe201,FCGITrackServer,bid-request,84835,85425,bid-request:c15,15,15,0.805119342,2.35621209,600.000143872,0.1341865248238605,0.3927019208353154,0.5268884456591759
adfe201,FCGITrackServer,bid-request,84835,85426,bid-request:c38,38,38,0.769786961,4.668296093,600.000143872,0.12829779606923247,0.7780491622675182,0.9063469583367506
adfe201,FCGITrackServer,bid-request,84835,85427,bid-request:c51,51,51,0.729078094,4.261702917,600.000143872,0.12151298652947266,0.7102836491834513,0.8317966357129241
adfe201,FCGITrackServer,bid-request,84835,85428,bid-request:c30,30,30,0.600971056,3.755810674,600.000143872,0.10016181864919804,0.6259682955678156,0.7261301142170137
adfe201,FCGITrackServer,bid-request,84835,85429,bid-request:c14,14,14,0.796974723,4.178250113,600.000143872,0.1328290886493556,0.6963748518519288,0.8292039405012843
adfe201,FCGITrackServer,bid-request,84835,85430,bid-request:c37,37,37,0.759294779,3.666713789,600.000143872,0.1265490994885466,0.611118818295189,0.7376679177837355
adfe201,FCGIUserBindServer,bid-request,84824,85708,bid-request:c47,47,47,3.504650869,39.526730023,600.000143872,0.5841083381052753,6.587786757503239,7.171895095608514
adfe201,FCGIUserBindServer,bid-request,84824,85709,bid-request:c1,1,1,3.675581341,16.370065116,600.000143872,0.6125967432741356,2.728343531779599,3.3409402750537347
adfe201,FCGIUserBindServer,bid-request,84824,85714,bid-request:c71,71,71,3.249090855,11.632859704,600.000143872,0.5415150126519201,1.9388094857660028,2.480324498417923
adfe201,FCGIUserBindServer,bid-request,84824,85718,bid-request:c44,44,44,3.625821391,34.724746115,600.000143872,0.6043034202627638,5.787456298078479,6.391759718341243
adfe201,FCGIUserBindServer,bid-request,84824,85722,bid-request:c13,13,13,3.965630528,10.865829879,600.000143872,0.6609382628491504,1.8109712122532495,2.4719094751024002
adfe201,FCGIUserBindServer,bid-request,84824,85724,bid-request:c7,7,7,3.6806481,45.499193703,600.000143872,0.6134412029049787,7.5831971321504374,8.196638335055416
adfe201,FCGIUserBindServer,bid-request,84824,85725,bid-request:c15,15,15,4.033963624,16.354325481,600.000143872,0.6723271094515901,2.7257202599086248,3.3980473693602145
adfe201,FCGIUserBindServer,bid-request,84824,85726,bid-request:c10,10,10,3.975456374,22.446877968,600.000143872,0.662575903456466,3.7411454309232077,4.403721334379674
adfe201,FCGIUserBindServer,bid-request,84824,85727,bid-request:c23,23,23,3.146296467,16.222122754,600.000143872,0.5243826187600398,2.7036864773586986,3.228069096118738
adfe201,FCGIUserBindServer,bid-request,84824,85728,bid-request:c42,42,42,3.671271137,30.377402448,600.000143872,0.6118783761130571,5.062899193984278,5.674777570097335
adfe201,FCGIUserBindServer,bid-request,84824,85729,bid-request:c48,48,48,3.525113356,25.197745862,600.000143872,0.5875187517875036,4.19962330331966,4.7871420551071635
adfe201,FCGIUserBindServer,bid-request,84824,85730,bid-request:c46,46,46,3.519689011,33.985305045,600.000143872,0.5866146945042845,5.66421614929649,6.250830843800776
adfe201,FCGIUserBindServer,bid-request,84824,85731,bid-request:c56,56,56,3.171800816,7.395460171,600.000143872,0.5286333425741062,1.2325763996112804,1.7612097421853865
adfe201,FCGIUserBindServer,bid-request,84824,85732,bid-request:c27,27,27,3.117587569,15.429711036,600.000143872,0.5195978035740414,2.5716178893603185,3.0912156929343597
adfe201,FCGIUserBindServer,bid-request,84824,85733,bid-request:c4,4,4,3.700505893,45.168252744,600.000143872,0.61675083427804,7.528040318876306,8.144791153154346
adfe201,FCGIUserBindServer,bid-request,84824,85734,bid-request:c53,53,53,3.769885645,26.361030091,600.000143872,0.6283141235053173,4.393503961662996,5.021818085168314
adfe201,FCGIUserBindServer,bid-request,84824,85735,bid-request:c0,0,0,3.645405016,35.161254991,600.000143872,0.6075673569801153,5.860207759966982,6.467775116947097
adfe201,FCGIUserBindServer,bid-request,84824,85736,bid-request:c49,49,49,3.471439766,37.736662214,600.000143872,0.578573155599205,6.289442194208954,6.86801534980816
adfe201,FCGIUserBindServer,bid-request,84824,85737,bid-request:c51,51,51,3.482983388,27.888930437,600.000143872,0.5804970921378706,4.648153958267989,5.22865105040586
adfe201,FCGIUserBindServer,bid-request,84824,85738,bid-request:c19,19,19,3.287647038,16.692915088,600.000143872,0.5479410416110441,2.782151847543749,3.3300928891547934
adfe201,FCGIUserBindServer,bid-request,84824,85739,bid-request:c54,54,54,3.4308505,7.616898453,600.000143872,0.5718082795546653,1.2694827710949579,1.8412910506496232
adfe201,FCGIUserBindServer,bid-request,84824,85740,bid-request:c61,61,61,3.093101199,11.718030218,600.000143872,0.5155167428859586,1.953004568028878,2.4685213109148365
adfe201,FCGIUserBindServer,bid-request,84824,85741,bid-request:c57,57,57,3.078898087,9.4632875,600.000143872,0.5131495581202447,1.5772142051383964,2.090363763258641
adfe201,FCGIUserBindServer,bid-request,84824,85742,bid-request:c33,33,33,3.343112661,14.28632493,600.000143872,0.5571853098943919,2.3810535840550977,2.9382388939494897
adfe201,FCGIUserBindServer,bid-request,84824,85743,bid-request:c62,62,62,3.040255011,13.447828454,600.000143872,0.5067090469979266,2.2413042048984693,2.7480132518963956
adfe201,FCGIUserBindServer,bid-request,84824,85744,bid-request:c63,63,63,3.120633713,12.338027533,600.000143872,0.5201054941189706,2.056337429084369,2.5764429232033392
adfe201,FCGIUserBindServer,bid-request,84824,85745,bid-request:c52,52,52,3.595439093,33.062691064,600.000143872,0.5992397051436419,5.510447189334903,6.109686894478545
adfe201,FCGIUserBindServer,bid-request,84824,85747,bid-request:c11,11,11,3.938415632,21.829594178,600.000143872,0.6564024479367784,3.638264823925939,4.294667271862717
adfe201,FCGIUserBindServer,bid-request,84824,85748,bid-request:c12,12,12,4.165219877,13.442030302,600.000143872,0.6942031463726749,2.240337846463522,2.934540992836197
adfe201,FCGIUserBindServer,bid-request,84824,85749,bid-request:c8,8,8,3.533274196,46.551069014,600.000143872,0.5888788914613602,7.758509641946168,8.347388533407528
adfe201,FCGIUserBindServer,bid-request,84824,85750,bid-request:c31,31,31,3.378681843,12.007952138,600.000143872,0.5631135054728895,2.0013248764423124,2.564438381915202
adfe201,FCGIUserBindServer,bid-request,84824,85751,bid-request:c5,5,5,3.610219627,47.431871971,600.000143872,0.6017031268862796,7.905310099578709,8.507013226464988
adfe201,FCGIUserBindServer,bid-request,84824,85752,bid-request:c35,35,35,3.31679243,7.125417373,600.000143872,0.5527986057795983,1.1875692774033881,1.7403678831829865
adfe201,FCGIUserBindServer,bid-request,84824,85753,bid-request:c40,40,40,3.826494171,22.478156734,600.000143872,0.637748875576323,3.746358557339836,4.384107432916159
adfe201,FCGIUserBindServer,bid-request,84824,85754,bid-request:c70,70,70,3.047599692,13.962252889,600.000143872,0.5079331602044006,2.3270415901731205,2.834974750377521
adfe201,FCGIUserBindServer,bid-request,84824,85755,bid-request:c30,30,30,3.240835056,14.931640296,600.000143872,0.5401390464818585,2.488606119265434,3.0287451657472926
adfe201,FCGIUserBindServer,bid-request,84824,85756,bid-request:c67,67,67,3.049727266,13.487790039,600.000143872,0.50828775578604,2.2479644674680936,2.7562522232541338
adfe201,FCGIUserBindServer,bid-request,84824,85757,bid-request:c36,36,36,3.99016503,25.100418408,600.000143872,0.6650273455353096,4.183402064875963,4.848429410411273
adfe201,FCGIUserBindServer,bid-request,84824,85758,bid-request:c39,39,39,3.895507021,21.62591771,600.000143872,0.6492510144849301,3.6043187540657535,4.253569768550683
adfe201,FCGIUserBindServer,bid-request,84824,85759,bid-request:c17,17,17,3.812880712,24.312270562,600.000143872,0.6354799662870438,4.052044122040513,4.687524088327557
adfe201,FCGIUserBindServer,bid-request,84824,85760,bid-request:c28,28,28,3.165409763,15.154210462,600.000143872,0.527568167329521,2.52570113803721,3.053269305366731
adfe201,FCGIUserBindServer,bid-request,84824,85761,bid-request:c9,9,9,3.6562367,39.910376655,600.000143872,0.6093726372138999,6.651727847504352,7.261100484718251
adfe201,FCGIUserBindServer,bid-request,84824,85762,bid-request:c59,59,59,3.017574398,12.987775968,600.000143872,0.5029289457376779,2.1646288089508734,2.667557754688551
adfe201,FCGIUserBindServer,bid-request,84824,85763,bid-request:c21,21,21,3.10683541,18.546446903,600.000143872,0.5178057775037453,3.0910737426350643,3.6088795201388093
adfe201,FCGIUserBindServer,bid-request,84824,85764,bid-request:c60,60,60,3.110133321,11.935797033,600.000143872,0.5183554292052794,1.9892990284926169,2.5076544576978965
adfe201,FCGIUserBindServer,bid-request,84824,85765,bid-request:c58,58,58,3.093098275,13.558407093,600.000143872,0.5155162555527422,2.2597339736459228,2.775250229198665
adfe201,FCGIUserBindServer,bid-request,84824,85766,bid-request:c26,26,26,3.168778626,13.087542798,600.000143872,0.528129644361553,2.1812566099637483,2.7093862543253016
adfe201,FCGIUserBindServer,bid-request,84824,85767,bid-request:c38,38,38,3.826205045,32.134091891,600.000143872,0.637700687921211,5.355680697612511,5.993381385533722
adfe201,FCGIUserBindServer,bid-request,84824,85768,bid-request:c55,55,55,3.182597454,23.603967887,600.000143872,0.5304327818092913,3.933993704514096,4.464426486323387
adfe201,FCGIUserBindServer,bid-request,84824,85769,bid-request:c66,66,66,3.111965585,12.959387793,600.000143872,0.5186608064653874,2.1598974475853905,2.678558254050778
adfe201,FCGIUserBindServer,bid-request,84824,85770,bid-request:c68,68,68,3.040733849,13.177379791,600.000143872,0.5067888533121235,2.19622943854013,2.703018291852254
adfe201,FCGIUserBindServer,bid-request,84824,85771,bid-request:c22,22,22,3.364789455,21.258872921,600.000143872,0.560798108028091,3.5431446372344912,4.103942745262582
adfe201,FCGIUserBindServer,bid-request,84824,85772,bid-request:c18,18,18,3.520776308,14.200667427,600.000143872,0.5867959106274979,2.366777336978352,2.9535732476058496
adfe201,FCGIUserBindServer,bid-request,84824,85773,bid-request:c25,25,25,3.372553642,15.35542163,600.000143872,0.5620921388844663,2.559236324662586,3.121328463547052
adfe201,FCGIUserBindServer,bid-request,84824,85774,bid-request:c14,14,14,3.921144108,27.253334446,600.000143872,0.6535238612936917,4.542221318502557,5.195745179796249
adfe201,FCGIUserBindServer,bid-request,84824,85775,bid-request:c50,50,50,3.448827061,34.474863668,600.000143872,0.5748043723362423,5.74580923356489,6.320613605901132
adfe201,FCGIUserBindServer,bid-request,84824,85776,bid-request:c6,6,6,3.841892522,17.449078655,600.000143872,0.6403152667942699,2.908179078490766,3.548494345285036
adfe201,FCGIUserBindServer,bid-request,84824,85777,bid-request:c29,29,29,3.33681108,10.317609349,600.000143872,0.5561350466462309,1.71960114582924,2.275736192475471
adfe201,FCGIUserBindServer,bid-request,84824,85778,bid-request:c65,65,65,3.12123235,11.071375649,600.000143872,0.5202052669283798,1.8452288323720625,2.365434099300442
adfe201,FCGIUserBindServer,bid-request,84824,85779,bid-request:c16,16,16,3.905206932,25.246407073,600.000143872,0.650867665930612,4.207733503208276,4.858601169138888
adfe201,FCGIUserBindServer,bid-request,84824,85780,bid-request:c37,37,37,3.817857889,26.011683272,600.000143872,0.6363094955881338,4.335279505791112,4.971589001379245
adfe201,FCGIUserBindServer,bid-request,84824,85781,bid-request:c69,69,69,3.127923565,11.284272412,600.000143872,0.5213204691609691,1.8807116176970968,2.402032086858066
adfe201,FCGIUserBindServer,bid-request,84824,85782,bid-request:c24,24,24,3.208145293,14.336248572,600.000143872,0.534690753954953,2.389374189059928,2.924064943014881
adfe201,FCGIUserBindServer,bid-request,84824,85783,bid-request:c34,34,34,3.25733794,7.984850498,600.000143872,0.5428895264889967,1.3308080972232956,1.8736976237122924
adfe201,UserBindServer,event_engine,93343,93454,event_engin:c41,41,41,9.608606934,120.240082298,600.000143872,1.601434104997454,20.040008911006396,21.64144301600385
adfe201,UserBindServer,event_engine,93343,93456,event_engin:c42,42,42,8.173971437,172.285925418,600.000143872,1.3623282461651842,28.714314017690356,30.07664226385554
adfe201,UserBindServer,event_engine,93343,93457,event_engin:c44,44,44,8.043057236,208.199960036,600.000143872,1.3405092178970963,34.69998501873959,36.04049423663669
adfe201,UserBindServer,event_engine,93343,93458,event_engin:c43,43,43,9.101076173,162.786259883,600.000143872,1.5168456651139675,27.131036808172453,28.647882473286423
adfe201,UserBindServer,event_engine,93343,93459,event_engin:c45,45,45,8.232687151,197.137374803,600.000143872,1.3721141961519774,32.85622125534956,34.228335451501536
adfe201,UserBindServer,event_engine,93343,93460,event_engin:c46,46,46,7.218576973,173.601316597,600.000143872,1.2030958736803175,28.933545828288157,30.136641701968475
adfe201,UserBindServer,event_engine,93343,93462,event_engin:c47,47,47,7.249515335,213.004112969,600.000143872,1.20825226611055,35.500676982244336,36.708929248354885
adfe201,UserBindServer,event_engine,93343,93464,event_engin:c48,48,48,8.018582762,148.343766238,600.000143872,1.3364301398752048,24.723955111191884,26.060385251067085
adfe201,UserBindServer,event_engine,93343,93467,event_engin:c49,49,49,7.595276918,221.336859993,600.000143872,1.2658791827923837,36.889467819897476,38.15534700268986
adfe201,UserBindServer,event_engine,93343,93470,event_engin:c50,50,50,8.310356996,215.092613935,600.000143872,1.3850591672146124,35.84876039311191,37.23381956032652
adfe201,UserBindServer,event_engine,93343,93473,event_engin:c51,51,51,7.969621446,161.924113189,600.000143872,1.3282699224985828,26.987345726960992,28.315615649459573
adfe201,UserBindServer,event_engine,93343,93476,event_engin:c52,52,52,8.707132985,209.072723133,600.000143872,1.4511884828576844,34.84544550002678,36.29663398288446
adfe201,UserBindServer,event_engine,93343,93478,event_engin:c53,53,53,9.054769177,161.671092861,600.000143872,1.5091278342979337,26.94517568240614,28.454303516704073
adfe201,UserBindServer,event_engine,93343,93480,event_engine:c0,0,0,7.79002531,193.627098467,600.000143872,1.2983372403427076,32.27117533963577,33.56951257997848
adfe201,UserBindServer,event_engine,93343,93481,event_engine:c1,1,1,10.38097908,110.021410951,600.000143872,1.7301627651300377,18.336897428223157,20.067060193353193
adfe201,UserBindServer,event_engine,93343,93482,event_engine:c2,2,2,7.822274817,201.889044785,600.000143872,1.3037121568872077,33.64816606245175,34.95187821933896
adfe201,UserBindServer,fast-scheduler,93343,93396,fast-schedu:c50,50,50,42.23417849,308.106723742,600.000143872,7.039028060468258,51.35110831035558,58.39013637082383
adfe201,UserBindServer,grpc-server,93343,93540,grpc-server:c39,39,39,11.205461453,73.966617186,600.000143872,1.867576461013399,12.327766574965946,14.195343035979343
adfe201,UserBindServer,grpc-server,93343,93541,grpc-server:c40,40,40,11.945642307,81.320288928,600.000143872,1.9909399070991562,13.55337823808061,15.544318145179767
adfe201,UserBindServer,grpc-server,93343,93547,grpc-server:c41,41,41,10.738117047,59.889708811,600.000143872,1.7896857453572208,9.9816157417083,11.77130148706552
adfe201,UserBindServer,grpc-server,93343,93548,grpc-server:c42,42,42,11.825925868,101.406542037,600.000143872,1.9709871720502226,16.901086286844855,18.872073458895077
adfe201,UserBindServer,grpc-server,93343,93553,grpc-server:c43,43,43,10.88407366,76.687053321,600.000143872,1.8140118416908138,12.781172488745252,14.595184330436068
adfe201,UserBindServer,grpc-server,93343,93560,grpc-server:c44,44,44,12.040773659,117.907435937,600.000143872,2.006795128630619,19.65123461072929,21.65802973935991
adfe201,UserBindServer,grpc-server,93343,93561,grpc-server:c45,45,45,12.11230274,111.418285289,600.000143872,2.0187166392719993,18.56970976206453,20.58842640133653
adfe201,UserBindServer,grpc-server,93343,93562,grpc-server:c46,46,46,11.334981821,108.324298933,600.000143872,1.8891631838371907,18.05404549304728,19.94320867688447
adfe201,UserBindServer,grpc-server,93343,93563,grpc-server:c47,47,47,10.833880178,117.842080248,600.000143872,1.8056462633634347,19.64034199850786,21.445988261871296
adfe201,UserBindServer,grpc-server,93343,93564,grpc-server:c48,48,48,9.351979875,76.558744798,600.000143872,1.5586629387534094,12.759787740039696,14.318450678793107
adfe201,UserBindServer,grpc-server,93343,93565,grpc-server:c49,49,49,10.45921861,114.216890068,600.000143872,1.7432026836699057,19.036143780053205,20.77934646372311
adfe201,UserBindServer,grpc-server,93343,93566,grpc-server:c50,50,50,11.091722743,106.677643885,600.000143872,1.8486200138922355,17.779603050854917,19.628223064747154
adfe201,UserBindServer,grpc-server,93343,93567,grpc-server:c51,51,51,17.287818874,99.311913288,600.000143872,2.8813024547687554,16.55198157905551,19.433284033824265
adfe201,UserBindServer,grpc-server,93343,93568,grpc-server:c53,53,53,18.142806323,95.331331558,600.000143872,3.023800328766332,15.888551449803876,18.91235177857021
adfe201,UserBindServer,grpc-server,93343,93569,grpc-server:c52,52,52,20.484767118,132.119351291,600.000143872,3.414127034337859,22.019886601758124,25.43401363609598
adfe201,UserBindServer,grpc-server,93343,93581,grpc-server:c0,0,0,20.763172554,138.002892069,600.000143872,3.4605279292115427,23.00047649629241,26.461004425503955
adfe201,UserBindServer,grpc_global,93343,93446,grpc_global:c44,44,44,0.034538218,0.9513697,600.000143872,0.0057563682863663035,0.15856157864571427,0.16431794693208054
adfe201,UserBindServer,http-server,93343,93585,http-server:c5,5,5,0.0,0.0,600.000143872,0.0,0.0,0.0
adfe201,UserBindServer,http-server,93343,93587,http-server:c6,6,6,0.0,0.0,600.000143872,0.0,0.0,0.0
adfe201,UserBindServer,http-server,93343,93588,http-server:c7,7,7,9.7457e-05,0.001511165,600.000143872,1.6242829438519405e-05,0.00025186077294047813,0.00026810360237899754
adfe201,UserBindServer,http-server,93343,93601,http-server:c8,8,8,0.0,0.0,600.000143872,0.0,0.0,0.0
adfe201,UserBindServer,jemalloc_bg,93343,93370,jemalloc_bg:c13,13,13,0.645950373,0.060052549,600.000143872,0.1076583696849584,0.010008755766700484,0.11766712545165887
adfe201,UserBindServer,jemalloc_bg,93343,93404,jemalloc_bg:c14,14,14,0.564097359,0.163041366,600.000143872,0.09401620395616785,0.02717355448414395,0.1211897584403118
adfe201,UserBindServer,jemalloc_bg,93343,93425,jemalloc_bg:c15,15,15,0.645265894,0.102001568,600.000143872,0.10754428987897988,0.017000257256898313,0.12454454713587819
adfe201,UserBindServer,jemalloc_bg,93343,93435,jemalloc_bg:c16,16,16,0.631794865,0.130479016,600.000143872,0.10529911891734194,0.021746497452146532,0.12704561636948847
adfe201,UserBindServer,lifeguard,93343,93485,lifeguard:c53,53,53,0.037303232,1.297837404,600.000143872,0.0062172038425307476,0.21630618213266162,0.22252338597519233
adfe201,UserBindServer,rdb-batch,93343,93407,rdb-batch:c16,16,16,375.670158887,95.601641612,600.000143872,62.61167813438774,15.933603114667754,78.54528124905549
adfe201,UserBindServer,rdb-batch,93343,93408,rdb-batch:c36,36,36,377.763187193,91.983262235,600.000143872,62.96051610174104,15.330540029774241,78.29105613151529
adfe201,UserBindServer,rdb-batch,93343,93410,rdb-batch:c17,17,17,378.188075421,93.748542741,600.000143872,63.031330789427294,15.624753376892471,78.65608416631976
adfe201,UserBindServer,rdb-batch,93343,93416,rdb-batch:c37,37,37,380.818548554,93.846624323,600.000143872,63.46974287313525,15.641100303306029,79.11084317644128
adfe201,UserBindServer,rdb-batch,93343,93426,rdb-batch:c38,38,38,310.386113322,119.155014157,600.000143872,51.731006482594395,19.859164264203866,71.59017074679825
adfe201,UserBindServer,rdb-batch,93343,93429,rdb-batch:c39,39,39,153.393358657,321.013186892,600.000143872,25.565553645887775,53.50218498622274,79.06773863211052
adfe201,UserBindServer,rdb-batch,93343,93434,rdb-batch:c40,40,40,163.417845785,305.404147569,600.000143872,27.23630109993148,50.90067905619584,78.13698015612732
adfe201,UserBindServer,rdb-batch,93343,93440,rdb-batch:c41,41,41,197.479293625,304.77900722,600.000143872,32.9132077120183,50.796489023012555,83.70969673503085
adfe201,UserBindServer,rdb-batch,93343,93442,rdb-batch:c42,42,42,261.778247332,189.060367035,600.000143872,43.62969742684695,31.510053616809277,75.13975104365623
adfe201,UserBindServer,rdb-batch,93343,93443,rdb-batch:c43,43,43,292.492557882,196.581647373,600.000143872,48.748747957700225,32.76360003922556,81.51234799692578
adfe201,UserBindServer,rdb-batch,93343,93445,rdb-batch:c44,44,44,166.80956876,369.505468071,600.000143872,27.80158812688319,61.58422991142279,89.38581803830597
adfe201,UserBindServer,rdb-batch,93343,93447,rdb-batch:c45,45,45,177.772872335,350.940825561,600.000143872,29.628804951240955,58.49012356834824,88.11892851958919
adfe201,UserBindServer,rdb-batch,93343,93448,rdb-batch:c46,46,46,153.014700282,357.500715475,600.000143872,25.50244393185398,59.58343829185261,85.08588222370659
adfe201,UserBindServer,rdb-batch,93343,93450,rdb-batch:c47,47,47,149.730844291,362.972449576,600.000143872,24.95513473125809,60.49539375667785,85.45052848793594
adfe201,UserBindServer,rdb-batch,93343,93451,rdb-batch:c48,48,48,115.49375188,411.052622024,600.000143872,19.248954031024144,68.5087539098476,87.75770794087174
adfe201,UserBindServer,rdb-batch,93343,93453,rdb-batch:c49,49,49,145.869027357,370.247261109,600.000143872,24.311498729926758,61.70786205477745,86.01936078470422
adfe201,UserBindServer,task-runner,93343,93397,task-runner:c15,15,15,0.182965638,0.02117887,600.000143872,0.03049426568788168,0.0035298108202650963,0.034024076508146775
adfe201,UserBindServer,task-runner,93343,93605,task-runner:c15,"0-17,36-53",15,0.451151039,0.224480568,600.000143872,0.07519182180333703,0.03741341902876096,0.11260524083209798
adfe201,UserBindServer,task-runner,93343,95976,task-runner:c15,"0-17,36-53",15,0.003038193,0.00276944,600.000143872,0.0005063653785803338,0.00046157322265422883,0.0009679386012345627
adfe201,UserBindServer,task-runner,93343,95977,task-runner:c15,"0-17,36-53",15,0.0,0.0,600.000143872,0.0,0.0,0.0
adfe201,UserBindServer,task-runner,93343,95978,task-runner:c15,"0-17,36-53",15,0.0,0.0,600.000143872,0.0,0.0,0.0
adfe201,UserBindServer,task-runner,93343,95979,task-runner:c15,"0-17,36-53",15,0.0,0.0,600.000143872,0.0,0.0,0.0
adfe201,UserBindServer,task-runner,93343,95980,task-runner:c15,"0-17,36-53",15,0.0,0.0,600.000143872,0.0,0.0,0.0
adfe201,UserBindServer,task-runner,93343,95981,task-runner:c15,"0-17,36-53",15,0.0,0.0,600.000143872,0.0,0.0,0.0
adfe201,UserBindServer,task-runner,93343,95982,task-runner:c15,"0-17,36-53",15,0.0,0.0,600.000143872,0.0,0.0,0.0
adfe201,UserBindServer,task-runner,93343,95983,task-runner:c15,"0-17,36-53",15,0.0,0.0,600.000143872,0.0,0.0,0.0
adfe201,UserBindServer,task-runner,93343,95984,task-runner:c15,"0-17,36-53",15,0.0,0.0,600.000143872,0.0,0.0,0.0
adfe201,UserBindServer,task-runner,93343,95985,task-runner:c15,"0-17,36-53",15,0.0,0.0,600.000143872,0.0,0.0,0.0
adfe201,UserBindServer,task-runner,93343,95986,task-runner:c15,"0-17,36-53",15,0.0,0.0,600.000143872,0.0,0.0,0.0
adfe201,UserBindServer,ub-grpc-p,93343,93400,ub-grpc-p:c16,16,16,101.040828979,377.501408864,600.000143872,16.84013412512704,62.91688639070287,79.75702051582991
adfe201,UserBindServer,ub-grpc-p,93343,93402,ub-grpc-p:c17,17,17,104.385310958,377.13326326,600.000143872,17.397547654633374,62.855528804748936,80.25307645938231
adfe201,UserBindServer,ub-grpc-p,93343,93405,ub-grpc-p:c36,36,36,101.876989015,374.951378002,600.000143872,16.979494097710376,62.49188134894674,79.47137544665712
adfe201,UserBindServer,ub-grpc-p,93343,93406,ub-grpc-p:c37,37,37,102.309057015,375.275746335,600.000143872,17.051505413776354,62.54594272481688,79.59744813859324
adfe201,UserBindServer,ub-grpc-p,93343,93409,ub-grpc-p:c38,38,38,85.228543765,391.454950422,600.000143872,14.20475388805608,65.24247609272413,79.44722998078021
adfe201,UserBindServer,ub-grpc-p,93343,93419,ub-grpc-p:c39,39,39,104.330771242,367.195332751,600.000143872,17.388457704146354,61.19920745041271,78.58766515455906
adfe201,UserBindServer,ub-grpc-p,93343,93430,ub-grpc-p:c40,40,40,96.029496409,376.564179793,600.000143872,16.004912230402113,62.760681582992035,78.76559381339415
adfe201,UserBindServer,ub-grpc-p,93343,93436,ub-grpc-p:c41,41,41,120.252790161,365.415021877,600.000143872,20.0421268876652,60.902489042561825,80.94461593022703
adfe201,UserInfoManager,event_engine,93321,93388,event_engin:c56,56,56,9.208891464,39.122004132,600.000143872,1.534814875971857,6.520332458511215,8.055147334483072
adfe201,UserInfoManager,event_engine,93321,93390,event_engin:c57,57,57,9.455012302,40.592447851,600.000143872,1.5758350058024435,6.765406352912429,8.341241358714873
adfe201,UserInfoManager,event_engine,93321,93392,event_engin:c58,58,58,8.800381308,89.254027054,600.000143872,1.4667298662977344,14.875667608679917,16.342397474977652
adfe201,UserInfoManager,event_engine,93321,93393,event_engin:c59,59,59,8.643930472,86.215485005,600.000143872,1.4406547332168704,14.369244055280198,15.80989878849707
adfe201,UserInfoManager,event_engine,93321,93395,event_engin:c60,60,60,8.435158088,84.615521661,600.000143872,1.4058593442270073,14.102583561888496,15.508442906115505
adfe201,UserInfoManager,event_engine,93321,93398,event_engin:c61,61,61,8.087857147,75.298016295,600.000143872,1.3479758679400264,12.549666373257333,13.897642241197358
adfe201,UserInfoManager,event_engine,93321,93413,event_engin:c62,62,62,7.902403752,89.80709108,600.000143872,1.3170669761849,14.967844924243693,16.284911900428593
adfe201,UserInfoManager,event_engine,93321,93415,event_engin:c63,63,63,7.077079612,71.108847693,600.000143872,1.1795129858351796,11.851471773675089,13.030984759510266
adfe201,UserInfoManager,event_engine,93321,93417,event_engin:c64,64,64,8.168061277,84.755876848,600.000143872,1.3613432197347137,14.125976087445947,15.48731930718066
adfe201,UserInfoManager,event_engine,93321,93420,event_engin:c65,65,65,7.395022336,69.88470762,600.000143872,1.2325034271287783,11.647448477097155,12.879951904225933
adfe201,UserInfoManager,event_engine,93321,93421,event_engin:c67,67,67,5.99547439,74.949348491,600.000143872,0.999245492060921,12.491555086524977,13.4908005785859
adfe201,UserInfoManager,event_engine,93321,93422,event_engin:c69,69,69,7.592671981,78.994723222,600.000143872,1.2654450267298218,13.165784046687197,14.431229073417018
adfe201,UserInfoManager,event_engine,93321,93423,event_engin:c68,68,68,7.865482942,92.874430241,600.000143872,1.310913509327086,15.479067995159216,16.789981504486303
adfe201,UserInfoManager,event_engine,93321,93424,event_engin:c66,66,66,7.666397939,85.7151994,600.000143872,1.2777326834500722,14.285863141107164,15.563595824557236
adfe201,UserInfoManager,event_engine,93321,93427,event_engin:c70,70,70,8.229352885,101.902197547,600.000143872,1.3715584852852294,16.98369551870293,18.35525400398816
adfe201,UserInfoManager,event_engine,93321,93431,event_engin:c71,71,71,8.60265056,87.525314876,600.000143872,1.4337747495332653,14.587548981433589,16.021323730966856
adfe201,UserInfoManager,fast-scheduler,93321,93372,fast-schedu:c29,29,29,24.682208358,84.480578476,600.000143872,4.1137004065894915,14.08009303644809,18.193793443037585
adfe201,UserInfoManager,grpc-server,93321,93492,grpc-server:c59,59,59,7.186527088,50.078826629,600.000143872,1.197754227461173,8.34646910346133,9.544223330922502
adfe201,UserInfoManager,grpc-server,93321,93495,grpc-server:c60,60,60,6.991317124,47.801194916,600.000143872,1.1652192412626288,7.966863908985593,9.13208315024822
adfe201,UserInfoManager,grpc-server,93321,93499,grpc-server:c61,61,61,7.081045,45.553583021,600.000143872,1.180173883676705,7.592262016310132,8.772435899986837
adfe201,UserInfoManager,grpc-server,93321,93501,grpc-server:c62,62,62,7.289522252,54.929676952,600.000143872,1.214920084011696,9.15494396343317,10.369864047444867
adfe201,UserInfoManager,grpc-server,93321,93503,grpc-server:c63,63,63,12.383106322,62.859543749,600.000143872,2.063850558782821,10.476588112687192,12.54043867147001
adfe201,UserInfoManager,grpc-server,93321,93505,grpc-server:c64,64,64,12.193337829,62.790607107,600.000143872,2.0322224842001444,10.465098675108873,12.497321159309017
adfe201,UserInfoManager,grpc-server,93321,93506,grpc-server:c65,65,65,11.677027878,56.280674959,600.000143872,1.94617084633418,9.380110243941298,11.326281090275478
adfe201,UserInfoManager,grpc-server,93321,93507,grpc-server:c67,67,67,12.796397958,76.501400589,600.000143872,2.1327324815991875,12.75023037416476,14.882962855763946
adfe201,UserInfoManager,grpc-server,93321,93508,grpc-server:c18,18,18,9.006811225,58.040332725,600.000143872,1.5011348442145462,9.673386467950904,11.17452131216545
adfe201,UserInfoManager,grpc-server,93321,93509,grpc-server:c68,68,68,7.894111071,56.850763878,600.000143872,1.3156848630163123,9.475125040991351,10.790809904007663
adfe201,UserInfoManager,grpc-server,93321,93510,grpc-server:c69,69,69,7.96093664,49.772681927,600.000143872,1.3268224551789995,8.295444998696228,9.622267453875228
adfe201,UserInfoManager,grpc-server,93321,93511,grpc-server:c20,20,20,6.765478007,32.950324435,600.000143872,1.1275793974548283,5.4917194223255725,6.619298819780401
adfe201,UserInfoManager,grpc-server,93321,93512,grpc-server:c71,71,71,7.257131557,45.247290387,600.000143872,1.2095216361395054,7.541213256217611,8.750734892357116
adfe201,UserInfoManager,grpc-server,93321,93513,grpc-server:c70,70,70,7.60563769,54.650673425,600.000143872,1.2676059777116546,9.108443386750055,10.376049364461709
adfe201,UserInfoManager,grpc-server,93321,93514,grpc-server:c19,19,19,8.00226116,59.490426583,600.000143872,1.3337098735274884,9.915068719665388,11.248778593192878
adfe201,UserInfoManager,grpc-server,93321,93515,grpc-server:c66,66,66,6.9165369,45.688149506,600.000143872,1.1527558735845116,7.614689758432259,8.76744563201677
adfe201,UserInfoManager,grpc_global,93321,93386,grpc_global:c22,22,22,0.022130718,1.203900095,600.000143872,0.003688452115558362,0.2006499677201464,0.20433841983570478
adfe201,UserInfoManager,grpcpp_sync,93321,93455,grpcpp_sync:c26,26,26,0.002550959,0.04873693,600.000143872,0.0004251597313856985,0.008122819718922803,0.008547979450308501
adfe201,UserInfoManager,http-server,93321,93519,http-server:c28,28,28,0.0,0.0,600.000143872,0.0,0.0,0.0
adfe201,UserInfoManager,http-server,93321,93521,http-server:c29,29,29,0.0,0.0,600.000143872,0.0,0.0,0.0
adfe201,UserInfoManager,http-server,93321,93523,http-server:c30,30,30,0.0,0.0,600.000143872,0.0,0.0,0.0
adfe201,UserInfoManager,http-server,93321,93524,http-server:c31,31,31,3.4896e-05,0.0,600.000143872,5.815998605401081e-06,0.0,5.815998605401081e-06
adfe201,UserInfoManager,jemalloc_bg,93321,93371,jemalloc_bg:c20,20,20,2.471584676,1.243460083,600.000143872,0.41193068055784854,0.20724329747248718,0.6191739780303357
adfe201,UserInfoManager,jemalloc_bg,93321,93377,jemalloc_bg:c21,21,21,2.813971097,1.587623011,600.000143872,0.4689950703745687,0.26460377171821026,0.733598842092779
adfe201,UserInfoManager,jemalloc_bg,93321,93401,jemalloc_bg:c22,22,22,5.563824482,2.932246681,600.000143872,0.9273038579782322,0.4887076629810852,1.4160115209593174
adfe201,UserInfoManager,jemalloc_bg,93321,93411,jemalloc_bg:c23,23,23,3.608185367,1.131608907,600.000143872,0.6013640836342443,0.18860143927588954,0.7899655229101339
adfe201,UserInfoManager,lifeguard,93321,93437,lifeguard:c33,33,33,0.018152249,0.539138943,600.000143872,0.0030253741078889607,0.08985646895361683,0.09288184306150579
adfe201,UserInfoManager,rdb-batch,93321,95229,rdb-batch:c65,65,65,90.960211477,189.295337781,600.000143872,15.16003161099322,31.549215398418802,46.709247009412024
adfe201,UserInfoManager,rdb-batch,93321,95230,rdb-batch:c32,32,32,125.029516073,106.743945512,600.000143872,20.838247682099382,17.790653319371877,38.62890100147126
adfe201,UserInfoManager,rdb-batch,93321,95231,rdb-batch:c33,33,33,105.545933103,170.82979203,600.000143872,17.590984632416433,28.471625177883904,46.06260981030034
adfe201,UserInfoManager,rdb-batch,93321,95232,rdb-batch:c34,34,34,122.339392312,115.296746363,600.000143872,20.38989382944199,19.216119786064024,39.606013615506015
adfe201,UserInfoManager,rdb-batch,93321,95233,rdb-batch:c35,35,35,99.54606499,153.679611462,600.000143872,16.591006853364437,25.61326243528118,42.20426928864561
adfe201,UserInfoManager,rdb-batch,93321,95234,rdb-batch:c54,54,54,100.248707365,157.064968912,600.000143872,16.708113887783732,26.177488541653947,42.88560242943768
adfe201,UserInfoManager,rdb-batch,93321,95235,rdb-batch:c55,55,55,81.421272668,247.753855823,600.000143872,13.570208857378185,41.2922994024905,54.86250825986868
adfe201,UserInfoManager,rdb-batch,93321,95236,rdb-batch:c56,56,56,124.973773856,96.608855021,600.000143872,20.82895731482709,16.10147197591504,36.930429290742126
adfe201,UserInfoManager,rdb-batch,93321,95237,rdb-batch:c57,57,57,151.960336234,60.620603487,600.000143872,25.326716632657707,10.103431491831842,35.43014812448955
adfe201,UserInfoManager,rdb-batch,93321,95238,rdb-batch:c58,58,58,88.85119539,198.125253959,600.000143872,14.808529014112189,33.02086774186953,47.82939675598172
adfe201,UserInfoManager,rdb-batch,93321,95239,rdb-batch:c59,59,59,83.625561321,207.33253385,600.000143872,13.937590211451703,34.55541402240579,48.49300423385749
adfe201,UserInfoManager,rdb-batch,93321,95240,rdb-batch:c60,60,60,83.897918946,204.245354084,600.000143872,13.982983138067084,34.04088418478318,48.023867322850265
adfe201,UserInfoManager,rdb-batch,93321,95241,rdb-batch:c61,61,61,86.935304416,197.69255606,600.000143872,14.489213928346356,32.94875144266205,47.43796537100841
adfe201,UserInfoManager,rdb-batch,93321,95242,rdb-batch:c62,62,62,81.117969995,212.341567424,600.000143872,13.519658423999505,35.39025275122259,48.9099111752221
adfe201,UserInfoManager,rdb-batch,93321,95243,rdb-batch:c63,63,63,86.921256454,200.787667052,600.000143872,14.486872601907775,33.46460315096769,47.95147575287547
adfe201,UserInfoManager,rdb-batch,93321,95244,rdb-batch:c64,64,64,87.611187522,197.197768269,600.000143872,14.601861085668403,32.86628683060263,47.468147916271036
adfe201,UserInfoManager,task-runner,93321,93373,task-runner:c62,62,62,0.515832762,0.534012886,600.000143872,0.08597210638503518,0.08900212632514347,0.17497423271017865
adfe201,UserInfoManager,task-runner,93321,93539,task-runner:c62,"18-35,54-71",30,0.293698711,0.049883186,600.000143872,0.048949773429163665,0.008313862339779996,0.05726363576894366
adfe201,UserInfoManager,task-runner,93321,95260,task-runner:c62,"18-35,54-71",29,0.002285539,7.0136e-05,600.000143872,0.0003809230753263922,1.168933053038773e-05,0.00039261240585677996
adfe201,UserInfoManager,task-runner,93321,95261,task-runner:c62,"18-35,54-71",62,0.0,0.0,600.000143872,0.0,0.0,0.0
adfe201,UserInfoManager,task-runner,93321,95262,task-runner:c62,"18-35,54-71",62,0.0,0.0,600.000143872,0.0,0.0,0.0
adfe201,UserInfoManager,task-runner,93321,95263,task-runner:c62,"18-35,54-71",62,0.0,0.0,600.000143872,0.0,0.0,0.0
adfe201,UserInfoManager,task-runner,93321,95264,task-runner:c62,"18-35,54-71",62,0.0,0.0,600.000143872,0.0,0.0,0.0
adfe201,UserInfoManager,task-runner,93321,95265,task-runner:c62,"18-35,54-71",62,0.0,0.0,600.000143872,0.0,0.0,0.0
adfe201,UserInfoManager,task-runner,93321,95266,task-runner:c62,"18-35,54-71",62,0.0,0.0,600.000143872,0.0,0.0,0.0
adfe201,UserInfoManager,task-runner,93321,95267,task-runner:c62,"18-35,54-71",62,0.0,0.0,600.000143872,0.0,0.0,0.0
adfe201,UserInfoManager,task-runner,93321,95268,task-runner:c62,"18-35,54-71",62,0.0,0.0,600.000143872,0.0,0.0,0.0
adfe201,UserInfoManager,task-runner,93321,95269,task-runner:c62,"18-35,54-71",62,0.0,0.0,600.000143872,0.0,0.0,0.0
adfe201,UserInfoManager,task-runner,93321,95270,task-runner:c62,"18-35,54-71",62,0.0,0.0,600.000143872,0.0,0.0,0.0
adfe201,UserInfoManager,uim-grpc-p,93321,93375,uim-grpc-p:c66,66,66,111.11354583,192.497674445,600.000143872,18.518919864409934,32.082938047772565,50.6018579121825
adfe201,UserInfoManager,uim-grpc-p,93321,93376,uim-grpc-p:c67,67,67,152.315035474,185.985518579,600.000143872,25.385833158482352,30.99757899702719,56.383412155509546
adfe201,UserInfoManager,uim-grpc-p,93321,93378,uim-grpc-p:c68,68,68,121.74120326,199.890185791,600.000143872,20.290195678014946,33.31502297666836,53.605218654683306
adfe201,UserInfoManager,uim-grpc-p,93321,93379,uim-grpc-p:c69,69,69,112.98540985,189.783252614,600.000143872,18.830897126268614,31.630534517752896,50.461431644021516
adfe201,UserInfoManager,uim-grpc-p,93321,93380,uim-grpc-p:c70,70,70,161.426132538,173.430532811,600.000143872,26.904348971695843,28.9050818707801,55.80943084247594
adfe201,UserInfoManager,uim-grpc-p,93321,93381,uim-grpc-p:c21,21,21,149.513746305,131.213303856,600.000143872,24.918951742267623,21.868878732134466,46.78783047440209
adfe201,UserInfoManager,uim-grpc-p,93321,93382,uim-grpc-p:c18,18,18,122.835056493,185.655060474,600.000143872,20.472504506466386,30.94250265940043,51.41500716586681
adfe201,UserInfoManager,uim-grpc-p,93321,93383,uim-grpc-p:c19,19,19,166.865822598,172.846492827,600.000143872,27.810963764301704,28.807741896787597,56.618705661089294
adfe201,UserInfoManager,uim-grpc-p,93321,93384,uim-grpc-p:c20,20,20,214.238904912,51.436739263,600.000143872,35.70647559006324,8.57278782152645,44.27926341158969
adfe201,UserInfoManager,uim-grpc-p,93321,93385,uim-grpc-p:c71,71,71,139.824819579,175.359225398,600.000143872,23.304131008480105,29.22653055820099,52.530661566681104
